termino,tipo_concordancia,anadido_excluido,campana,grupo,palabra_clave,clics,impresiones,conversiones,coste_conv,ctr,cpc_medio,coste,impr_parte_sup_abs,impr_parte_sup
alquiler de carros bogota,Concordancia exacta,Añadido,Búsqueda,Bogota,alquiler de carros bogota,976,3.727,"39,03",14.551 COP,"26,19 %",582 COP,567.870 COP,"8,85 %","81,74 %"
alquiler de carros en barranquilla,Concordancia exacta,Añadido,Búsqueda,Barranquilla,alquiler de carros en barranquilla,293,944,"10,42",17.764 COP,"31,04 %",632 COP,185.056 COP,"26,96 %","93,32 %"
alquiler de carros ibague,Concordancia exacta,Añadido,Búsqueda,Ibague,alquiler de carros ibague,271,547,"13,11",8.899 COP,"49,54 %",430 COP,116.616 COP,"75,26 %","98,96 %"
alquiler de carros bucaramanga,Concordancia exacta (ligera variación),Nada,Búsqueda,Bucaramanga unica Airport,alquiler de carros en bucaramanga,257,795,"4,93",23.144 COP,"32,33 %",444 COP,114.093 COP,"24,45 %","92,32 %"
alquiler de carros en cartagena,Concordancia exacta,Añadido,Búsqueda,Cartagena unica Airport,alquiler de carros en cartagena,226,594,"9,85",19.856 COP,"38,05 %",866 COP,195.671 COP,"31,82 %","90,69 %"
alquiler de carros villavicencio,Concordancia exacta,Añadido,Búsqueda,Villavicencio,alquiler de carros villavicencio,187,415,"7,00",14.309 COP,"45,06 %",536 COP,100.165 COP,"54,40 %","97,07 %"
alquiler de carros manizales,Concordancia exacta,Añadido,Búsqueda,Manizales,alquiler de carros manizales,167,451,"7,06",10.017 COP,"37,03 %",424 COP,70.727 COP,"48,46 %","96,30 %"
alquiler de carros monteria,Concordancia exacta (ligera variación),Nada,Búsqueda,Monteria,alquiler de carros en monteria,162,436,"2,39",42.629 COP,"37,16 %",629 COP,101.828 COP,"39,33 %","96,95 %"
renta de carros bogota,Concordancia exacta (ligera variación),Añadido,Búsqueda,Bogota,alquiler de carros bogota,158,693,"9,54",12.643 COP,"22,80 %",763 COP,120.563 COP,"8,47 %","78,98 %"
alquiler de carros en neiva,Concordancia exacta,Añadido,Búsqueda,Neiva unica Airport,alquiler de carros en neiva,126,278,"2,62",24.651 COP,"45,32 %",513 COP,64.636 COP,"46,86 %","97,58 %"
alquiler de carros en cucuta,Concordancia exacta,Añadido,Búsqueda,Cucuta unica Airport,alquiler de carros en cucuta,121,285,"3,78",19.711 COP,"42,46 %",616 COP,74.516 COP,"33,96 %","94,34 %"
rentar carro bogota,Concordancia exacta (ligera variación),Añadido,Búsqueda,Bogota,alquiler de carros bogota,111,450,"3,12",31.552 COP,"24,67 %",887 COP,98.502 COP,"6,33 %","83,11 %"
alquiler de carros en medellin,Concordancia exacta,Añadido,Búsqueda,Medellin,alquiler de carros en medellin,98,612,"4,55",20.458 COP,"16,01 %",951 COP,93.174 COP,"2,34 %","56,40 %"
alquiler de carros en santa marta,Concordancia exacta (ligera variación),Nada,Búsqueda,Santa marta,alquiler de carros santa marta,98,362,"7,04",11.816 COP,"27,07 %",849 COP,83.201 COP,"17,21 %","84,74 %"
alquiler carro bogota,Concordancia exacta (ligera variación),Añadido,Búsqueda,Bogota,alquiler de carros bogota,87,452,"4,49",12.799 COP,"19,25 %",661 COP,57.468 COP,"5,57 %","73,67 %"
alquiler de carros valledupar,Concordancia exacta (ligera variación),Nada,Búsqueda,Valledupar unica Airport,alquiler de carros en valledupar,73,189,"2,18",21.754 COP,"38,62 %",650 COP,47.486 COP,"54,29 %","99,29 %"
alquilar carro en bogota,Concordancia exacta (ligera variación),Añadido,Búsqueda,Bogota,alquiler de carros bogota,69,311,"9,40",4.920 COP,"22,19 %",670 COP,46.224 COP,"4,29 %","77,14 %"
renta car bogota,Concordancia exacta (ligera variación),Añadido,Búsqueda,Bogota,alquiler de carros bogota,67,246,"2,56",17.944 COP,"27,24 %",686 COP,45.954 COP,"12,21 %","87,79 %"
alquiler de carros,Concordancia amplia,Añadido,Búsqueda,Bogota,alquiler de carros bogota,66,377,"1,00",46.368 COP,"17,51 %",703 COP,46.368 COP,"5,88 %","73,53 %"
alquila tu carro,Concordancia amplia,Nada,Búsqueda,Bogota,alquiler de carros bogota,59,108,"2,12",19.022 COP,"54,63 %",685 COP,40.392 COP,"86,90 %","98,81 %"
alquiler de vehiculos bogota,Concordancia exacta (ligera variación),Añadido,Búsqueda,Bogota,alquiler de carros bogota,58,200,"1,46",23.765 COP,"29,00 %",599 COP,34.733 COP,"8,38 %","83,23 %"
alquiler de carros cucuta,Concordancia exacta (ligera variación),Nada,Búsqueda,Cucuta unica Airport,alquiler de carros en cucuta,57,169,"5,31",7.443 COP,"33,73 %",693 COP,39.529 COP,"34,71 %","96,69 %"
alquiler de carros barranquilla,Concordancia exacta (ligera variación),Nada,Búsqueda,Barranquilla,alquiler de carros en barranquilla,57,248,"2,00",22.016 COP,"22,98 %",772 COP,44.031 COP,"10,65 %","82,87 %"
alquiler de carros cartagena,Concordancia exacta (ligera variación),Añadido,Búsqueda,Cartagena unica Airport,alquiler de carros en cartagena,54,220,"0,00",0 COP,"24,55 %",725 COP,39.130 COP,"10,44 %","89,01 %"
renta car,Concordancia amplia,Nada,Búsqueda,Bogota,alquiler de carros bogota,54,237,"0,00",0 COP,"22,78 %",782 COP,42.208 COP,"29,61 %","90,78 %"
alquiler carros bogota,Concordancia exacta (ligera variación),Añadido,Búsqueda,Bogota,alquiler de carros bogota,54,243,"2,00",20.670 COP,"22,22 %",766 COP,41.339 COP,"9,00 %","85,31 %"
alquiler de carros en armenia,Concordancia exacta,Añadido,Búsqueda,Armenia unica Airport,alquiler de carros en armenia,54,190,"0,50",103.312 COP,"28,42 %",957 COP,51.656 COP,"16,15 %","86,34 %"
rentacar bogota,Concordancia amplia,Añadido,Búsqueda,Bogota,alquiler de carros bogota,53,204,"0,00",0 COP,"25,98 %",695 COP,36.850 COP,"17,07 %","86,59 %"
alquiler de carros en monteria,Concordancia exacta,Añadido,Búsqueda,Monteria,alquiler de carros en monteria,51,125,"1,58",23.175 COP,"40,80 %",720 COP,36.705 COP,"34,00 %","94,00 %"
renta de carros en cartagena,Concordancia exacta (ligera variación),Añadido,Búsqueda,Cartagena unica Airport,alquiler de carros en cartagena,49,125,"0,50",79.249 COP,"39,20 %",809 COP,39.624 COP,"32,32 %","85,86 %"
rentacar,Concordancia amplia,Nada,Búsqueda,Bogota,alquiler de carros bogota,49,217,"3,00",11.434 COP,"22,58 %",700 COP,34.302 COP,"20,00 %","83,16 %"
alquiler de carro en bogota,Concordancia exacta (ligera variación),Añadido,Búsqueda,Bogota,alquiler de carros bogota,45,191,"1,17",33.045 COP,"23,56 %",860 COP,38.715 COP,"9,20 %","85,89 %"
rent a car bogota,Concordancia exacta (ligera variación),Añadido,Búsqueda,Bogota,alquiler de carros bogota,45,218,"1,46",25.532 COP,"20,64 %",831 COP,37.402 COP,"15,96 %","82,45 %"
renta de carros barranquilla,Concordancia exacta (ligera variación),Nada,Búsqueda,Barranquilla,alquiler de carros en barranquilla,44,181,"4,59",7.090 COP,"24,31 %",740 COP,32.567 COP,"19,05 %","81,63 %"
renta carros bogota,Concordancia exacta (ligera variación),Añadido,Búsqueda,Bogota,alquiler de carros bogota,43,192,"2,00",15.132 COP,"22,40 %",704 COP,30.263 COP,"7,56 %","80,81 %"
alquiler de carros en valledupar,Concordancia exacta,Añadido,Búsqueda,Valledupar unica Airport,alquiler de carros en valledupar,43,82,"0,00",0 COP,"52,44 %",621 COP,26.719 COP,"48,44 %","96,88 %"
alquiler carro santa marta,Concordancia exacta (ligera variación),Nada,Búsqueda,Santa marta,alquiler de carros santa marta,43,177,"4,26",8.846 COP,"24,29 %",877 COP,37.713 COP,"4,91 %","79,14 %"
alquiler de carros bogotá precios,Concordancia exacta (ligera variación),Añadido,Búsqueda,Bogota,alquiler de carros bogota,42,180,"0,00",0 COP,"23,33 %",480 COP,20.164 COP,"13,29 %","73,42 %"
alquiler de carros medellin,Concordancia exacta,Añadido,Búsqueda,Medellin,alquiler de carros medellin,41,246,"1,00",34.902 COP,"16,67 %",851 COP,34.902 COP,"4,50 %","49,55 %"
rent a car,Concordancia amplia,Nada,Búsqueda,Bogota,alquiler de carros bogota,39,283,"0,00",0 COP,"13,78 %",597 COP,23.285 COP,"9,02 %","81,56 %"
alquiler de carros en bogota,Concordancia exacta (ligera variación),Nada,Búsqueda,Bogota,alquiler de carros bogota,39,165,"2,00",14.562 COP,"23,64 %",747 COP,29.124 COP,"9,03 %","79,17 %"
alquiler de carros en villavicencio,Concordancia exacta,Añadido,Búsqueda,Villavicencio,alquiler de carros en villavicencio,39,69,"2,83",8.516 COP,"56,52 %",618 COP,24.088 COP,"36,84 %","98,25 %"
rent a car cartagena,Concordancia exacta (ligera variación),Nada,Búsqueda,Cartagena unica Airport,alquiler de carros en cartagena,38,128,"3,00",10.674 COP,"29,69 %",843 COP,32.022 COP,"29,00 %","88,00 %"
alquiler carro cartagena,Concordancia exacta (ligera variación),Añadido,Búsqueda,Cartagena unica Airport,alquiler de carros en cartagena,37,203,"2,34",11.955 COP,"18,23 %",755 COP,27.933 COP,"7,95 %","78,98 %"
alquiler de carros en bucaramanga,Concordancia exacta,Añadido,Búsqueda,Bucaramanga unica Airport,alquiler de carros en bucaramanga,37,102,"0,00",0 COP,"36,27 %",457 COP,16.908 COP,"26,09 %","92,39 %"
rentar carro barranquilla,Concordancia exacta (ligera variación),Nada,Búsqueda,Barranquilla,alquiler de carros en barranquilla,36,104,"3,00",13.750 COP,"34,62 %",1.146 COP,41.251 COP,"17,98 %","87,64 %"
alquiler carros monteria,Concordancia exacta (ligera variación),Nada,Búsqueda,Monteria,alquiler de carros en monteria,35,92,"3,00",10.720 COP,"38,04 %",919 COP,32.160 COP,"23,53 %","94,12 %"
alquiler carros bucaramanga,Concordancia exacta (ligera variación),Nada,Búsqueda,Bucaramanga unica Airport,alquiler de carros en bucaramanga,35,145,"0,00",0 COP,"24,14 %",592 COP,20.713 COP,"15,13 %","86,55 %"
alquiler de carros santa marta,Concordancia exacta,Añadido,Búsqueda,Santa marta,alquiler de carros santa marta,35,133,"6,58",4.469 COP,"26,32 %",841 COP,29.425 COP,"8,94 %","78,05 %"
alquiler de carro en cartagena,Concordancia exacta (ligera variación),Añadido,Búsqueda,Cartagena unica Airport,alquiler de carros en cartagena,34,132,"2,00",14.841 COP,"25,76 %",873 COP,29.682 COP,"21,70 %","88,68 %"
alquiler vehiculos bogota,Concordancia exacta (ligera variación),Nada,Búsqueda,Bogota,alquiler de carros bogota,34,149,"1,00",29.996 COP,"22,82 %",882 COP,29.996 COP,"12,61 %","75,63 %"
alquilatucarro,Concordancia amplia,Nada,Búsqueda,Bogota,alquiler de carros bogota,33,51,"1,56",13.780 COP,"64,71 %",649 COP,21.432 COP,"95,56 %","100,00 %"
alquiler de vehículos en bogotá,Concordancia exacta (ligera variación),Añadido,Búsqueda,Bogota,alquiler de carros bogota,33,95,"1,00",18.116 COP,"34,74 %",549 COP,18.116 COP,"8,75 %","73,75 %"
alquiler carros ibague,Concordancia exacta (ligera variación),Añadido,Búsqueda,Ibague,alquiler de carros ibague,33,87,"0,50",35.301 COP,"37,93 %",535 COP,17.650 COP,"66,67 %","96,83 %"
alquiler carro monteria,Concordancia exacta (ligera variación),Nada,Búsqueda,Monteria,alquiler de carros en monteria,33,114,"0,00",0 COP,"28,95 %",633 COP,20.887 COP,"16,67 %","93,75 %"
alquiler de carro en barranquilla,Concordancia exacta (ligera variación),Nada,Búsqueda,Barranquilla,alquiler de carros en barranquilla,33,149,"1,00",28.330 COP,"22,15 %",858 COP,28.330 COP,"15,70 %","87,60 %"
alquiler carros manizales,Concordancia exacta (ligera variación),Nada,Búsqueda,Manizales,alquiler de carros manizales,32,85,"1,96",8.249 COP,"37,65 %",505 COP,16.151 COP,"55,88 %","95,59 %"
alquiler de carros neiva,Concordancia exacta (ligera variación),Nada,Búsqueda,Neiva unica Airport,alquiler de carros en neiva,32,77,"2,43",7.277 COP,"41,56 %",552 COP,17.660 COP,"35,09 %","92,98 %"
alquiler carro barranquilla,Concordancia exacta (ligera variación),Nada,Búsqueda,Barranquilla,alquiler de carros en barranquilla,32,193,"2,00",14.268 COP,"16,58 %",892 COP,28.537 COP,"7,64 %","85,99 %"
renta de carros bucaramanga,Concordancia exacta (ligera variación),Nada,Búsqueda,Bucaramanga unica Airport,alquiler de carros en bucaramanga,32,110,"0,00",0 COP,"29,09 %",636 COP,20.340 COP,"20,21 %","82,98 %"
alquiler de carro monteria,Concordancia exacta (ligera variación),Nada,Búsqueda,Monteria,alquiler de carros en monteria,31,90,"0,00",0 COP,"34,44 %",749 COP,23.234 COP,"45,59 %","97,06 %"
renta car barranquilla,Concordancia exacta (ligera variación),Nada,Búsqueda,Barranquilla,alquiler de carros en barranquilla,31,124,"2,21",9.666 COP,"25,00 %",690 COP,21.376 COP,"25,49 %","88,24 %"
alquiler de carros en barranquilla económicos,Concordancia exacta (ligera variación),Nada,Búsqueda,Barranquilla,alquiler de carros en barranquilla,30,69,"0,00",0 COP,"43,48 %",722 COP,21.665 COP,"25,86 %","84,48 %"
alquiler de carro villavicencio,Concordancia exacta (ligera variación),Nada,Búsqueda,Villavicencio,alquiler de carros villavicencio,30,52,"1,20",13.101 COP,"57,69 %",523 COP,15.689 COP,"67,57 %","100,00 %"
rentar carro en cartagena,Concordancia exacta (ligera variación),Añadido,Búsqueda,Cartagena unica Airport,alquiler de carros en cartagena,29,105,"0,00",0 COP,"27,62 %",754 COP,21.865 COP,"18,68 %","90,11 %"
renta de carros ibague,Concordancia exacta (ligera variación),Nada,Búsqueda,Ibague,alquiler de carros ibague,29,61,"0,00",0 COP,"47,54 %",548 COP,15.906 COP,"72,09 %","100,00 %"
renta de carros santa marta,Concordancia exacta (ligera variación),Nada,Búsqueda,Santa marta,alquiler de carros santa marta,29,101,"1,36",20.050 COP,"28,71 %",938 COP,27.205 COP,"10,59 %","81,18 %"
alquiler de autos bogota,Concordancia exacta (ligera variación),Nada,Búsqueda,Bogota,alquiler de carros bogota,27,134,"0,00",0 COP,"20,15 %",626 COP,16.906 COP,"10,74 %","80,99 %"
alquiler carro manizales,Concordancia exacta (ligera variación),Nada,Búsqueda,Manizales,alquiler de carros manizales,27,66,"0,00",0 COP,"40,91 %",662 COP,17.872 COP,"48,98 %","97,96 %"
alquiler carros barranquilla,Concordancia exacta (ligera variación),Nada,Búsqueda,Barranquilla,alquiler de carros en barranquilla,27,114,"1,00",22.548 COP,"23,68 %",835 COP,22.548 COP,"11,88 %","80,20 %"
rent a car barranquilla,Concordancia exacta (ligera variación),Nada,Búsqueda,Barranquilla,alquiler de carros en barranquilla,27,119,"0,00",0 COP,"22,69 %",778 COP,20.999 COP,"17,71 %","83,33 %"
alquiler carro bucaramanga,Concordancia exacta (ligera variación),Nada,Búsqueda,Bucaramanga unica Airport,alquiler de carros en bucaramanga,27,102,"1,49",13.910 COP,"26,47 %",770 COP,20.780 COP,"7,69 %","82,42 %"
alquiler carros cucuta,Concordancia exacta (ligera variación),Nada,Búsqueda,Cucuta unica Airport,alquiler de carros en cucuta,26,61,"0,00",0 COP,"42,62 %",750 COP,19.493 COP,"55,81 %","100,00 %"
renta car monteria,Concordancia exacta (ligera variación),Nada,Búsqueda,Monteria,alquiler de carros en monteria,26,63,"0,00",0 COP,"41,27 %",632 COP,16.427 COP,"29,41 %","96,08 %"
renta de carros monteria,Concordancia exacta (ligera variación),Nada,Búsqueda,Monteria,alquiler de carros en monteria,26,63,"0,00",0 COP,"41,27 %",653 COP,16.973 COP,"41,30 %","97,83 %"
renta car cartagena,Concordancia exacta (ligera variación),Nada,Búsqueda,Cartagena unica Airport,alquiler de carros en cartagena,25,77,"1,00",24.088 COP,"32,47 %",964 COP,24.088 COP,"21,74 %","92,75 %"
rentar carro ibague,Concordancia exacta (ligera variación),Añadido,Búsqueda,Ibague,alquiler de carros ibague,25,57,"1,00",26.205 COP,"43,86 %",1.048 COP,26.205 COP,"64,29 %","100,00 %"
alquiler de carro barranquilla,Concordancia exacta (ligera variación),Nada,Búsqueda,Barranquilla,alquiler de carros en barranquilla,24,89,"0,00",0 COP,"26,97 %",650 COP,15.603 COP,"9,46 %","90,54 %"
alquiler de vehiculos ibague,Concordancia exacta (ligera variación),Nada,Búsqueda,Ibague,alquiler de carros ibague,23,39,"0,46",30.829 COP,"58,97 %",623 COP,14.328 COP,"60,71 %","100,00 %"
rent a car bucaramanga,Concordancia exacta (ligera variación),Nada,Búsqueda,Bucaramanga unica Airport,alquiler de carros en bucaramanga,23,90,"1,00",14.926 COP,"25,56 %",649 COP,14.926 COP,"16,88 %","87,01 %"
renta de carros villavicencio,Concordancia exacta (ligera variación),Nada,Búsqueda,Villavicencio,alquiler de carros villavicencio,23,43,"0,00",0 COP,"53,49 %",567 COP,13.046 COP,"65,71 %","100,00 %"
renta de carros manizales,Concordancia exacta (ligera variación),Nada,Búsqueda,Manizales,alquiler de carros manizales,22,43,"0,00",0 COP,"51,16 %",477 COP,10.503 COP,"50,00 %","100,00 %"
alquiler carro ibague,Concordancia exacta (ligera variación),Añadido,Búsqueda,Ibague,alquiler de carros ibague,22,56,"1,63",6.799 COP,"39,29 %",504 COP,11.094 COP,"67,44 %","93,02 %"
alquiler carro valledupar,Concordancia exacta (ligera variación),Nada,Búsqueda,Valledupar unica Airport,alquiler de carros en valledupar,22,48,"0,63",30.663 COP,"45,83 %",878 COP,19.311 COP,"35,00 %","97,50 %"
rentar carro manizales,Concordancia exacta (ligera variación),Nada,Búsqueda,Manizales,alquiler de carros manizales,21,42,"0,00",0 COP,"50,00 %",751 COP,15.766 COP,"62,07 %","100,00 %"
rent a car santa marta,Concordancia exacta (ligera variación),Nada,Búsqueda,Santa marta,alquiler de carros santa marta,21,105,"1,41",14.586 COP,"20,00 %",976 COP,20.499 COP,"10,75 %","78,49 %"
renta carros santa marta,Concordancia exacta (ligera variación),Nada,Búsqueda,Santa marta,alquiler de carros santa marta,21,66,"0,00",0 COP,"31,82 %",937 COP,19.679 COP,"12,28 %","84,21 %"
alquiler carro villavicencio,Concordancia exacta (ligera variación),Nada,Búsqueda,Villavicencio,alquiler de carros villavicencio,21,59,"1,00",17.098 COP,"35,59 %",814 COP,17.098 COP,"61,90 %","100,00 %"
alquiler de carro cartagena,Concordancia exacta (ligera variación),Añadido,Búsqueda,Cartagena unica Airport,alquiler de carros en cartagena,20,87,"0,00",0 COP,"22,99 %",535 COP,10.694 COP,"10,81 %","89,19 %"
alquiler de carros bogotá económicos,Concordancia de frase,Nada,Búsqueda,Bogota,alquiler de carros bogota,20,78,"0,00",0 COP,"25,64 %",664 COP,13.281 COP,"15,94 %","85,51 %"
alquiler de autos,Concordancia amplia,Nada,Búsqueda,Bogota,alquiler de carros bogota,20,70,"0,00",0 COP,"28,57 %",455 COP,9.091 COP,"8,20 %","81,97 %"
alquiler de carro en ibague,Concordancia exacta (ligera variación),Nada,Búsqueda,Ibague,alquiler de carros ibague,20,32,"1,00",11.769 COP,"62,50 %",588 COP,11.769 COP,"68,18 %","100,00 %"
alquiler carro cucuta,Concordancia exacta (ligera variación),Nada,Búsqueda,Cucuta unica Airport,alquiler de carros en cucuta,20,53,"0,00",0 COP,"37,74 %",465 COP,9.309 COP,"27,91 %","95,35 %"
alquiler de vehiculos bucaramanga,Concordancia exacta (ligera variación),Nada,Búsqueda,Bucaramanga unica Airport,alquiler de carros en bucaramanga,20,58,"0,00",0 COP,"34,48 %",553 COP,11.064 COP,"34,09 %","93,18 %"
alquiler carros villavicencio,Concordancia exacta (ligera variación),Nada,Búsqueda,Villavicencio,alquiler de carros villavicencio,20,51,"2,17",4.527 COP,"39,22 %",491 COP,9.814 COP,"55,26 %","97,37 %"
renta de carros medellin,Concordancia exacta (ligera variación),Nada,Búsqueda,Medellin,alquiler de carros en medellin,19,125,"1,00",19.565 COP,"15,20 %",1.030 COP,19.565 COP,"3,51 %","54,39 %"
alquiler de vehiculos,Concordancia amplia,Nada,Búsqueda,Bogota,alquiler de carros bogota,19,95,"0,00",0 COP,"20,00 %",650 COP,12.346 COP,"2,33 %","73,26 %"
alquiler carros medellin,Concordancia exacta,Añadido,Búsqueda,Medellin,alquiler carros medellin,19,118,"0,00",0 COP,"16,10 %",729 COP,13.856 COP,"1,87 %","50,47 %"
alquilar carro en barranquilla,Concordancia exacta (ligera variación),Nada,Búsqueda,Barranquilla,alquiler de carros en barranquilla,19,86,"1,00",13.499 COP,"22,09 %",710 COP,13.499 COP,"8,22 %","83,56 %"
rent car bogota,Concordancia exacta (ligera variación),Nada,Búsqueda,Bogota,alquiler de carros bogota,18,86,"3,00",5.253 COP,"20,93 %",876 COP,15.760 COP,"18,42 %","89,47 %"
rentar carros en bogota,Concordancia exacta (ligera variación),Añadido,Búsqueda,Bogota,alquiler de carros bogota,18,50,"2,96",4.333 COP,"36,00 %",711 COP,12.806 COP,"17,50 %","95,00 %"
alquiler de carros suba,Concordancia de frase (ligera variación),Nada,Búsqueda,Bogota,alquiler de carros bogota,18,59,"1,55",6.299 COP,"30,51 %",542 COP,9.754 COP,"8,16 %","81,63 %"
alquiler de carros en manizales,Concordancia exacta (ligera variación),Nada,Búsqueda,Manizales,alquiler de carros manizales,18,43,"0,00",0 COP,"41,86 %",445 COP,8.008 COP,"41,67 %","94,44 %"
renta carros manizales,Concordancia exacta (ligera variación),Nada,Búsqueda,Manizales,alquiler de carros manizales,18,32,"0,00",0 COP,"56,25 %",635 COP,11.429 COP,"51,85 %","100,00 %"
alquiler carros neiva,Concordancia exacta (ligera variación),Nada,Búsqueda,Neiva unica Airport,alquiler de carros en neiva,18,37,"0,00",0 COP,"48,65 %",471 COP,8.484 COP,"60,71 %","96,43 %"
alquiler de carro en monteria,Concordancia exacta (ligera variación),Nada,Búsqueda,Monteria,alquiler de carros en monteria,18,55,"1,43",12.186 COP,"32,73 %",968 COP,17.430 COP,"17,07 %","95,12 %"
alquiler de autos barranquilla,Concordancia exacta (ligera variación),Nada,Búsqueda,Barranquilla,alquiler de carros en barranquilla,18,69,"0,40",30.667 COP,"26,09 %",673 COP,12.119 COP,"12,28 %","92,98 %"
alquiler carros valledupar,Concordancia exacta (ligera variación),Nada,Búsqueda,Valledupar unica Airport,alquiler de carros en valledupar,18,28,"2,52",7.638 COP,"64,29 %",1.071 COP,19.269 COP,"54,55 %","95,45 %"
renta de carros cartagena,Concordancia exacta (ligera variación),Nada,Búsqueda,Cartagena unica Airport,alquiler de carros en cartagena,17,86,"1,00",18.166 COP,"19,77 %",1.069 COP,18.166 COP,"15,15 %","84,85 %"
alquiler de carro,Concordancia amplia,Nada,Búsqueda,Bogota,alquiler de carros bogota,17,143,"0,00",0 COP,"11,89 %",440 COP,7.484 COP,"5,38 %","67,69 %"
renta de carros,Concordancia amplia,Nada,Búsqueda,Bogota,alquiler de carros bogota,17,107,"0,00",0 COP,"15,89 %",894 COP,15.191 COP,"3,23 %","66,67 %"
rentar carro,Concordancia amplia,Nada,Búsqueda,Bogota,alquiler de carros bogota,17,100,"1,00",9.355 COP,"17,00 %",550 COP,9.355 COP,"2,25 %","77,53 %"
alquiler de carro bogota,Concordancia exacta (ligera variación),Nada,Búsqueda,Bogota,alquiler de carros bogota,17,97,"0,00",0 COP,"17,53 %",658 COP,11.194 COP,"3,41 %","77,27 %"
rent a car manizales,Concordancia exacta (ligera variación),Nada,Búsqueda,Manizales,alquiler de carros manizales,17,47,"1,83",4.006 COP,"36,17 %",432 COP,7.347 COP,"42,50 %","87,50 %"
renta car bucaramanga,Concordancia exacta (ligera variación),Nada,Búsqueda,Bucaramanga unica Airport,alquiler de carros en bucaramanga,17,83,"2,00",4.624 COP,"20,48 %",544 COP,9.248 COP,"27,69 %","80,00 %"
rentar carro bucaramanga,Concordancia exacta (ligera variación),Nada,Búsqueda,Bucaramanga unica Airport,alquiler de carros en bucaramanga,17,75,"1,46",12.224 COP,"22,67 %",1.051 COP,17.865 COP,"18,33 %","85,00 %"
alquiler de carro valledupar,Concordancia exacta (ligera variación),Nada,Búsqueda,Valledupar unica Airport,alquiler de carros en valledupar,17,40,"0,00",0 COP,"42,50 %",777 COP,13.216 COP,"40,63 %","90,63 %"
alquiler carros santa marta,Concordancia exacta (ligera variación),Nada,Búsqueda,Santa marta,alquiler de carros santa marta,17,72,"4,29",3.795 COP,"23,61 %",958 COP,16.288 COP,"5,97 %","82,09 %"
alquiler carros cartagena,Concordancia exacta (ligera variación),Nada,Búsqueda,Cartagena unica Airport,alquiler de carros en cartagena,16,79,"1,47",6.941 COP,"20,25 %",637 COP,10.190 COP,"9,21 %","86,84 %"
alquiler carro neiva,Concordancia exacta (ligera variación),Nada,Búsqueda,Neiva unica Airport,alquiler de carros en neiva,16,38,"1,00",12.061 COP,"42,11 %",754 COP,12.061 COP,"22,58 %","96,77 %"
renta car ibague,Concordancia exacta (ligera variación),Nada,Búsqueda,Ibague,alquiler de carros ibague,16,29,"0,00",0 COP,"55,17 %",498 COP,7.973 COP,"60,87 %","95,65 %"
alquiler de carros en cúcuta,Concordancia exacta (ligera variación),Nada,Búsqueda,Cucuta unica Airport,alquiler de carros en cucuta,16,32,"0,28",29.335 COP,"50,00 %",514 COP,8.227 COP,"48,00 %","100,00 %"
rentacar bucaramanga,Concordancia exacta (ligera variación),Nada,Búsqueda,Bucaramanga unica Airport,alquiler de carros en bucaramanga,16,62,"0,00",0 COP,"25,81 %",684 COP,10.938 COP,"36,36 %","90,91 %"
alquiler de carro en valledupar,Concordancia exacta (ligera variación),Nada,Búsqueda,Valledupar unica Airport,alquiler de carros en valledupar,16,31,"0,00",0 COP,"51,61 %",373 COP,5.972 COP,"25,00 %","100,00 %"
alquiler de vehiculos en cartagena,Concordancia exacta (ligera variación),Añadido,Búsqueda,Cartagena unica Airport,alquiler de carros en cartagena,15,65,"0,00",0 COP,"23,08 %",657 COP,9.857 COP,"12,00 %","90,00 %"
alquiler de carros bogotá,Concordancia exacta (ligera variación),Nada,Búsqueda,Bogota,alquiler de carros bogota,15,46,"0,00",0 COP,"32,61 %",446 COP,6.694 COP,"7,32 %","82,93 %"
renta de autos bogota,Concordancia exacta (ligera variación),Nada,Búsqueda,Bogota,alquiler de carros bogota,15,58,"0,00",0 COP,"25,86 %",723 COP,10.851 COP,"5,56 %","75,93 %"
renta de vehiculos bogota,Concordancia exacta (ligera variación),Nada,Búsqueda,Bogota,alquiler de carros bogota,15,56,"0,00",0 COP,"26,79 %",1.161 COP,17.420 COP,"13,04 %","69,57 %"
rentar carro en bogota,Concordancia exacta (ligera variación),Nada,Búsqueda,Bogota,alquiler de carros bogota,15,49,"1,00",10.895 COP,"30,61 %",726 COP,10.895 COP,"6,82 %","93,18 %"
alquiler de vehiculos manizales,Concordancia exacta (ligera variación),Nada,Búsqueda,Manizales,alquiler de carros manizales,15,26,"1,00",5.794 COP,"57,69 %",386 COP,5.794 COP,"42,11 %","100,00 %"
alquiler carros armenia,Concordancia exacta (ligera variación),Nada,Búsqueda,Armenia unica Airport,alquiler de carros en armenia,15,39,"0,68",14.636 COP,"38,46 %",663 COP,9.950 COP,"21,21 %","90,91 %"
alquiler de carros en ibague,Concordancia exacta (ligera variación),Añadido,Búsqueda,Ibague,alquiler de carros ibague,15,45,"2,00",3.050 COP,"33,33 %",407 COP,6.099 COP,"64,71 %","94,12 %"
alquiler de carros en ibagué,Concordancia exacta (ligera variación),Añadido,Búsqueda,Ibague,alquiler de carros ibague,15,25,"0,00",0 COP,"60,00 %",351 COP,5.258 COP,"68,42 %","100,00 %"
rentar carro monteria,Concordancia exacta (ligera variación),Nada,Búsqueda,Monteria,alquiler de carros en monteria,15,48,"2,00",4.535 COP,"31,25 %",605 COP,9.070 COP,"31,43 %","100,00 %"
rent a car,Concordancia amplia,Nada,Búsqueda,Barranquilla,alquiler de carros en barranquilla,15,67,"0,00",0 COP,"22,39 %",767 COP,11.511 COP,"6,78 %","93,22 %"
rent a car,Concordancia amplia,Nada,Búsqueda,Bucaramanga unica Airport,alquiler de carros en bucaramanga,15,47,"0,00",0 COP,"31,91 %",481 COP,7.222 COP,"14,63 %","100,00 %"
alquilar carro en bucaramanga,Concordancia exacta (ligera variación),Nada,Búsqueda,Bucaramanga unica Airport,alquiler de carros en bucaramanga,15,66,"1,00",8.900 COP,"22,73 %",593 COP,8.900 COP,"18,97 %","74,14 %"
alquiler de carro bucaramanga,Concordancia exacta (ligera variación),Nada,Búsqueda,Bucaramanga unica Airport,alquiler de carros en bucaramanga,15,66,"1,00",10.711 COP,"22,73 %",714 COP,10.711 COP,"11,11 %","88,89 %"
alquilar carro en santa marta,Concordancia exacta (ligera variación),Nada,Búsqueda,Santa marta,alquiler de carros santa marta,15,45,"4,45",2.896 COP,"33,33 %",859 COP,12.889 COP,"4,65 %","76,74 %"
alquiler de carro en santa marta,Concordancia exacta (ligera variación),Nada,Búsqueda,Santa marta,alquiler de carros santa marta,15,87,"2,00",5.866 COP,"17,24 %",782 COP,11.732 COP,"6,33 %","72,15 %"
alquiler carros villavicencio,Concordancia exacta (ligera variación),Nada,Búsqueda,Villavicencio,alquiler de carros en villavicencio,15,30,"0,00",0 COP,"50,00 %",339 COP,5.079 COP,"61,90 %","100,00 %"
alquiler de autos en cartagena,Concordancia exacta (ligera variación),Nada,Búsqueda,Cartagena unica Airport,alquiler de carros en cartagena,14,25,"0,64",17.670 COP,"56,00 %",808 COP,11.308 COP,"27,27 %","77,27 %"
rent car cartagena,Concordancia exacta (ligera variación),Nada,Búsqueda,Cartagena unica Airport,alquiler de carros en cartagena,14,43,"0,00",0 COP,"32,56 %",568 COP,7.950 COP,"28,21 %","74,36 %"
renta car medellin,Concordancia exacta (ligera variación),Nada,Búsqueda,Medellin,alquiler de carros en medellin,14,80,"0,00",0 COP,"17,50 %",859 COP,12.027 COP,"7,14 %","58,57 %"
alquiler autos bogota,Concordancia exacta (ligera variación),Nada,Búsqueda,Bogota,alquiler de carros bogota,14,62,"0,00",0 COP,"22,58 %",1.118 COP,15.648 COP,"10,00 %","80,00 %"
alquiler de carros en bogotá,Concordancia exacta (ligera variación),Añadido,Búsqueda,Bogota,alquiler de carros bogota,14,66,"0,00",0 COP,"21,21 %",487 COP,6.818 COP,"8,47 %","77,97 %"
arrendar carro bogota,Concordancia exacta (ligera variación),Nada,Búsqueda,Bogota,alquiler de carros bogota,14,47,"0,00",0 COP,"29,79 %",444 COP,6.212 COP,"10,81 %","86,49 %"
renta car neiva,Concordancia exacta (ligera variación),Nada,Búsqueda,Neiva unica Airport,alquiler de carros en neiva,14,48,"0,00",0 COP,"29,17 %",515 COP,7.206 COP,"45,71 %","100,00 %"
renta carros neiva,Concordancia exacta (ligera variación),Nada,Búsqueda,Neiva unica Airport,alquiler de carros en neiva,14,27,"1,00",10.174 COP,"51,85 %",727 COP,10.174 COP,"60,00 %","95,00 %"
renta de carros neiva,Concordancia exacta (ligera variación),Nada,Búsqueda,Neiva unica Airport,alquiler de carros en neiva,14,43,"0,00",0 COP,"32,56 %",1.005 COP,14.074 COP,"33,33 %","93,94 %"
rent a car armenia,Concordancia exacta (ligera variación),Añadido,Búsqueda,Armenia unica Airport,alquiler de carros en armenia,14,36,"1,57",8.184 COP,"38,89 %",920 COP,12.876 COP,"12,12 %","81,82 %"
alquiler de carro cucuta,Concordancia exacta (ligera variación),Nada,Búsqueda,Cucuta unica Airport,alquiler de carros en cucuta,14,33,"1,00",8.540 COP,"42,42 %",610 COP,8.540 COP,"51,85 %","96,30 %"
rentar carro en monteria,Concordancia exacta (ligera variación),Nada,Búsqueda,Monteria,alquiler de carros en monteria,14,40,"0,00",0 COP,"35,00 %",1.008 COP,14.118 COP,"21,88 %","90,63 %"
rentacar barranquilla,Concordancia exacta (ligera variación),Nada,Búsqueda,Barranquilla,alquiler de carros en barranquilla,14,44,"0,00",0 COP,"31,82 %",662 COP,9.266 COP,"29,73 %","91,89 %"
renta carros bucaramanga,Concordancia exacta (ligera variación),Nada,Búsqueda,Bucaramanga unica Airport,alquiler de carros en bucaramanga,14,42,"0,00",0 COP,"33,33 %",853 COP,11.940 COP,"20,59 %","85,29 %"
renta car valledupar,Concordancia exacta (ligera variación),Nada,Búsqueda,Valledupar unica Airport,alquiler de carros en valledupar,14,26,"0,00",0 COP,"53,85 %",966 COP,13.525 COP,"57,14 %","95,24 %"
alquilar carro en cartagena,Concordancia exacta (ligera variación),Nada,Búsqueda,Cartagena unica Airport,alquiler de carros en cartagena,13,63,"0,00",0 COP,"20,63 %",591 COP,7.686 COP,"6,00 %","96,00 %"
alquiler carro en cartagena,Concordancia exacta (ligera variación),Nada,Búsqueda,Cartagena unica Airport,alquiler de carros en cartagena,13,50,"0,79",15.571 COP,"26,00 %",947 COP,12.307 COP,"18,60 %","79,07 %"
alquiler carro medellin,Concordancia exacta (ligera variación),Nada,Búsqueda,Medellin,alquiler de carros en medellin,13,90,"0,00",0 COP,"14,44 %",918 COP,11.933 COP,"5,00 %","58,75 %"
alquiler carros,Concordancia amplia,Nada,Búsqueda,Bogota,alquiler de carros bogota,13,78,"0,00",0 COP,"16,67 %",645 COP,8.385 COP,"8,11 %","68,92 %"
alquiler de vehículo en bogotá,Concordancia exacta (ligera variación),Nada,Búsqueda,Bogota,alquiler de carros bogota,13,32,"1,00",10.165 COP,"40,63 %",782 COP,10.165 COP,"15,38 %","92,31 %"
carros en alquiler bogota,Concordancia exacta (ligera variación),Nada,Búsqueda,Bogota,alquiler de carros bogota,13,40,"0,00",0 COP,"32,50 %",427 COP,5.546 COP,"11,76 %","91,18 %"
rent car neiva,Concordancia exacta (ligera variación),Nada,Búsqueda,Neiva unica Airport,alquiler de carros en neiva,13,34,"2,00",3.915 COP,"38,24 %",602 COP,7.830 COP,"50,00 %","91,67 %"
alquiler de vehículos en bucaramanga,Concordancia exacta (ligera variación),Nada,Búsqueda,Bucaramanga unica Airport,alquiler de carros en bucaramanga,13,34,"0,00",0 COP,"38,24 %",698 COP,9.075 COP,"33,33 %","100,00 %"
rent a car valledupar,Concordancia exacta (ligera variación),Nada,Búsqueda,Valledupar unica Airport,alquiler de carros en valledupar,13,18,"2,50",3.237 COP,"72,22 %",623 COP,8.102 COP,"64,29 %","100,00 %"
alquiler de carro santa marta,Concordancia exacta (ligera variación),Nada,Búsqueda,Santa marta,alquiler de carros santa marta,13,59,"0,00",0 COP,"22,03 %",1.158 COP,15.052 COP,"12,96 %","88,89 %"
rentar carro santa marta,Concordancia exacta (ligera variación),Nada,Búsqueda,Santa marta,alquiler de carros santa marta,13,52,"0,00",0 COP,"25,00 %",1.097 COP,14.257 COP,"15,56 %","95,56 %"
alquiler de vehiculos villavicencio,Concordancia exacta (ligera variación),Nada,Búsqueda,Villavicencio,alquiler de carros villavicencio,13,39,"3,58",4.759 COP,"33,33 %",1.312 COP,17.050 COP,"51,85 %","100,00 %"
alquiler de vehículos en villavicencio,Concordancia exacta (ligera variación),Nada,Búsqueda,Villavicencio,alquiler de carros villavicencio,13,28,"0,00",0 COP,"46,43 %",921 COP,11.967 COP,"68,18 %","100,00 %"
renta car villavicencio,Concordancia exacta (ligera variación),Nada,Búsqueda,Villavicencio,alquiler de carros villavicencio,13,28,"2,00",4.250 COP,"46,43 %",654 COP,8.499 COP,"77,78 %","100,00 %"
renta carros cartagena,Concordancia exacta (ligera variación),Añadido,Búsqueda,Cartagena unica Airport,alquiler de carros en cartagena,12,79,"0,00",0 COP,"15,19 %",827 COP,9.923 COP,"19,12 %","92,65 %"
alquilar carro bogota,Concordancia exacta (ligera variación),Añadido,Búsqueda,Bogota,alquiler de carros bogota,12,41,"2,93",3.593 COP,"29,27 %",877 COP,10.528 COP,"0,00 %","82,35 %"
renta carros bogotá,Concordancia exacta (ligera variación),Nada,Búsqueda,Bogota,alquiler de carros bogota,12,43,"2,00",3.477 COP,"27,91 %",579 COP,6.953 COP,"8,57 %","77,14 %"
renta de carro bogota,Concordancia exacta (ligera variación),Nada,Búsqueda,Bogota,alquiler de carros bogota,12,51,"0,00",0 COP,"23,53 %",871 COP,10.457 COP,"0,00 %","75,00 %"
alquiler de carro manizales,Concordancia exacta (ligera variación),Nada,Búsqueda,Manizales,alquiler de carros manizales,12,28,"1,00",5.941 COP,"42,86 %",495 COP,5.941 COP,"45,00 %","100,00 %"
renta de carros en manizales,Concordancia exacta (ligera variación),Nada,Búsqueda,Manizales,alquiler de carros manizales,12,23,"1,00",10.801 COP,"52,17 %",900 COP,10.801 COP,"62,50 %","100,00 %"
rentar carro neiva,Concordancia exacta (ligera variación),Nada,Búsqueda,Neiva unica Airport,alquiler de carros en neiva,12,23,"0,00",0 COP,"52,17 %",472 COP,5.666 COP,"31,25 %","100,00 %"
alquiler de carros en armenia precios,Concordancia exacta (ligera variación),Nada,Búsqueda,Armenia unica Airport,alquiler de carros en armenia,12,28,"0,13",70.176 COP,"42,86 %",770 COP,9.244 COP,"18,18 %","86,36 %"
renta car medellin,Concordancia exacta (ligera variación),Nada,Búsqueda,Medellin,alquiler de carros medellin,12,39,"0,00",0 COP,"30,77 %",1.136 COP,13.631 COP,"12,90 %","64,52 %"
renta de carros medellin,Concordancia exacta (ligera variación),Nada,Búsqueda,Medellin,alquiler de carros medellin,12,65,"0,00",0 COP,"18,46 %",710 COP,8.517 COP,"3,39 %","57,63 %"
alquilar carro en ibague,Concordancia exacta (ligera variación),Nada,Búsqueda,Ibague,alquiler de carros ibague,12,34,"0,00",0 COP,"35,29 %",342 COP,4.102 COP,"38,46 %","96,15 %"
alquiler de carro en cucuta,Concordancia exacta (ligera variación),Nada,Búsqueda,Cucuta unica Airport,alquiler de carros en cucuta,12,57,"0,00",0 COP,"21,05 %",821 COP,9.850 COP,"35,90 %","82,05 %"
alquiler de vehiculos en cucuta,Concordancia exacta (ligera variación),Nada,Búsqueda,Cucuta unica Airport,alquiler de carros en cucuta,12,27,"0,67",8.960 COP,"44,44 %",498 COP,5.973 COP,"40,00 %","95,00 %"
renta de carros cucuta,Concordancia exacta (ligera variación),Nada,Búsqueda,Cucuta unica Airport,alquiler de carros en cucuta,12,22,"0,00",0 COP,"54,55 %",686 COP,8.238 COP,"23,81 %","100,00 %"
alquiler vehiculo monteria,Concordancia exacta (ligera variación),Nada,Búsqueda,Monteria,alquiler de carros en monteria,12,23,"0,00",0 COP,"52,17 %",891 COP,10.692 COP,"5,00 %","95,00 %"
alquiler vehiculos monteria,Concordancia exacta (ligera variación),Nada,Búsqueda,Monteria,alquiler de carros en monteria,12,23,"1,00",4.558 COP,"52,17 %",380 COP,4.558 COP,"18,18 %","86,36 %"
rentacar monteria,Concordancia exacta (ligera variación),Nada,Búsqueda,Monteria,alquiler de carros en monteria,12,35,"3,00",3.654 COP,"34,29 %",913 COP,10.961 COP,"24,00 %","96,00 %"
renta carros barranquilla,Concordancia exacta (ligera variación),Nada,Búsqueda,Barranquilla,alquiler de carros en barranquilla,12,54,"3,85",3.088 COP,"22,22 %",991 COP,11.896 COP,"9,09 %","79,55 %"
alquiler de autos bucaramanga,Concordancia exacta (ligera variación),Nada,Búsqueda,Bucaramanga unica Airport,alquiler de carros en bucaramanga,12,40,"8,00",745 COP,"30,00 %",497 COP,5.961 COP,"30,00 %","90,00 %"
rentacar santa marta,Concordancia exacta (ligera variación),Nada,Búsqueda,Santa marta,alquiler de carros santa marta,12,32,"0,00",0 COP,"37,50 %",946 COP,11.352 COP,"26,92 %","76,92 %"
alquiler carro villavicencio,Concordancia exacta (ligera variación),Nada,Búsqueda,Villavicencio,alquiler de carros en villavicencio,12,24,"1,00",5.666 COP,"50,00 %",472 COP,5.666 COP,"61,11 %","100,00 %"
alquila tu carro com,Concordancia amplia,Nada,Búsqueda,Bogota,alquiler de carros bogota,11,18,"0,00",0 COP,"61,11 %",592 COP,6.508 COP,"100,00 %","100,00 %"
alquilatucarro com,Concordancia amplia,Nada,Búsqueda,Bogota,alquiler de carros bogota,11,13,"2,00",2.093 COP,"84,62 %",380 COP,4.185 COP,"100,00 %","100,00 %"
alquiler de carros en bogota por dias,Concordancia exacta (ligera variación),Nada,Búsqueda,Bogota,alquiler de carros bogota,11,27,"0,00",0 COP,"40,74 %",546 COP,6.006 COP,"9,52 %","95,24 %"
alquiler de vehiculos en bogota,Concordancia exacta (ligera variación),Nada,Búsqueda,Bogota,alquiler de carros bogota,11,36,"0,00",0 COP,"30,56 %",908 COP,9.989 COP,"0,00 %","75,00 %"
renta de carros bogotá,Concordancia exacta (ligera variación),Nada,Búsqueda,Bogota,alquiler de carros bogota,11,25,"0,00",0 COP,"44,00 %",357 COP,3.922 COP,"4,17 %","66,67 %"
renta de carros en bogota,Concordancia exacta (ligera variación),Nada,Búsqueda,Bogota,alquiler de carros bogota,11,38,"1,00",9.348 COP,"28,95 %",850 COP,9.348 COP,"8,82 %","91,18 %"
alquiler de camionetas bogota,Concordancia de frase (ligera variación),Añadido,Búsqueda,Bogota,alquiler de carros bogota,11,35,"0,00",0 COP,"31,43 %",339 COP,3.730 COP,"3,33 %","70,00 %"
rentacar manizales,Concordancia exacta (ligera variación),Nada,Búsqueda,Manizales,alquiler de carros manizales,11,25,"0,00",0 COP,"44,00 %",519 COP,5.709 COP,"72,22 %","94,44 %"
rent a car neiva,Concordancia exacta (ligera variación),Nada,Búsqueda,Neiva unica Airport,alquiler de carros en neiva,11,30,"0,99",8.305 COP,"36,67 %",747 COP,8.216 COP,"31,82 %","90,91 %"
alquiler carro armenia,Concordancia exacta (ligera variación),Añadido,Búsqueda,Armenia unica Airport,alquiler de carros en armenia,11,45,"1,00",7.477 COP,"24,44 %",680 COP,7.477 COP,"5,13 %","87,18 %"
alquiler de carros armenia,Concordancia exacta (ligera variación),Añadido,Búsqueda,Armenia unica Airport,alquiler de carros en armenia,11,53,"0,00",0 COP,"20,75 %",601 COP,6.611 COP,"6,98 %","90,70 %"
renta carros ibague,Concordancia exacta (ligera variación),Nada,Búsqueda,Ibague,alquiler de carros ibague,11,23,"0,00",0 COP,"47,83 %",378 COP,4.160 COP,"57,89 %","100,00 %"
renta car cucuta,Concordancia exacta (ligera variación),Nada,Búsqueda,Cucuta unica Airport,alquiler de carros en cucuta,11,19,"0,00",0 COP,"57,89 %",624 COP,6.863 COP,"46,67 %","100,00 %"
rentar carro cucuta,Concordancia exacta (ligera variación),Nada,Búsqueda,Cucuta unica Airport,alquiler de carros en cucuta,11,29,"1,00",8.533 COP,"37,93 %",776 COP,8.533 COP,"36,36 %","100,00 %"
alquiler de carros en montería económicos,Concordancia de frase,Nada,Búsqueda,Monteria,alquiler de carros en monteria,11,32,"0,00",0 COP,"34,38 %",719 COP,7.904 COP,"27,27 %","86,36 %"
rent car barranquilla,Concordancia exacta (ligera variación),Nada,Búsqueda,Barranquilla,alquiler de carros en barranquilla,11,64,"0,00",0 COP,"17,19 %",646 COP,7.103 COP,"21,57 %","76,47 %"
renta de autos barranquilla,Concordancia exacta (ligera variación),Nada,Búsqueda,Barranquilla,alquiler de carros en barranquilla,11,33,"1,00",7.418 COP,"33,33 %",674 COP,7.418 COP,"10,71 %","89,29 %"
renta de carros en barranquilla,Concordancia exacta (ligera variación),Nada,Búsqueda,Barranquilla,alquiler de carros en barranquilla,11,33,"0,00",0 COP,"33,33 %",1.014 COP,11.158 COP,"7,14 %","89,29 %"
rentar carro valledupar,Concordancia exacta (ligera variación),Nada,Búsqueda,Valledupar unica Airport,alquiler de carros en valledupar,11,17,"1,00",7.106 COP,"64,71 %",646 COP,7.106 COP,"75,00 %","100,00 %"
alquiler de carros en santa marta precios,Concordancia exacta (ligera variación),Nada,Búsqueda,Santa marta,alquiler de carros santa marta,11,40,"1,00",6.517 COP,"27,50 %",592 COP,6.517 COP,"8,57 %","77,14 %"
alquiler de carros en cartagena colombia,Concordancia de frase,Nada,Búsqueda,Cartagena unica Airport,alquiler de carros en cartagena,10,17,"0,00",0 COP,"58,82 %",700 COP,7.002 COP,"14,29 %","100,00 %"
alquiler carros en cartagena,Concordancia exacta (ligera variación),Nada,Búsqueda,Cartagena unica Airport,alquiler de carros en cartagena,10,34,"0,00",0 COP,"29,41 %",694 COP,6.944 COP,"13,79 %","82,76 %"
alquiler de vehículos en cartagena,Concordancia exacta (ligera variación),Nada,Búsqueda,Cartagena unica Airport,alquiler de carros en cartagena,10,20,"0,00",0 COP,"50,00 %",497 COP,4.968 COP,"6,25 %","100,00 %"
alquila tu carro,Concordancia amplia,Nada,Búsqueda,Medellin,alquiler de carros en medellin,10,14,"0,00",0 COP,"71,43 %",1.178 COP,11.781 COP,"90,91 %","100,00 %"
alquilar carro,Concordancia amplia,Nada,Búsqueda,Bogota,alquiler de carros bogota,10,52,"0,00",0 COP,"19,23 %",442 COP,4.419 COP,"0,00 %","78,72 %"
alquila tu carro bogota,Concordancia exacta (ligera variación),Nada,Búsqueda,Bogota,alquiler de carros bogota,10,22,"0,00",0 COP,"45,45 %",678 COP,6.785 COP,"76,47 %","100,00 %"
alquiler de carros bogotá por días,Concordancia exacta (ligera variación),Nada,Búsqueda,Bogota,alquiler de carros bogota,10,43,"0,00",0 COP,"23,26 %",307 COP,3.068 COP,"8,33 %","77,78 %"
renta car manizales,Concordancia exacta (ligera variación),Nada,Búsqueda,Manizales,alquiler de carros manizales,10,34,"0,00",0 COP,"29,41 %",416 COP,4.159 COP,"45,45 %","90,91 %"
alquiler carro medellin,Concordancia exacta (ligera variación),Nada,Búsqueda,Medellin,alquiler carros medellin,10,46,"0,15",97.767 COP,"21,74 %",1.435 COP,14.353 COP,"7,50 %","65,00 %"
renta de carros en neiva,Concordancia exacta (ligera variación),Nada,Búsqueda,Neiva unica Airport,alquiler de carros en neiva,10,15,"0,00",0 COP,"66,67 %",637 COP,6.374 COP,"33,33 %","91,67 %"
renta carros armenia,Concordancia amplia,Nada,Búsqueda,Armenia unica Airport,alquiler de carros en armenia,10,32,"1,00",18.457 COP,"31,25 %",1.846 COP,18.457 COP,"13,04 %","82,61 %"
alquiler de carro ibagué precio,Concordancia exacta (ligera variación),Nada,Búsqueda,Ibague,alquiler de carros ibague,10,28,"1,00",3.311 COP,"35,71 %",331 COP,3.311 COP,"42,11 %","89,47 %"
alquilar carro en monteria,Concordancia exacta (ligera variación),Nada,Búsqueda,Monteria,alquiler de carros en monteria,10,33,"0,20",35.127 COP,"30,30 %",713 COP,7.126 COP,"19,23 %","96,15 %"
alquiler de autos en monteria,Concordancia exacta (ligera variación),Nada,Búsqueda,Monteria,alquiler de carros en monteria,10,16,"1,00",6.240 COP,"62,50 %",624 COP,6.240 COP,"26,67 %","93,33 %"
alquiler de carro en monteria cordoba,Concordancia exacta (ligera variación),Nada,Búsqueda,Monteria,alquiler de carros en monteria,10,28,"0,00",0 COP,"35,71 %",581 COP,5.806 COP,"14,29 %","90,48 %"
alquiler de vehiculos en monteria,Concordancia exacta (ligera variación),Nada,Búsqueda,Monteria,alquiler de carros en monteria,10,44,"1,00",5.748 COP,"22,73 %",575 COP,5.748 COP,"24,24 %","96,97 %"
alquiler de vehículos en barranquilla,Concordancia exacta (ligera variación),Nada,Búsqueda,Barranquilla,alquiler de carros en barranquilla,10,34,"0,00",0 COP,"29,41 %",714 COP,7.141 COP,"24,14 %","93,10 %"
alquiler de carros en bucaramanga económicos,Concordancia exacta (ligera variación),Nada,Búsqueda,Bucaramanga unica Airport,alquiler de carros en bucaramanga,10,27,"0,00",0 COP,"37,04 %",808 COP,8.083 COP,"40,00 %","90,00 %"
alquiler vehiculos bucaramanga,Concordancia exacta (ligera variación),Nada,Búsqueda,Bucaramanga unica Airport,alquiler de carros en bucaramanga,10,41,"0,00",0 COP,"24,39 %",997 COP,9.968 COP,"24,24 %","90,91 %"
rent car bucaramanga,Concordancia exacta (ligera variación),Nada,Búsqueda,Bucaramanga unica Airport,alquiler de carros en bucaramanga,10,30,"0,00",0 COP,"33,33 %",994 COP,9.944 COP,"52,38 %","90,48 %"
alquiler vehiculos santa marta,Concordancia exacta (ligera variación),Nada,Búsqueda,Santa marta,alquiler de carros santa marta,10,37,"2,00",3.629 COP,"27,03 %",726 COP,7.258 COP,"19,35 %","77,42 %"
renta car santa marta,Concordancia exacta (ligera variación),Nada,Búsqueda,Santa marta,alquiler de carros santa marta,10,50,"0,00",0 COP,"20,00 %",1.230 COP,12.304 COP,"12,50 %","95,00 %"
alquiler de carros villavicencio meta,Concordancia exacta (ligera variación),Nada,Búsqueda,Villavicencio,alquiler de carros villavicencio,10,15,"0,00",0 COP,"66,67 %",441 COP,4.410 COP,"58,33 %","100,00 %"
rent a car villavicencio,Concordancia exacta (ligera variación),Nada,Búsqueda,Villavicencio,alquiler de carros villavicencio,10,22,"1,00",6.787 COP,"45,45 %",679 COP,6.787 COP,"64,71 %","100,00 %"
alquiler de carros en cartagena precios,Concordancia exacta (ligera variación),Nada,Búsqueda,Cartagena unica Airport,alquiler de carros en cartagena,9,28,"0,00",0 COP,"32,14 %",783 COP,7.043 COP,"20,00 %","84,00 %"
alquiler vehiculo cartagena,Concordancia exacta (ligera variación),Nada,Búsqueda,Cartagena unica Airport,alquiler de carros en cartagena,9,38,"0,00",0 COP,"23,68 %",1.612 COP,14.508 COP,"21,88 %","84,38 %"
alquiler de carros en medellín económicos,Concordancia de frase,Nada,Búsqueda,Medellin,alquiler de carros en medellin,9,43,"2,00",3.817 COP,"20,93 %",848 COP,7.634 COP,"18,75 %","75,00 %"
alquiler carro,Concordancia amplia,Nada,Búsqueda,Bogota,alquiler de carros bogota,9,87,"0,00",0 COP,"10,34 %",726 COP,6.534 COP,"2,56 %","69,23 %"
alquilar un carro en bogota,Concordancia exacta (ligera variación),Nada,Búsqueda,Bogota,alquiler de carros bogota,9,35,"0,00",0 COP,"25,71 %",432 COP,3.886 COP,"3,33 %","83,33 %"
alquiler de carros en bogotá por días,Concordancia exacta (ligera variación),Nada,Búsqueda,Bogota,alquiler de carros bogota,9,35,"0,00",0 COP,"25,71 %",464 COP,4.178 COP,"13,79 %","96,55 %"
rentar carros bogota,Concordancia exacta (ligera variación),Nada,Búsqueda,Bogota,alquiler de carros bogota,9,30,"0,57",11.437 COP,"30,00 %",729 COP,6.560 COP,"8,00 %","88,00 %"
alquiler de carros,Concordancia amplia,Nada,Búsqueda,Manizales,alquiler de carros manizales,9,30,"1,00",7.143 COP,"30,00 %",794 COP,7.143 COP,"14,81 %","81,48 %"
alquiler autos manizales,Concordancia exacta (ligera variación),Nada,Búsqueda,Manizales,alquiler de carros manizales,9,24,"0,15",41.026 COP,"37,50 %",669 COP,6.023 COP,"50,00 %","100,00 %"
alquiler de carro neiva,Concordancia exacta (ligera variación),Nada,Búsqueda,Neiva unica Airport,alquiler de carros en neiva,9,22,"0,00",0 COP,"40,91 %",773 COP,6.960 COP,"44,44 %","94,44 %"
rentacar neiva,Concordancia exacta (ligera variación),Nada,Búsqueda,Neiva unica Airport,alquiler de carros en neiva,9,16,"0,00",0 COP,"56,25 %",504 COP,4.534 COP,"25,00 %","91,67 %"
renta de carros armenia,Concordancia exacta (ligera variación),Añadido,Búsqueda,Armenia unica Airport,alquiler de carros en armenia,9,42,"0,26",26.433 COP,"21,43 %",774 COP,6.964 COP,"13,51 %","83,78 %"
rent a car,Concordancia amplia,Nada,Búsqueda,Medellin,alquiler de carros medellin,9,63,"2,00",5.386 COP,"14,29 %",1.197 COP,10.772 COP,"14,55 %","72,73 %"
rentar carro medellin,Concordancia exacta (ligera variación),Nada,Búsqueda,Medellin,alquiler de carros medellin,9,49,"1,00",10.045 COP,"18,37 %",1.116 COP,10.045 COP,"4,65 %","58,14 %"
alquiler de autos ibague,Concordancia exacta (ligera variación),Nada,Búsqueda,Ibague,alquiler de carros ibague,9,25,"0,00",0 COP,"36,00 %",624 COP,5.614 COP,"33,33 %","90,48 %"
rent car ibague,Concordancia exacta (ligera variación),Nada,Búsqueda,Ibague,alquiler de carros ibague,9,20,"0,00",0 COP,"45,00 %",900 COP,8.101 COP,"44,44 %","100,00 %"
rentacar ibague,Concordancia exacta (ligera variación),Nada,Búsqueda,Ibague,alquiler de carros ibague,9,20,"0,50",17.273 COP,"45,00 %",960 COP,8.637 COP,"86,67 %","100,00 %"
alquiler de carros en cucuta colombia,Concordancia exacta (ligera variación),Nada,Búsqueda,Cucuta unica Airport,alquiler de carros en cucuta,9,19,"0,62",7.583 COP,"47,37 %",524 COP,4.713 COP,"61,54 %","100,00 %"
alquiler de vehiculos cucuta,Concordancia exacta (ligera variación),Nada,Búsqueda,Cucuta unica Airport,alquiler de carros en cucuta,9,22,"0,00",0 COP,"40,91 %",1.148 COP,10.331 COP,"31,25 %","87,50 %"
alquiler de carros en monteria colombia,Concordancia exacta (ligera variación),Nada,Búsqueda,Monteria,alquiler de carros en monteria,9,21,"0,21",40.264 COP,"42,86 %",935 COP,8.412 COP,"27,78 %","94,44 %"
alquiler autos barranquilla,Concordancia exacta (ligera variación),Nada,Búsqueda,Barranquilla,alquiler de carros en barranquilla,9,40,"0,00",0 COP,"22,50 %",442 COP,3.981 COP,"0,00 %","77,78 %"
alquiler vehiculos barranquilla,Concordancia exacta (ligera variación),Nada,Búsqueda,Barranquilla,alquiler de carros en barranquilla,9,39,"0,63",32.186 COP,"23,08 %",2.252 COP,20.270 COP,"9,09 %","96,97 %"
renta de carro en barranquilla,Concordancia exacta (ligera variación),Nada,Búsqueda,Barranquilla,alquiler de carros en barranquilla,9,28,"0,63",18.424 COP,"32,14 %",1.289 COP,11.603 COP,"25,00 %","100,00 %"
alquiler de carro en bucaramanga,Concordancia exacta (ligera variación),Nada,Búsqueda,Bucaramanga unica Airport,alquiler de carros en bucaramanga,9,37,"0,00",0 COP,"24,32 %",391 COP,3.518 COP,"13,33 %","90,00 %"
alquiler de vehiculos en valledupar,Concordancia exacta (ligera variación),Nada,Búsqueda,Valledupar unica Airport,alquiler de carros en valledupar,9,19,"0,00",0 COP,"47,37 %",588 COP,5.295 COP,"68,75 %","100,00 %"
alquiler autos santa marta,Concordancia exacta (ligera variación),Nada,Búsqueda,Santa marta,alquiler de carros santa marta,9,18,"0,00",0 COP,"50,00 %",839 COP,7.552 COP,"14,29 %","92,86 %"
alquilar carro en villavicencio,Concordancia exacta (ligera variación),Nada,Búsqueda,Villavicencio,alquiler de carros villavicencio,9,17,"0,00",0 COP,"52,94 %",556 COP,5.003 COP,"53,85 %","100,00 %"
alquiler de carro en villavicencio,Concordancia exacta (ligera variación),Nada,Búsqueda,Villavicencio,alquiler de carros villavicencio,9,19,"1,00",5.783 COP,"47,37 %",643 COP,5.783 COP,"42,86 %","92,86 %"
alquiler vehiculos villavicencio,Concordancia exacta (ligera variación),Nada,Búsqueda,Villavicencio,alquiler de carros villavicencio,9,18,"0,47",11.779 COP,"50,00 %",613 COP,5.513 COP,"64,29 %","85,71 %"
renta carros villavicencio,Concordancia exacta (ligera variación),Nada,Búsqueda,Villavicencio,alquiler de carros villavicencio,9,15,"0,00",0 COP,"60,00 %",841 COP,7.568 COP,"70,00 %","100,00 %"
rentar carro villavicencio,Concordancia exacta (ligera variación),Nada,Búsqueda,Villavicencio,alquiler de carros villavicencio,9,19,"0,00",0 COP,"47,37 %",830 COP,7.468 COP,"90,91 %","100,00 %"
renta de vehiculos cartagena,Concordancia exacta (ligera variación),Nada,Búsqueda,Cartagena unica Airport,alquiler de carros en cartagena,8,20,"0,00",0 COP,"40,00 %",958 COP,7.665 COP,"21,43 %","100,00 %"
rentar carro medellin,Concordancia exacta (ligera variación),Nada,Búsqueda,Medellin,alquiler de carros en medellin,8,68,"0,00",0 COP,"11,76 %",1.288 COP,10.304 COP,"3,13 %","54,69 %"
rent car,Concordancia amplia,Nada,Búsqueda,Bogota,alquiler de carros bogota,8,56,"0,00",0 COP,"14,29 %",660 COP,5.281 COP,"19,15 %","87,23 %"
renta de autos,Concordancia amplia,Nada,Búsqueda,Bogota,alquiler de carros bogota,8,18,"0,00",0 COP,"44,44 %",506 COP,4.047 COP,"5,88 %","76,47 %"
renta de carros en bogotá,Concordancia exacta (ligera variación),Nada,Búsqueda,Bogota,alquiler de carros bogota,8,18,"0,00",0 COP,"44,44 %",537 COP,4.293 COP,"0,00 %","73,33 %"
rent car manizales,Concordancia exacta (ligera variación),Nada,Búsqueda,Manizales,alquiler de carros manizales,8,19,"0,00",0 COP,"42,11 %",772 COP,6.178 COP,"35,71 %","92,86 %"
alquiler de carro en neiva,Concordancia exacta (ligera variación),Nada,Búsqueda,Neiva unica Airport,alquiler de carros en neiva,8,20,"1,45",2.373 COP,"40,00 %",431 COP,3.447 COP,"37,50 %","87,50 %"
rentacar,Concordancia amplia,Nada,Búsqueda,Medellin,alquiler de carros medellin,8,53,"0,00",0 COP,"15,09 %",914 COP,7.311 COP,"13,04 %","71,74 %"
renta carros cucuta,Concordancia exacta (ligera variación),Nada,Búsqueda,Cucuta unica Airport,alquiler de carros en cucuta,8,16,"0,00",0 COP,"50,00 %",1.043 COP,8.341 COP,"58,33 %","91,67 %"
rentacar cucuta,Concordancia exacta (ligera variación),Nada,Búsqueda,Cucuta unica Airport,alquiler de carros en cucuta,8,35,"0,00",0 COP,"22,86 %",810 COP,6.481 COP,"42,31 %","100,00 %"
alquiler de vehiculos monteria,Concordancia exacta (ligera variación),Nada,Búsqueda,Monteria,alquiler de carros en monteria,8,17,"0,00",0 COP,"47,06 %",567 COP,4.538 COP,"6,67 %","100,00 %"
alquiler de carros en barranquilla económicos,Concordancia de frase,Nada,Búsqueda,Barranquilla,alquiler de carros en barranquilla,8,28,"0,00",0 COP,"28,57 %",604 COP,4.832 COP,"31,82 %","90,91 %"
renta car,Concordancia amplia,Nada,Búsqueda,Barranquilla,alquiler de carros en barranquilla,8,36,"0,00",0 COP,"22,22 %",938 COP,7.507 COP,"48,39 %","100,00 %"
alquiler de vehiculos barranquilla,Concordancia exacta (ligera variación),Nada,Búsqueda,Barranquilla,alquiler de carros en barranquilla,8,51,"0,00",0 COP,"15,69 %",595 COP,4.756 COP,"15,22 %","93,48 %"
rentar carro en barranquilla,Concordancia exacta (ligera variación),Nada,Búsqueda,Barranquilla,alquiler de carros en barranquilla,8,27,"0,00",0 COP,"29,63 %",1.172 COP,9.378 COP,"19,05 %","95,24 %"
renta car,Concordancia amplia,Nada,Búsqueda,Bucaramanga unica Airport,alquiler de carros en bucaramanga,8,16,"0,00",0 COP,"50,00 %",616 COP,4.925 COP,"46,67 %","93,33 %"
rentar carro en valledupar,Concordancia exacta (ligera variación),Nada,Búsqueda,Valledupar unica Airport,alquiler de carros en valledupar,8,12,"1,00",9.204 COP,"66,67 %",1.151 COP,9.204 COP,"80,00 %","100,00 %"
renta de carros en villavicencio,Concordancia exacta (ligera variación),Nada,Búsqueda,Villavicencio,alquiler de carros villavicencio,8,10,"0,00",0 COP,"80,00 %",617 COP,4.938 COP,"70,00 %","100,00 %"
rent car,Concordancia amplia,Nada,Búsqueda,Cartagena unica Airport,alquiler de carros en cartagena,7,16,"0,00",0 COP,"43,75 %",1.324 COP,9.266 COP,"46,15 %","84,62 %"
renta de autos cartagena,Concordancia exacta (ligera variación),Nada,Búsqueda,Cartagena unica Airport,alquiler de carros en cartagena,7,35,"0,00",0 COP,"20,00 %",797 COP,5.579 COP,"3,57 %","78,57 %"
rental car cartagena,Concordancia exacta (ligera variación),Nada,Búsqueda,Cartagena unica Airport,alquiler de carros en cartagena,7,15,"1,00",5.253 COP,"46,67 %",750 COP,5.253 COP,"23,08 %","76,92 %"
rentar carro cartagena,Concordancia exacta (ligera variación),Nada,Búsqueda,Cartagena unica Airport,alquiler de carros en cartagena,7,42,"0,00",0 COP,"16,67 %",622 COP,4.353 COP,"19,44 %","83,33 %"
alquiler de carro,Concordancia amplia,Nada,Búsqueda,Medellin,alquiler de carros en medellin,7,20,"0,00",0 COP,"35,00 %",567 COP,3.966 COP,"0,00 %","52,63 %"
alquilar carros,Concordancia amplia,Nada,Búsqueda,Bogota,alquiler de carros bogota,7,29,"0,00",0 COP,"24,14 %",743 COP,5.202 COP,"8,70 %","69,57 %"
alquiler de carros para viajar sin conductor,Concordancia amplia,Nada,Búsqueda,Bogota,alquiler de carros bogota,7,23,"0,00",0 COP,"30,43 %",365 COP,2.553 COP,"9,09 %","86,36 %"
renta carro,Concordancia amplia,Nada,Búsqueda,Bogota,alquiler de carros bogota,7,39,"0,98",5.271 COP,"17,95 %",742 COP,5.191 COP,"5,71 %","85,71 %"
alquiler carros bogota barato,Concordancia exacta (ligera variación),Nada,Búsqueda,Bogota,alquiler de carros bogota,7,12,"0,00",0 COP,"58,33 %",985 COP,6.896 COP,"0,00 %","81,82 %"
renta carro bogota,Concordancia exacta (ligera variación),Nada,Búsqueda,Bogota,alquiler de carros bogota,7,69,"0,00",0 COP,"10,14 %",1.336 COP,9.354 COP,"6,15 %","80,00 %"
renta vehiculos bogota,Concordancia exacta (ligera variación),Nada,Búsqueda,Bogota,alquiler de carros bogota,7,31,"0,00",0 COP,"22,58 %",546 COP,3.822 COP,"3,57 %","60,71 %"
alquiler carros,Concordancia amplia,Nada,Búsqueda,Manizales,alquiler de carros manizales,7,11,"0,00",0 COP,"63,64 %",741 COP,5.190 COP,"10,00 %","100,00 %"
alquilar carro en manizales,Concordancia exacta (ligera variación),Nada,Búsqueda,Manizales,alquiler de carros manizales,7,17,"0,00",0 COP,"41,18 %",502 COP,3.515 COP,"42,86 %","100,00 %"
alquiler de autos manizales,Concordancia exacta (ligera variación),Nada,Búsqueda,Manizales,alquiler de carros manizales,7,19,"0,00",0 COP,"36,84 %",934 COP,6.540 COP,"40,00 %","100,00 %"
rent a car,Concordancia amplia,Nada,Búsqueda,Neiva unica Airport,alquiler de carros en neiva,7,12,"0,00",0 COP,"58,33 %",489 COP,3.420 COP,"45,45 %","100,00 %"
alquiler de vehiculos en neiva,Concordancia exacta (ligera variación),Nada,Búsqueda,Neiva unica Airport,alquiler de carros en neiva,7,14,"0,00",0 COP,"50,00 %",431 COP,3.020 COP,"40,00 %","100,00 %"
renta car armenia,Concordancia amplia,Nada,Búsqueda,Armenia unica Airport,alquiler de carros en armenia,7,31,"2,46",1.334 COP,"22,58 %",470 COP,3.289 COP,"5,00 %","90,00 %"
alquiler de carros en armenia quindío,Concordancia exacta (ligera variación),Nada,Búsqueda,Armenia unica Airport,alquiler de carros en armenia,7,14,"0,00",0 COP,"50,00 %",741 COP,5.185 COP,"14,29 %","92,86 %"
renta car armenia,Concordancia exacta (ligera variación),Nada,Búsqueda,Armenia unica Airport,alquiler de carros en armenia,7,15,"0,00",0 COP,"46,67 %",768 COP,5.379 COP,"25,00 %","100,00 %"
alquiler de carros,Concordancia amplia,Nada,Búsqueda,Medellin,alquiler de carros medellin,7,32,"0,75",5.863 COP,"21,88 %",626 COP,4.385 COP,"3,45 %","58,62 %"
renta car,Concordancia amplia,Nada,Búsqueda,Medellin,alquiler de carros medellin,7,31,"1,00",8.230 COP,"22,58 %",1.176 COP,8.230 COP,"25,93 %","74,07 %"
alquiler de carros,Concordancia amplia,Nada,Búsqueda,Ibague,alquiler de carros ibague,7,23,"0,00",0 COP,"30,43 %",347 COP,2.431 COP,"42,11 %","89,47 %"
alquiler de autos en ibague,Concordancia exacta (ligera variación),Nada,Búsqueda,Ibague,alquiler de carros ibague,7,11,"0,00",0 COP,"63,64 %",414 COP,2.895 COP,"75,00 %","100,00 %"
alquiler de carros ibagué,Concordancia exacta (ligera variación),Nada,Búsqueda,Ibague,alquiler de carros ibague,7,23,"0,00",0 COP,"30,43 %",390 COP,2.728 COP,"70,59 %","88,24 %"
alquiler de vehiculos en ibague,Concordancia exacta (ligera variación),Nada,Búsqueda,Ibague,alquiler de carros ibague,7,9,"2,72",2.064 COP,"77,78 %",802 COP,5.615 COP,"85,71 %","100,00 %"
alquilar carro cucuta,Concordancia exacta (ligera variación),Nada,Búsqueda,Cucuta unica Airport,alquiler de carros en cucuta,7,15,"0,00",0 COP,"46,67 %",449 COP,3.140 COP,"36,36 %","90,91 %"
rent a car cucuta,Concordancia exacta (ligera variación),Nada,Búsqueda,Cucuta unica Airport,alquiler de carros en cucuta,7,13,"0,00",0 COP,"53,85 %",841 COP,5.884 COP,"60,00 %","100,00 %"
rentar carro en cucuta,Concordancia exacta (ligera variación),Nada,Búsqueda,Cucuta unica Airport,alquiler de carros en cucuta,7,16,"0,00",0 COP,"43,75 %",770 COP,5.389 COP,"35,71 %","100,00 %"
alquiler carro en monteria,Concordancia exacta (ligera variación),Nada,Búsqueda,Monteria,alquiler de carros en monteria,7,13,"0,00",0 COP,"53,85 %",448 COP,3.134 COP,"18,18 %","100,00 %"
alquiler de carros en montería,Concordancia exacta (ligera variación),Nada,Búsqueda,Monteria,alquiler de carros en monteria,7,31,"0,00",0 COP,"22,58 %",418 COP,2.926 COP,"42,86 %","100,00 %"
alquiler de carros monteria cordoba,Concordancia exacta (ligera variación),Nada,Búsqueda,Monteria,alquiler de carros en monteria,7,24,"0,00",0 COP,"29,17 %",1.331 COP,9.317 COP,"21,05 %","94,74 %"
alquiler de carros montería,Concordancia exacta (ligera variación),Nada,Búsqueda,Monteria,alquiler de carros en monteria,7,18,"0,00",0 COP,"38,89 %",640 COP,4.483 COP,"38,46 %","84,62 %"
renta de carros en monteria,Concordancia exacta (ligera variación),Nada,Búsqueda,Monteria,alquiler de carros en monteria,7,31,"0,00",0 COP,"22,58 %",756 COP,5.291 COP,"52,17 %","91,30 %"
alquiler de carro,Concordancia amplia,Nada,Búsqueda,Barranquilla,alquiler de carros en barranquilla,7,47,"0,00",0 COP,"14,89 %",668 COP,4.676 COP,"17,95 %","87,18 %"
rentacar,Concordancia amplia,Nada,Búsqueda,Barranquilla,alquiler de carros en barranquilla,7,35,"0,00",0 COP,"20,00 %",401 COP,2.804 COP,"9,38 %","81,25 %"
alquiler carro en barranquilla,Concordancia exacta (ligera variación),Nada,Búsqueda,Barranquilla,alquiler de carros en barranquilla,7,35,"0,00",0 COP,"20,00 %",1.155 COP,8.087 COP,"10,00 %","76,67 %"
alquiler de carros barranquilla baratos,Concordancia exacta (ligera variación),Nada,Búsqueda,Barranquilla,alquiler de carros en barranquilla,7,13,"0,99",4.729 COP,"53,85 %",668 COP,4.679 COP,"55,56 %","100,00 %"
alquiler de carros,Concordancia amplia,Nada,Búsqueda,Bucaramanga unica Airport,alquiler de carros en bucaramanga,7,38,"0,33",18.002 COP,"18,42 %",857 COP,6.001 COP,"9,09 %","90,91 %"
rentacar,Concordancia amplia,Nada,Búsqueda,Bucaramanga unica Airport,alquiler de carros en bucaramanga,7,28,"0,00",0 COP,"25,00 %",363 COP,2.541 COP,"16,67 %","100,00 %"
renta de vehiculos bucaramanga,Concordancia exacta (ligera variación),Nada,Búsqueda,Bucaramanga unica Airport,alquiler de carros en bucaramanga,7,18,"0,00",0 COP,"38,89 %",1.086 COP,7.602 COP,"14,29 %","85,71 %"
renta de carros valledupar,Concordancia exacta (ligera variación),Nada,Búsqueda,Valledupar unica Airport,alquiler de carros en valledupar,7,26,"0,00",0 COP,"26,92 %",853 COP,5.969 COP,"45,00 %","95,00 %"
alquiler de vehiculos en santa marta,Concordancia exacta (ligera variación),Nada,Búsqueda,Santa marta,alquiler de carros santa marta,7,33,"0,00",0 COP,"21,21 %",582 COP,4.073 COP,"12,90 %","70,97 %"
rent car santa marta,Concordancia exacta (ligera variación),Nada,Búsqueda,Santa marta,alquiler de carros santa marta,7,20,"0,00",0 COP,"35,00 %",903 COP,6.323 COP,"11,11 %","94,44 %"
renta de carros en santa marta,Concordancia exacta (ligera variación),Nada,Búsqueda,Santa marta,alquiler de carros santa marta,7,26,"3,00",2.590 COP,"26,92 %",1.110 COP,7.769 COP,"8,70 %","69,57 %"
alquiler de vehículos en villavicencio,Concordancia exacta (ligera variación),Nada,Búsqueda,Villavicencio,alquiler de carros en villavicencio,7,6,"0,00",0 COP,"116,67 %",307 COP,2.152 COP,"60,00 %","100,00 %"
renta de carros villavicencio,Concordancia exacta (ligera variación),Nada,Búsqueda,Villavicencio,alquiler de carros en villavicencio,7,29,"1,46",3.397 COP,"24,14 %",711 COP,4.976 COP,"50,00 %","95,00 %"
alquiler de carros en cartagena económicos,Concordancia de frase,Nada,Búsqueda,Cartagena unica Airport,alquiler de carros en cartagena,6,40,"1,00",5.587 COP,"15,00 %",931 COP,5.587 COP,"23,53 %","91,18 %"
cuanto vale alquilar un carro en cartagena,Concordancia exacta (ligera variación),Nada,Búsqueda,Cartagena unica Airport,alquiler de carros en cartagena,6,15,"0,00",0 COP,"40,00 %",477 COP,2.865 COP,"14,29 %","78,57 %"
renta de carro en cartagena,Concordancia exacta (ligera variación),Nada,Búsqueda,Cartagena unica Airport,alquiler de carros en cartagena,6,20,"0,00",0 COP,"30,00 %",894 COP,5.363 COP,"42,86 %","85,71 %"
alquiler vehiculos medellin,Concordancia exacta (ligera variación),Nada,Búsqueda,Medellin,alquiler de carros en medellin,6,31,"1,00",6.699 COP,"19,35 %",1.117 COP,6.699 COP,"7,14 %","46,43 %"
renta de vehículo,Concordancia amplia,Nada,Búsqueda,Bogota,alquiler de carros bogota,6,6,"0,00",0 COP,"100,00 %",1.008 COP,6.048 COP,"0,00 %","100,00 %"
alquiler de autos en bogota,Concordancia exacta (ligera variación),Nada,Búsqueda,Bogota,alquiler de carros bogota,6,17,"0,00",0 COP,"35,29 %",602 COP,3.609 COP,"6,67 %","73,33 %"
alquiler de carros bogotá económicos,Concordancia exacta (ligera variación),Nada,Búsqueda,Bogota,alquiler de carros bogota,6,14,"0,00",0 COP,"42,86 %",347 COP,2.084 COP,"0,00 %","84,62 %"
alquiler vehiculo bogota,Concordancia exacta (ligera variación),Añadido,Búsqueda,Bogota,alquiler de carros bogota,6,30,"0,00",0 COP,"20,00 %",906 COP,5.433 COP,"3,57 %","71,43 %"
alquileres de carros en bogota,Concordancia exacta (ligera variación),Nada,Búsqueda,Bogota,alquiler de carros bogota,6,18,"0,00",0 COP,"33,33 %",767 COP,4.600 COP,"20,00 %","86,67 %"
renta autos bogota,Concordancia exacta (ligera variación),Nada,Búsqueda,Bogota,alquiler de carros bogota,6,34,"0,00",0 COP,"17,65 %",1.018 COP,6.109 COP,"3,33 %","76,67 %"
renta de autos en bogota,Concordancia exacta (ligera variación),Nada,Búsqueda,Bogota,alquiler de carros bogota,6,19,"0,00",0 COP,"31,58 %",1.559 COP,9.353 COP,"0,00 %","88,24 %"
rental car bogota,Concordancia exacta (ligera variación),Nada,Búsqueda,Bogota,alquiler de carros bogota,6,34,"0,00",0 COP,"17,65 %",774 COP,4.644 COP,"14,29 %","78,57 %"
alquiler de carro en manizales,Concordancia exacta (ligera variación),Nada,Búsqueda,Manizales,alquiler de carros manizales,6,16,"0,00",0 COP,"37,50 %",663 COP,3.979 COP,"23,08 %","100,00 %"
alquiler vehiculos manizales,Concordancia exacta (ligera variación),Nada,Búsqueda,Manizales,alquiler de carros manizales,6,19,"0,00",0 COP,"31,58 %",558 COP,3.349 COP,"57,14 %","100,00 %"
alquilar carro en neiva,Concordancia exacta (ligera variación),Nada,Búsqueda,Neiva unica Airport,alquiler de carros en neiva,6,26,"0,00",0 COP,"23,08 %",839 COP,5.036 COP,"17,39 %","95,65 %"
alquiler de autos neiva,Concordancia exacta (ligera variación),Nada,Búsqueda,Neiva unica Airport,alquiler de carros en neiva,6,5,"0,00",0 COP,"120,00 %",300 COP,1.798 COP,"75,00 %","100,00 %"
rentar carro en neiva,Concordancia exacta (ligera variación),Nada,Búsqueda,Neiva unica Airport,alquiler de carros en neiva,6,12,"0,00",0 COP,"50,00 %",632 COP,3.789 COP,"33,33 %","100,00 %"
alquiler de autos armenia,Concordancia exacta (ligera variación),Nada,Búsqueda,Armenia unica Airport,alquiler de carros en armenia,6,21,"0,00",0 COP,"28,57 %",518 COP,3.110 COP,"20,00 %","93,33 %"
alquila tu carro,Concordancia amplia,Nada,Búsqueda,Medellin,alquiler de carros medellin,6,8,"0,00",0 COP,"75,00 %",378 COP,2.266 COP,"83,33 %","100,00 %"
alquilar carro ibague,Concordancia exacta (ligera variación),Nada,Búsqueda,Ibague,alquiler de carros ibague,6,14,"0,00",0 COP,"42,86 %",323 COP,1.939 COP,"50,00 %","100,00 %"
alquiler de carro ibague,Concordancia exacta (ligera variación),Nada,Búsqueda,Ibague,alquiler de carros ibague,6,18,"0,00",0 COP,"33,33 %",285 COP,1.711 COP,"60,00 %","100,00 %"
renta de carros,Concordancia amplia,Nada,Búsqueda,Barranquilla,alquiler de carros en barranquilla,6,14,"0,00",0 COP,"42,86 %",894 COP,5.366 COP,"25,00 %","83,33 %"
renta carro barranquilla,Concordancia exacta (ligera variación),Nada,Búsqueda,Barranquilla,alquiler de carros en barranquilla,6,25,"0,00",0 COP,"24,00 %",795 COP,4.767 COP,"9,52 %","90,48 %"
renta de vehiculos barranquilla,Concordancia exacta (ligera variación),Nada,Búsqueda,Barranquilla,alquiler de carros en barranquilla,6,26,"0,00",0 COP,"23,08 %",850 COP,5.098 COP,"15,00 %","85,00 %"
alquilar carro bucaramanga,Concordancia exacta (ligera variación),Nada,Búsqueda,Bucaramanga unica Airport,alquiler de carros en bucaramanga,6,19,"0,00",0 COP,"31,58 %",278 COP,1.670 COP,"0,00 %","64,71 %"
alquiler de autos valledupar,Concordancia exacta (ligera variación),Nada,Búsqueda,Valledupar unica Airport,alquiler de carros en valledupar,6,15,"0,00",0 COP,"40,00 %",852 COP,5.111 COP,"54,55 %","90,91 %"
alquiler de carros en valledupar colombia,Concordancia exacta (ligera variación),Nada,Búsqueda,Valledupar unica Airport,alquiler de carros en valledupar,6,10,"1,00",5.239 COP,"60,00 %",873 COP,5.239 COP,"42,86 %","100,00 %"
alquiler vehiculo santa marta,Concordancia exacta (ligera variación),Nada,Búsqueda,Santa marta,alquiler de carros santa marta,6,9,"1,43",2.372 COP,"66,67 %",564 COP,3.384 COP,"11,11 %","88,89 %"
alquiler de autos en villavicencio,Concordancia exacta (ligera variación),Nada,Búsqueda,Villavicencio,alquiler de carros villavicencio,6,14,"0,00",0 COP,"42,86 %",526 COP,3.153 COP,"62,50 %","100,00 %"
alquiler de carros,Concordancia amplia,Nada,Búsqueda,Cartagena unica Airport,alquiler de carros en cartagena,5,31,"0,00",0 COP,"16,13 %",846 COP,4.228 COP,"13,33 %","90,00 %"
alquiler de vehiculos cartagena,Concordancia exacta (ligera variación),Nada,Búsqueda,Cartagena unica Airport,alquiler de carros en cartagena,5,32,"0,00",0 COP,"15,63 %",715 COP,3.575 COP,"7,41 %","74,07 %"
arriendo carros cartagena,Concordancia exacta (ligera variación),Nada,Búsqueda,Cartagena unica Airport,alquiler de carros en cartagena,5,11,"0,00",0 COP,"45,45 %",764 COP,3.821 COP,"33,33 %","88,89 %"
renta carro cartagena,Concordancia exacta (ligera variación),Nada,Búsqueda,Cartagena unica Airport,alquiler de carros en cartagena,5,31,"0,00",0 COP,"16,13 %",1.208 COP,6.041 COP,"4,17 %","83,33 %"
rentacar cartagena,Concordancia exacta (ligera variación),Nada,Búsqueda,Cartagena unica Airport,alquiler de carros en cartagena,5,13,"0,00",0 COP,"38,46 %",1.912 COP,9.561 COP,"27,27 %","100,00 %"
alquiler de vehiculos en medellin,Concordancia exacta (ligera variación),Nada,Búsqueda,Medellin,alquiler de carros en medellin,5,26,"0,00",0 COP,"19,23 %",1.663 COP,8.315 COP,"4,00 %","48,00 %"
alquiler camioneta,Concordancia amplia,Nada,Búsqueda,Bogota,alquiler de carros bogota,5,18,"0,00",0 COP,"27,78 %",283 COP,1.415 COP,"5,56 %","55,56 %"
rentar carros,Concordancia amplia,Nada,Búsqueda,Bogota,alquiler de carros bogota,5,24,"0,00",0 COP,"20,83 %",674 COP,3.370 COP,"0,00 %","69,57 %"
alquilar carro en bogotá,Concordancia exacta (ligera variación),Nada,Búsqueda,Bogota,alquiler de carros bogota,5,33,"0,00",0 COP,"15,15 %",473 COP,2.366 COP,"9,68 %","83,87 %"
alquiler carros en bogota,Concordancia exacta (ligera variación),Nada,Búsqueda,Bogota,alquiler de carros bogota,5,37,"0,00",0 COP,"13,51 %",507 COP,2.537 COP,"2,94 %","70,59 %"
alquiler de carros bogotá baratos,Concordancia exacta (ligera variación),Nada,Búsqueda,Bogota,alquiler de carros bogota,5,21,"0,00",0 COP,"23,81 %",858 COP,4.289 COP,"33,33 %","90,48 %"
alquiler de vehiculo bogota,Concordancia exacta (ligera variación),Nada,Búsqueda,Bogota,alquiler de carros bogota,5,17,"0,00",0 COP,"29,41 %",587 COP,2.936 COP,"6,25 %","62,50 %"
arriendo carros bogota,Concordancia exacta (ligera variación),Nada,Búsqueda,Bogota,alquiler de carros bogota,5,11,"0,00",0 COP,"45,45 %",460 COP,2.301 COP,"22,22 %","77,78 %"
arriendo de carros bogota,Concordancia exacta (ligera variación),Nada,Búsqueda,Bogota,alquiler de carros bogota,5,13,"0,00",0 COP,"38,46 %",329 COP,1.647 COP,"0,00 %","66,67 %"
carro en alquiler bogota,Concordancia exacta (ligera variación),Nada,Búsqueda,Bogota,alquiler de carros bogota,5,9,"0,00",0 COP,"55,56 %",368 COP,1.840 COP,"37,50 %","100,00 %"
rentar auto bogota,Concordancia exacta (ligera variación),Nada,Búsqueda,Bogota,alquiler de carros bogota,5,21,"0,00",0 COP,"23,81 %",412 COP,2.059 COP,"0,00 %","71,43 %"
alquiler camionetas bogota,Concordancia de frase (ligera variación),Nada,Búsqueda,Bogota,alquiler de carros bogota,5,18,"0,00",0 COP,"27,78 %",517 COP,2.585 COP,"11,11 %","72,22 %"
alquiler de carros chapinero,Concordancia de frase (ligera variación),Nada,Búsqueda,Bogota,alquiler de carros bogota,5,19,"0,00",0 COP,"26,32 %",822 COP,4.111 COP,"23,08 %","92,31 %"
alquiler de carros fontibon,Concordancia de frase (ligera variación),Nada,Búsqueda,Bogota,alquiler de carros bogota,5,35,"0,50",7.788 COP,"14,29 %",779 COP,3.894 COP,"14,29 %","78,57 %"
alquiler de carros manizales económicos,Concordancia de frase,Nada,Búsqueda,Manizales,alquiler de carros manizales,5,22,"0,65",5.182 COP,"22,73 %",674 COP,3.368 COP,"37,50 %","93,75 %"
renta carro manizales,Concordancia exacta (ligera variación),Nada,Búsqueda,Manizales,alquiler de carros manizales,5,15,"0,00",0 COP,"33,33 %",959 COP,4.794 COP,"90,00 %","100,00 %"
alquiler vehiculos neiva,Concordancia exacta (ligera variación),Nada,Búsqueda,Neiva unica Airport,alquiler de carros en neiva,5,12,"0,00",0 COP,"41,67 %",998 COP,4.989 COP,"33,33 %","100,00 %"
alquiler de carro armenia,Concordancia amplia,Nada,Búsqueda,Armenia unica Airport,alquiler de carros en armenia,5,13,"0,00",0 COP,"38,46 %",667 COP,3.333 COP,"30,00 %","100,00 %"
renta carro armenia,Concordancia amplia,Nada,Búsqueda,Armenia unica Airport,alquiler de carros en armenia,5,4,"0,00",0 COP,"125,00 %",1.603 COP,8.014 COP,"75,00 %","100,00 %"
alquilar carro en armenia,Concordancia exacta (ligera variación),Nada,Búsqueda,Armenia unica Airport,alquiler de carros en armenia,5,17,"0,00",0 COP,"29,41 %",1.080 COP,5.400 COP,"0,00 %","100,00 %"
alquiler de vehiculos en medellin,Concordancia exacta (ligera variación),Nada,Búsqueda,Medellin,alquiler de carros medellin,5,25,"0,00",0 COP,"20,00 %",930 COP,4.648 COP,"14,29 %","66,67 %"
rentacar medellín,Concordancia exacta (ligera variación),Nada,Búsqueda,Medellin,alquiler de carros medellin,5,8,"0,00",0 COP,"62,50 %",585 COP,2.925 COP,"0,00 %","85,71 %"
alquiler autos ibague,Concordancia exacta (ligera variación),Nada,Búsqueda,Ibague,alquiler de carros ibague,5,11,"0,00",0 COP,"45,45 %",410 COP,2.052 COP,"50,00 %","100,00 %"
alquiler carros en ibague,Concordancia exacta (ligera variación),Nada,Búsqueda,Ibague,alquiler de carros ibague,5,10,"0,00",0 COP,"50,00 %",313 COP,1.565 COP,"33,33 %","100,00 %"
alquiler de vehículos en ibagué,Concordancia exacta (ligera variación),Nada,Búsqueda,Ibague,alquiler de carros ibague,5,10,"0,00",0 COP,"50,00 %",129 COP,644 COP,"22,22 %","100,00 %"
alquiler vehiculos ibague,Concordancia exacta (ligera variación),Nada,Búsqueda,Ibague,alquiler de carros ibague,5,15,"0,00",0 COP,"33,33 %",651 COP,3.254 COP,"90,91 %","100,00 %"
carros en alquiler ibague,Concordancia exacta (ligera variación),Nada,Búsqueda,Ibague,alquiler de carros ibague,5,13,"1,00",2.880 COP,"38,46 %",576 COP,2.880 COP,"44,44 %","100,00 %"
rent a car ibague,Concordancia exacta (ligera variación),Nada,Búsqueda,Ibague,alquiler de carros ibague,5,11,"0,00",0 COP,"45,45 %",310 COP,1.548 COP,"60,00 %","100,00 %"
renta de carros en ibague,Concordancia exacta (ligera variación),Nada,Búsqueda,Ibague,alquiler de carros ibague,5,18,"1,00",4.776 COP,"27,78 %",955 COP,4.776 COP,"73,33 %","100,00 %"
alquiler de carros,Concordancia amplia,Nada,Búsqueda,Cucuta unica Airport,alquiler de carros en cucuta,5,25,"1,00",3.858 COP,"20,00 %",772 COP,3.858 COP,"25,00 %","85,00 %"
alquiler de carro en cucuta colombia,Concordancia exacta (ligera variación),Nada,Búsqueda,Cucuta unica Airport,alquiler de carros en cucuta,5,8,"0,00",0 COP,"62,50 %",956 COP,4.781 COP,"57,14 %","100,00 %"
alquiler vehiculos cucuta,Concordancia exacta (ligera variación),Nada,Búsqueda,Cucuta unica Airport,alquiler de carros en cucuta,5,8,"0,00",0 COP,"62,50 %",465 COP,2.327 COP,"60,00 %","100,00 %"
alquiler de carros,Concordancia amplia,Nada,Búsqueda,Monteria,alquiler de carros en monteria,5,14,"0,00",0 COP,"35,71 %",361 COP,1.804 COP,"45,45 %","100,00 %"
rent a car monteria,Concordancia exacta (ligera variación),Nada,Búsqueda,Monteria,alquiler de carros en monteria,5,23,"0,00",0 COP,"21,74 %",1.250 COP,6.252 COP,"28,57 %","100,00 %"
alquiler de carros,Concordancia amplia,Nada,Búsqueda,Barranquilla,alquiler de carros en barranquilla,5,51,"0,00",0 COP,"9,80 %",749 COP,3.744 COP,"17,78 %","68,89 %"
alquilar carro barranquilla,Concordancia exacta (ligera variación),Nada,Búsqueda,Barranquilla,alquiler de carros en barranquilla,5,14,"0,00",0 COP,"35,71 %",781 COP,3.906 COP,"0,00 %","90,91 %"
alquiler carros en barranquilla,Concordancia exacta (ligera variación),Nada,Búsqueda,Barranquilla,alquiler de carros en barranquilla,5,27,"0,63",3.992 COP,"18,52 %",503 COP,2.514 COP,"14,29 %","85,71 %"
alquiler de autos en barranquilla,Concordancia exacta (ligera variación),Nada,Búsqueda,Barranquilla,alquiler de carros en barranquilla,5,28,"0,00",0 COP,"17,86 %",662 COP,3.310 COP,"16,67 %","91,67 %"
car rental barranquilla,Concordancia exacta (ligera variación),Nada,Búsqueda,Barranquilla,alquiler de carros en barranquilla,5,19,"0,00",0 COP,"26,32 %",540 COP,2.699 COP,"42,86 %","85,71 %"
carros en alquiler barranquilla,Concordancia exacta (ligera variación),Nada,Búsqueda,Barranquilla,alquiler de carros en barranquilla,5,14,"0,00",0 COP,"35,71 %",778 COP,3.889 COP,"8,33 %","83,33 %"
renta de carro barranquilla,Concordancia exacta (ligera variación),Nada,Búsqueda,Barranquilla,alquiler de carros en barranquilla,5,17,"0,00",0 COP,"29,41 %",803 COP,4.017 COP,"6,25 %","93,75 %"
rentar auto barranquilla,Concordancia exacta (ligera variación),Nada,Búsqueda,Barranquilla,alquiler de carros en barranquilla,5,9,"0,00",0 COP,"55,56 %",533 COP,2.663 COP,"11,11 %","66,67 %"
alquiler autos bucaramanga,Concordancia exacta (ligera variación),Nada,Búsqueda,Bucaramanga unica Airport,alquiler de carros en bucaramanga,5,22,"0,00",0 COP,"22,73 %",537 COP,2.684 COP,"29,41 %","94,12 %"
alquiler de autos en bucaramanga,Concordancia exacta (ligera variación),Nada,Búsqueda,Bucaramanga unica Airport,alquiler de carros en bucaramanga,5,16,"0,09",20.991 COP,"31,25 %",363 COP,1.816 COP,"20,00 %","80,00 %"
alquiler de carros bucaramanga precios,Concordancia exacta (ligera variación),Nada,Búsqueda,Bucaramanga unica Airport,alquiler de carros en bucaramanga,5,26,"0,00",0 COP,"19,23 %",607 COP,3.035 COP,"26,09 %","86,96 %"
renta de autos bucaramanga,Concordancia exacta (ligera variación),Nada,Búsqueda,Bucaramanga unica Airport,alquiler de carros en bucaramanga,5,21,"0,00",0 COP,"23,81 %",843 COP,4.213 COP,"14,29 %","80,95 %"
renta de carro bucaramanga,Concordancia exacta (ligera variación),Nada,Búsqueda,Bucaramanga unica Airport,alquiler de carros en bucaramanga,5,14,"0,00",0 COP,"35,71 %",387 COP,1.934 COP,"50,00 %","100,00 %"
renta de carros en bucaramanga,Concordancia exacta (ligera variación),Nada,Búsqueda,Bucaramanga unica Airport,alquiler de carros en bucaramanga,5,28,"0,00",0 COP,"17,86 %",534 COP,2.670 COP,"45,83 %","87,50 %"
alquiler vehiculos valledupar,Concordancia exacta (ligera variación),Nada,Búsqueda,Valledupar unica Airport,alquiler de carros en valledupar,5,8,"1,00",9.148 COP,"62,50 %",1.830 COP,9.148 COP,"50,00 %","100,00 %"
alquiler carro en santa marta,Concordancia exacta (ligera variación),Nada,Búsqueda,Santa marta,alquiler de carros santa marta,5,18,"0,00",0 COP,"27,78 %",456 COP,2.278 COP,"0,00 %","68,75 %"
alquiler de carros santa marta colombia,Concordancia exacta (ligera variación),Nada,Búsqueda,Santa marta,alquiler de carros santa marta,5,12,"0,00",0 COP,"41,67 %",999 COP,4.994 COP,"22,22 %","88,89 %"
cuanto cuesta alquilar un carro en santa marta,Concordancia exacta (ligera variación),Nada,Búsqueda,Santa marta,alquiler de carros santa marta,5,11,"0,29",3.748 COP,"45,45 %",219 COP,1.094 COP,"22,22 %","100,00 %"
renta de carro en santa marta,Concordancia exacta (ligera variación),Nada,Búsqueda,Santa marta,alquiler de carros santa marta,5,22,"0,00",0 COP,"22,73 %",607 COP,3.036 COP,"0,00 %","87,50 %"
renta de carro santa marta,Concordancia exacta (ligera variación),Nada,Búsqueda,Santa marta,alquiler de carros santa marta,5,15,"0,00",0 COP,"33,33 %",1.455 COP,7.276 COP,"7,69 %","84,62 %"
alquiler carro santa marta económico,Concordancia de frase (ligera variación),Nada,Búsqueda,Santa marta,alquiler de carros santa marta,5,9,"0,00",0 COP,"55,56 %",550 COP,2.752 COP,"0,00 %","71,43 %"
rentacar,Concordancia amplia,Nada,Búsqueda,Villavicencio,alquiler de carros villavicencio,5,15,"0,85",6.016 COP,"33,33 %",1.027 COP,5.134 COP,"25,00 %","91,67 %"
alquiler de carros en villavicencio meta,Concordancia exacta (ligera variación),Nada,Búsqueda,Villavicencio,alquiler de carros villavicencio,5,8,"2,15",876 COP,"62,50 %",376 COP,1.881 COP,"50,00 %","100,00 %"
alquiler de vehiculos en villavicencio,Concordancia exacta (ligera variación),Nada,Búsqueda,Villavicencio,alquiler de carros villavicencio,5,11,"0,00",0 COP,"45,45 %",635 COP,3.174 COP,"50,00 %","100,00 %"
renta car,Concordancia amplia,Nada,Búsqueda,Cartagena unica Airport,alquiler de carros en cartagena,4,12,"0,00",0 COP,"33,33 %",606 COP,2.424 COP,"60,00 %","100,00 %"
rentacar,Concordancia amplia,Nada,Búsqueda,Cartagena unica Airport,alquiler de carros en cartagena,4,14,"0,59",5.717 COP,"28,57 %",849 COP,3.396 COP,"30,77 %","84,62 %"
rentar carro,Concordancia amplia,Nada,Búsqueda,Cartagena unica Airport,alquiler de carros en cartagena,4,10,"0,00",0 COP,"40,00 %",907 COP,3.627 COP,"11,11 %","100,00 %"
rentar carros,Concordancia amplia,Nada,Búsqueda,Cartagena unica Airport,alquiler de carros en cartagena,4,6,"0,00",0 COP,"66,67 %",664 COP,2.654 COP,"0,00 %","100,00 %"
alquiler carro cartagena barato,Concordancia exacta (ligera variación),Nada,Búsqueda,Cartagena unica Airport,alquiler de carros en cartagena,4,14,"0,00",0 COP,"28,57 %",233 COP,931 COP,"0,00 %","90,91 %"
alquiler de auto en cartagena,Concordancia exacta (ligera variación),Nada,Búsqueda,Cartagena unica Airport,alquiler de carros en cartagena,4,15,"0,00",0 COP,"26,67 %",387 COP,1.549 COP,"45,45 %","100,00 %"
alquiler de autos cartagena,Concordancia exacta (ligera variación),Nada,Búsqueda,Cartagena unica Airport,alquiler de carros en cartagena,4,20,"0,00",0 COP,"20,00 %",548 COP,2.192 COP,"5,88 %","82,35 %"
alquiler vehiculos cartagena,Concordancia exacta (ligera variación),Nada,Búsqueda,Cartagena unica Airport,alquiler de carros en cartagena,4,23,"0,00",0 COP,"17,39 %",1.065 COP,4.260 COP,"4,76 %","90,48 %"
carro alquiler cartagena,Concordancia exacta (ligera variación),Nada,Búsqueda,Cartagena unica Airport,alquiler de carros en cartagena,4,10,"1,00",2.379 COP,"40,00 %",595 COP,2.379 COP,"42,86 %","100,00 %"
carros en alquiler cartagena,Concordancia exacta (ligera variación),Nada,Búsqueda,Cartagena unica Airport,alquiler de carros en cartagena,4,10,"0,00",0 COP,"40,00 %",689 COP,2.755 COP,"37,50 %","100,00 %"
rentar carros cartagena,Concordancia exacta (ligera variación),Nada,Búsqueda,Cartagena unica Airport,alquiler de carros en cartagena,4,7,"0,00",0 COP,"57,14 %",1.641 COP,6.562 COP,"0,00 %","66,67 %"
rentar un carro en cartagena,Concordancia exacta (ligera variación),Nada,Búsqueda,Cartagena unica Airport,alquiler de carros en cartagena,4,16,"0,00",0 COP,"25,00 %",514 COP,2.054 COP,"27,27 %","90,91 %"
alquilatucarro,Concordancia amplia,Nada,Búsqueda,Medellin,alquiler de carros en medellin,4,5,"0,39",7.388 COP,"80,00 %",720 COP,2.881 COP,"75,00 %","100,00 %"
alquiler de carro en medellin,Concordancia exacta (ligera variación),Nada,Búsqueda,Medellin,alquiler de carros en medellin,4,33,"0,00",0 COP,"12,12 %",911 COP,3.644 COP,"3,45 %","44,83 %"
alquiler de carro medellin,Concordancia exacta (ligera variación),Nada,Búsqueda,Medellin,alquiler de carros en medellin,4,23,"0,00",0 COP,"17,39 %",824 COP,3.296 COP,"0,00 %","39,13 %"
rent a car medellin,Concordancia exacta (ligera variación),Nada,Búsqueda,Medellin,alquiler de carros en medellin,4,46,"0,00",0 COP,"8,70 %",812 COP,3.246 COP,"5,00 %","55,00 %"
rentar un carro en medellin,Concordancia exacta (ligera variación),Nada,Búsqueda,Medellin,alquiler de carros en medellin,4,12,"0,00",0 COP,"33,33 %",809 COP,3.236 COP,"0,00 %","75,00 %"
alquila tu auto,Concordancia amplia,Nada,Búsqueda,Bogota,alquiler de carros bogota,4,3,"0,00",0 COP,"133,33 %",648 COP,2.592 COP,"66,67 %","100,00 %"
alquiler autos,Concordancia amplia,Nada,Búsqueda,Bogota,alquiler de carros bogota,4,16,"1,00",3.160 COP,"25,00 %",790 COP,3.160 COP,"0,00 %","84,62 %"
alquiler coche,Concordancia amplia,Nada,Búsqueda,Bogota,alquiler de carros bogota,4,9,"0,00",0 COP,"44,44 %",1.079 COP,4.316 COP,"0,00 %","77,78 %"
carros en alquiler,Concordancia amplia,Nada,Búsqueda,Bogota,alquiler de carros bogota,4,21,"0,00",0 COP,"19,05 %",648 COP,2.590 COP,"5,26 %","73,68 %"
rencar,Concordancia amplia,Nada,Búsqueda,Bogota,alquiler de carros bogota,4,22,"0,00",0 COP,"18,18 %",512 COP,2.049 COP,"38,89 %","83,33 %"
renta de carro,Concordancia amplia,Nada,Búsqueda,Bogota,alquiler de carros bogota,4,31,"1,00",2.610 COP,"12,90 %",653 COP,2.610 COP,"0,00 %","76,67 %"
alquiler carros bogotá,Concordancia exacta (ligera variación),Nada,Búsqueda,Bogota,alquiler de carros bogota,4,13,"0,00",0 COP,"30,77 %",341 COP,1.364 COP,"9,09 %","90,91 %"
alquiler de auto bogota,Concordancia exacta (ligera variación),Nada,Búsqueda,Bogota,alquiler de carros bogota,4,21,"0,00",0 COP,"19,05 %",226 COP,905 COP,"0,00 %","88,24 %"
alquiler de vehículos bogotá,Concordancia exacta (ligera variación),Nada,Búsqueda,Bogota,alquiler de carros bogota,4,16,"1,41",1.709 COP,"25,00 %",601 COP,2.402 COP,"8,33 %","83,33 %"
alquiler de vehículos en bogota,Concordancia exacta (ligera variación),Nada,Búsqueda,Bogota,alquiler de carros bogota,4,15,"0,00",0 COP,"26,67 %",849 COP,3.397 COP,"14,29 %","64,29 %"
carros rentados bogota,Concordancia exacta (ligera variación),Nada,Búsqueda,Bogota,alquiler de carros bogota,4,6,"0,00",0 COP,"66,67 %",672 COP,2.688 COP,"20,00 %","100,00 %"
como alquilar un carro en bogota,Concordancia exacta (ligera variación),Nada,Búsqueda,Bogota,alquiler de carros bogota,4,21,"0,00",0 COP,"19,05 %",356 COP,1.422 COP,"5,26 %","84,21 %"
cuanto vale alquilar un carro en bogota,Concordancia exacta (ligera variación),Nada,Búsqueda,Bogota,alquiler de carros bogota,4,12,"0,00",0 COP,"33,33 %",158 COP,632 COP,"0,00 %","75,00 %"
donde alquilar carros en bogota,Concordancia exacta (ligera variación),Nada,Búsqueda,Bogota,alquiler de carros bogota,4,14,"0,00",0 COP,"28,57 %",770 COP,3.081 COP,"18,18 %","72,73 %"
renta carro en bogota,Concordancia exacta (ligera variación),Nada,Búsqueda,Bogota,alquiler de carros bogota,4,19,"0,00",0 COP,"21,05 %",929 COP,3.717 COP,"26,67 %","73,33 %"
renta de vehículos en bogotá,Concordancia exacta (ligera variación),Nada,Búsqueda,Bogota,alquiler de carros bogota,4,17,"0,00",0 COP,"23,53 %",588 COP,2.352 COP,"35,71 %","71,43 %"
rentar carros bogotá,Concordancia exacta (ligera variación),Nada,Búsqueda,Bogota,alquiler de carros bogota,4,8,"0,00",0 COP,"50,00 %",2.843 COP,11.373 COP,"57,14 %","100,00 %"
alquiler autos bogota economicos,Concordancia de frase (ligera variación),Nada,Búsqueda,Bogota,alquiler de carros bogota,4,12,"0,00",0 COP,"33,33 %",1.155 COP,4.620 COP,"0,00 %","80,00 %"
alquiler de camionetas en bogotá sin conductor,Concordancia de frase (ligera variación),Nada,Búsqueda,Bogota,alquiler de carros bogota,4,17,"0,00",0 COP,"23,53 %",286 COP,1.144 COP,"6,25 %","62,50 %"
renta car,Concordancia amplia,Nada,Búsqueda,Manizales,alquiler de carros manizales,4,13,"0,00",0 COP,"30,77 %",494 COP,1.976 COP,"55,56 %","100,00 %"
alquiler carros en manizales,Concordancia exacta (ligera variación),Nada,Búsqueda,Manizales,alquiler de carros manizales,4,12,"0,00",0 COP,"33,33 %",1.305 COP,5.221 COP,"22,22 %","88,89 %"
alquiler autos neiva,Concordancia exacta (ligera variación),Nada,Búsqueda,Neiva unica Airport,alquiler de carros en neiva,4,5,"0,00",0 COP,"80,00 %",453 COP,1.813 COP,"50,00 %","100,00 %"
renta carro armenia,Concordancia exacta (ligera variación),Nada,Búsqueda,Armenia unica Airport,alquiler de carros en armenia,4,7,"0,00",0 COP,"57,14 %",637 COP,2.548 COP,"14,29 %","57,14 %"
alquiler de carros armenia,Concordancia de frase (ligera variación),Añadido,Búsqueda,Armenia unica Airport,alquiler de carros en armenia,4,20,"1,00",3.411 COP,"20,00 %",853 COP,3.411 COP,"11,76 %","100,00 %"
alquilatucarro,Concordancia amplia,Nada,Búsqueda,Medellin,alquiler de carros medellin,4,4,"0,00",0 COP,"100,00 %",895 COP,3.581 COP,"100,00 %","100,00 %"
renta de carros,Concordancia amplia,Nada,Búsqueda,Medellin,alquiler de carros medellin,4,17,"0,00",0 COP,"23,53 %",1.187 COP,4.747 COP,"0,00 %","43,75 %"
rentadora olam,Concordancia amplia,Nada,Búsqueda,Cucuta unica Airport,alquiler de carros en cucuta,4,5,"0,00",0 COP,"80,00 %",622 COP,2.488 COP,"66,67 %","100,00 %"
alquiler carros en cucuta,Concordancia exacta (ligera variación),Nada,Búsqueda,Cucuta unica Airport,alquiler de carros en cucuta,4,9,"0,00",0 COP,"44,44 %",693 COP,2.772 COP,"66,67 %","100,00 %"
alquiler de autos cucuta,Concordancia exacta (ligera variación),Nada,Búsqueda,Cucuta unica Airport,alquiler de carros en cucuta,4,15,"0,00",0 COP,"26,67 %",581 COP,2.324 COP,"30,00 %","90,00 %"
alquiler de autos en cucuta colombia,Concordancia exacta (ligera variación),Nada,Búsqueda,Cucuta unica Airport,alquiler de carros en cucuta,4,13,"0,00",0 COP,"30,77 %",398 COP,1.591 COP,"37,50 %","100,00 %"
alquilatucarro,Concordancia amplia,Nada,Búsqueda,Monteria,alquiler de carros en monteria,4,13,"0,00",0 COP,"30,77 %",383 COP,1.533 COP,"100,00 %","100,00 %"
alquilar carro monteria,Concordancia exacta (ligera variación),Nada,Búsqueda,Monteria,alquiler de carros en monteria,4,10,"0,20",25.346 COP,"40,00 %",1.285 COP,5.142 COP,"14,29 %","85,71 %"
alquiler carros en monteria,Concordancia exacta (ligera variación),Nada,Búsqueda,Monteria,alquiler de carros en monteria,4,7,"0,00",0 COP,"57,14 %",1.063 COP,4.253 COP,"50,00 %","83,33 %"
rent car monteria,Concordancia exacta (ligera variación),Nada,Búsqueda,Monteria,alquiler de carros en monteria,4,20,"0,00",0 COP,"20,00 %",457 COP,1.827 COP,"28,57 %","92,86 %"
renta carro monteria,Concordancia exacta (ligera variación),Nada,Búsqueda,Monteria,alquiler de carros en monteria,4,20,"0,00",0 COP,"20,00 %",1.016 COP,4.063 COP,"21,43 %","92,86 %"
renta carros monteria,Concordancia exacta (ligera variación),Nada,Búsqueda,Monteria,alquiler de carros en monteria,4,12,"0,00",0 COP,"33,33 %",673 COP,2.692 COP,"33,33 %","100,00 %"
renta de carros en monteria cordoba,Concordancia exacta (ligera variación),Nada,Búsqueda,Monteria,alquiler de carros en monteria,4,7,"0,00",0 COP,"57,14 %",653 COP,2.610 COP,"40,00 %","100,00 %"
rentar carro,Concordancia amplia,Nada,Búsqueda,Barranquilla,alquiler de carros en barranquilla,4,20,"1,43",1.965 COP,"20,00 %",701 COP,2.803 COP,"20,00 %","85,00 %"
alquiler auto barranquilla,Concordancia exacta (ligera variación),Nada,Búsqueda,Barranquilla,alquiler de carros en barranquilla,4,16,"0,00",0 COP,"25,00 %",598 COP,2.392 COP,"18,18 %","100,00 %"
alquiler de auto en barranquilla,Concordancia exacta (ligera variación),Nada,Búsqueda,Barranquilla,alquiler de carros en barranquilla,4,6,"0,00",0 COP,"66,67 %",824 COP,3.294 COP,"0,00 %","60,00 %"
alquiler de carros en barranquilla por dia,Concordancia exacta (ligera variación),Nada,Búsqueda,Barranquilla,alquiler de carros en barranquilla,4,13,"0,00",0 COP,"30,77 %",597 COP,2.389 COP,"20,00 %","70,00 %"
alquiler de vehiculos en barranquilla,Concordancia exacta (ligera variación),Nada,Búsqueda,Barranquilla,alquiler de carros en barranquilla,4,20,"0,00",0 COP,"20,00 %",1.377 COP,5.508 COP,"20,00 %","93,33 %"
renta de vehiculos en barranquilla,Concordancia exacta (ligera variación),Nada,Búsqueda,Barranquilla,alquiler de carros en barranquilla,4,7,"0,00",0 COP,"57,14 %",767 COP,3.067 COP,"60,00 %","100,00 %"
alquiler de carro,Concordancia amplia,Nada,Búsqueda,Bucaramanga unica Airport,alquiler de carros en bucaramanga,4,11,"0,00",0 COP,"36,36 %",279 COP,1.117 COP,"30,00 %","80,00 %"
carros en alquiler bucaramanga,Concordancia exacta (ligera variación),Nada,Búsqueda,Bucaramanga unica Airport,alquiler de carros en bucaramanga,4,11,"0,00",0 COP,"36,36 %",220 COP,878 COP,"22,22 %","77,78 %"
rentar carro en bucaramanga,Concordancia exacta (ligera variación),Nada,Búsqueda,Bucaramanga unica Airport,alquiler de carros en bucaramanga,4,13,"0,94",2.275 COP,"30,77 %",536 COP,2.144 COP,"0,00 %","90,91 %"
alquiler de autos en valledupar,Concordancia exacta (ligera variación),Nada,Búsqueda,Valledupar unica Airport,alquiler de carros en valledupar,4,8,"0,00",0 COP,"50,00 %",269 COP,1.077 COP,"0,00 %","100,00 %"
alquiler de vehiculos valledupar,Concordancia exacta (ligera variación),Nada,Búsqueda,Valledupar unica Airport,alquiler de carros en valledupar,4,6,"0,00",0 COP,"66,67 %",415 COP,1.661 COP,"75,00 %","100,00 %"
renta de carros en valledupar,Concordancia exacta (ligera variación),Nada,Búsqueda,Valledupar unica Airport,alquiler de carros en valledupar,4,13,"0,00",0 COP,"30,77 %",609 COP,2.437 COP,"44,44 %","88,89 %"
alquiler de carros cerca de mi ubicación,Concordancia amplia,Nada,Búsqueda,Santa marta,alquiler de carros santa marta,4,8,"0,00",0 COP,"50,00 %",836 COP,3.345 COP,"40,00 %","100,00 %"
renta car,Concordancia amplia,Nada,Búsqueda,Santa marta,alquiler de carros santa marta,4,18,"1,00",2.833 COP,"22,22 %",708 COP,2.833 COP,"25,00 %","100,00 %"
alquiler auto santa marta,Concordancia exacta (ligera variación),Nada,Búsqueda,Santa marta,alquiler de carros santa marta,4,9,"2,00",1.223 COP,"44,44 %",611 COP,2.445 COP,"0,00 %","87,50 %"
alquiler de autos santa marta,Concordancia exacta (ligera variación),Nada,Búsqueda,Santa marta,alquiler de carros santa marta,4,24,"0,00",0 COP,"16,67 %",1.624 COP,6.496 COP,"31,25 %","87,50 %"
renta carro santa marta,Concordancia exacta (ligera variación),Nada,Búsqueda,Santa marta,alquiler de carros santa marta,4,19,"0,00",0 COP,"21,05 %",920 COP,3.681 COP,"0,00 %","83,33 %"
renta de vehiculos santa marta,Concordancia exacta (ligera variación),Nada,Búsqueda,Santa marta,alquiler de carros santa marta,4,9,"0,00",0 COP,"44,44 %",835 COP,3.338 COP,"25,00 %","87,50 %"
alquiler de carros,Concordancia amplia,Nada,Búsqueda,Villavicencio,alquiler de carros villavicencio,4,7,"1,41",1.790 COP,"57,14 %",629 COP,2.515 COP,"42,86 %","100,00 %"
alquiler de carros baratos en villavicencio,Concordancia exacta (ligera variación),Nada,Búsqueda,Villavicencio,alquiler de carros villavicencio,4,8,"0,00",0 COP,"50,00 %",357 COP,1.427 COP,"37,50 %","100,00 %"
alquiler de carro,Concordancia amplia,Nada,Búsqueda,Villavicencio,alquiler de carros en villavicencio,4,6,"0,00",0 COP,"66,67 %",455 COP,1.821 COP,"20,00 %","80,00 %"
alquilar carro en villavicencio,Concordancia exacta (ligera variación),Nada,Búsqueda,Villavicencio,alquiler de carros en villavicencio,4,7,"1,00",5.258 COP,"57,14 %",1.315 COP,5.258 COP,"40,00 %","100,00 %"
alquiler de carro en villavicencio,Concordancia exacta (ligera variación),Nada,Búsqueda,Villavicencio,alquiler de carros en villavicencio,4,16,"0,00",0 COP,"25,00 %",640 COP,2.560 COP,"50,00 %","90,00 %"
alquiler de autos,Concordancia amplia,Nada,Búsqueda,Cartagena unica Airport,alquiler de carros en cartagena,3,4,"0,00",0 COP,"75,00 %",414 COP,1.241 COP,"25,00 %","100,00 %"
alquiler de carros en cartagena por días,Concordancia exacta (ligera variación),Nada,Búsqueda,Cartagena unica Airport,alquiler de carros en cartagena,3,8,"0,00",0 COP,"37,50 %",798 COP,2.394 COP,"14,29 %","85,71 %"
alquiler de vehiculo cartagena,Concordancia exacta (ligera variación),Nada,Búsqueda,Cartagena unica Airport,alquiler de carros en cartagena,3,9,"0,00",0 COP,"33,33 %",1.670 COP,5.009 COP,"14,29 %","71,43 %"
renta autos cartagena,Concordancia exacta (ligera variación),Nada,Búsqueda,Cartagena unica Airport,alquiler de carros en cartagena,3,18,"0,00",0 COP,"16,67 %",927 COP,2.782 COP,"20,00 %","100,00 %"
alquiler auto cartagena de indias,Concordancia de frase (ligera variación),Nada,Búsqueda,Cartagena unica Airport,alquiler de carros en cartagena,3,3,"0,00",0 COP,"100,00 %",755 COP,2.265 COP,"0,00 %","66,67 %"
alquiler camioneta cartagena,Concordancia de frase (ligera variación),Nada,Búsqueda,Cartagena unica Airport,alquiler de carros en cartagena,3,8,"0,50",2.060 COP,"37,50 %",343 COP,1.030 COP,"0,00 %","85,71 %"
alquiler de auto en cartagena de indias,Concordancia de frase (ligera variación),Nada,Búsqueda,Cartagena unica Airport,alquiler de carros en cartagena,3,6,"0,00",0 COP,"50,00 %",1.076 COP,3.229 COP,"0,00 %","80,00 %"
alquiler de carros cartagena colombia,Concordancia de frase (ligera variación),Nada,Búsqueda,Cartagena unica Airport,alquiler de carros en cartagena,3,7,"0,00",0 COP,"42,86 %",464 COP,1.392 COP,"0,00 %","100,00 %"
alquiler de vehiculos en cartagena colombia,Concordancia de frase (ligera variación),Nada,Búsqueda,Cartagena unica Airport,alquiler de carros en cartagena,3,12,"0,00",0 COP,"25,00 %",623 COP,1.868 COP,"10,00 %","70,00 %"
rent a car cartagena aeropuerto,Concordancia de frase (ligera variación),Nada,Búsqueda,Cartagena unica Airport,alquiler de carros en cartagena,3,9,"0,00",0 COP,"33,33 %",1.410 COP,4.231 COP,"0,00 %","100,00 %"
alquila tu carro com,Concordancia amplia,Nada,Búsqueda,Medellin,alquiler de carros en medellin,3,3,"0,00",0 COP,"100,00 %",364 COP,1.091 COP,"66,67 %","100,00 %"
alquiler de carros,Concordancia amplia,Nada,Búsqueda,Medellin,alquiler de carros en medellin,3,44,"0,00",0 COP,"6,82 %",269 COP,806 COP,"0,00 %","48,78 %"
rent a car,Concordancia amplia,Nada,Búsqueda,Medellin,alquiler de carros en medellin,3,13,"0,00",0 COP,"23,08 %",901 COP,2.702 COP,"40,00 %","90,00 %"
renta car,Concordancia amplia,Nada,Búsqueda,Medellin,alquiler de carros en medellin,3,15,"0,00",0 COP,"20,00 %",361 COP,1.083 COP,"7,14 %","64,29 %"
alquilar carro en medellin,Concordancia exacta (ligera variación),Nada,Búsqueda,Medellin,alquiler de carros en medellin,3,34,"0,00",0 COP,"8,82 %",968 COP,2.903 COP,"0,00 %","47,06 %"
renta de carros en medellin,Concordancia exacta (ligera variación),Nada,Búsqueda,Medellin,alquiler de carros en medellin,3,7,"0,00",0 COP,"42,86 %",1.380 COP,4.139 COP,"0,00 %","28,57 %"
rentacarmedellin,Concordancia exacta (ligera variación),Nada,Búsqueda,Medellin,alquiler de carros en medellin,3,19,"0,00",0 COP,"15,79 %",1.125 COP,3.374 COP,"11,76 %","70,59 %"
rentar auto medellin,Concordancia exacta (ligera variación),Nada,Búsqueda,Medellin,alquiler de carros en medellin,3,15,"1,00",3.874 COP,"20,00 %",1.291 COP,3.874 COP,"0,00 %","69,23 %"
renta de carros medellín económicos,Concordancia de frase (ligera variación),Nada,Búsqueda,Medellin,alquiler de carros en medellin,3,35,"0,00",0 COP,"8,57 %",1.321 COP,3.962 COP,"6,06 %","78,79 %"
alquiler auto,Concordancia amplia,Nada,Búsqueda,Bogota,alquiler de carros bogota,3,6,"0,00",0 COP,"50,00 %",592 COP,1.776 COP,"0,00 %","100,00 %"
alquiler carro 7 puestos,Concordancia amplia,Nada,Búsqueda,Bogota,alquiler de carros bogota,3,8,"0,00",0 COP,"37,50 %",502 COP,1.505 COP,"0,00 %","85,71 %"
alquiler de camioneta,Concordancia amplia,Nada,Búsqueda,Bogota,alquiler de carros bogota,3,13,"0,00",0 COP,"23,08 %",418 COP,1.253 COP,"0,00 %","63,64 %"
alquiler de carros baratos,Concordancia amplia,Nada,Búsqueda,Bogota,alquiler de carros bogota,3,9,"0,00",0 COP,"33,33 %",642 COP,1.927 COP,"0,00 %","75,00 %"
alquiler de vehiculo,Concordancia amplia,Nada,Búsqueda,Bogota,alquiler de carros bogota,3,7,"0,00",0 COP,"42,86 %",905 COP,2.715 COP,"0,00 %","85,71 %"
alquiler de vehículos,Concordancia amplia,Nada,Búsqueda,Bogota,alquiler de carros bogota,3,10,"0,00",0 COP,"30,00 %",1.342 COP,4.026 COP,"0,00 %","60,00 %"
alquiler vehículo,Concordancia amplia,Nada,Búsqueda,Bogota,alquiler de carros bogota,3,3,"0,00",0 COP,"100,00 %",993 COP,2.978 COP,"0,00 %","100,00 %"
car rental,Concordancia amplia,Nada,Búsqueda,Bogota,alquiler de carros bogota,3,11,"0,00",0 COP,"27,27 %",791 COP,2.374 COP,"18,18 %","90,91 %"
carro alquiler,Concordancia amplia,Nada,Búsqueda,Bogota,alquiler de carros bogota,3,11,"0,00",0 COP,"27,27 %",549 COP,1.646 COP,"22,22 %","88,89 %"
carros alquiler,Concordancia amplia,Nada,Búsqueda,Bogota,alquiler de carros bogota,3,13,"0,00",0 COP,"23,08 %",700 COP,2.101 COP,"10,00 %","80,00 %"
cuánto cuesta alquilar un carro,Concordancia amplia,Nada,Búsqueda,Bogota,alquiler de carros bogota,3,2,"0,00",0 COP,"150,00 %",76 COP,229 COP,"50,00 %","100,00 %"
renta de vehiculos,Concordancia amplia,Nada,Búsqueda,Bogota,alquiler de carros bogota,3,7,"0,00",0 COP,"42,86 %",749 COP,2.246 COP,"14,29 %","100,00 %"
alquilar carros bogota,Concordancia exacta (ligera variación),Nada,Búsqueda,Bogota,alquiler de carros bogota,3,12,"0,00",0 COP,"25,00 %",651 COP,1.953 COP,"9,09 %","72,73 %"
alquiler carro bogota precio,Concordancia exacta (ligera variación),Nada,Búsqueda,Bogota,alquiler de carros bogota,3,15,"1,00",1.217 COP,"20,00 %",406 COP,1.217 COP,"14,29 %","78,57 %"
alquiler carro bogotá,Concordancia exacta (ligera variación),Nada,Búsqueda,Bogota,alquiler de carros bogota,3,10,"0,00",0 COP,"30,00 %",527 COP,1.582 COP,"0,00 %","70,00 %"
alquiler carro en bogota,Concordancia exacta (ligera variación),Nada,Búsqueda,Bogota,alquiler de carros bogota,3,10,"1,00",1.543 COP,"30,00 %",514 COP,1.543 COP,"10,00 %","70,00 %"
alquiler de autos bogotá,Concordancia exacta (ligera variación),Nada,Búsqueda,Bogota,alquiler de carros bogota,3,9,"0,00",0 COP,"33,33 %",393 COP,1.179 COP,"25,00 %","87,50 %"
alquiler de carro bogota colombia,Concordancia exacta (ligera variación),Nada,Búsqueda,Bogota,alquiler de carros bogota,3,11,"0,00",0 COP,"27,27 %",2.270 COP,6.811 COP,"12,50 %","75,00 %"
alquiler de carro bogotá,Concordancia exacta (ligera variación),Nada,Búsqueda,Bogota,alquiler de carros bogota,3,19,"0,00",0 COP,"15,79 %",661 COP,1.984 COP,"6,67 %","80,00 %"
alquiler de carro en bogota precio,Concordancia exacta (ligera variación),Nada,Búsqueda,Bogota,alquiler de carros bogota,3,6,"0,00",0 COP,"50,00 %",919 COP,2.758 COP,"16,67 %","66,67 %"
alquiler de carro en bogotá,Concordancia exacta (ligera variación),Nada,Búsqueda,Bogota,alquiler de carros bogota,3,15,"0,00",0 COP,"20,00 %",1.205 COP,3.615 COP,"0,00 %","90,91 %"
alquiler de coches bogota,Concordancia exacta (ligera variación),Nada,Búsqueda,Bogota,alquiler de carros bogota,3,7,"0,00",0 COP,"42,86 %",600 COP,1.800 COP,"28,57 %","100,00 %"
alquiler de vehiculos en bogota precios,Concordancia exacta (ligera variación),Nada,Búsqueda,Bogota,alquiler de carros bogota,3,3,"0,00",0 COP,"100,00 %",337 COP,1.010 COP,"0,00 %","100,00 %"
carros en renta bogota,Concordancia exacta (ligera variación),Nada,Búsqueda,Bogota,alquiler de carros bogota,3,15,"0,00",0 COP,"20,00 %",303 COP,910 COP,"9,09 %","81,82 %"
donde rentar carros en bogota,Concordancia exacta (ligera variación),Nada,Búsqueda,Bogota,alquiler de carros bogota,3,10,"0,00",0 COP,"30,00 %",1.291 COP,3.874 COP,"22,22 %","77,78 %"
renta cars bogota,Concordancia exacta (ligera variación),Nada,Búsqueda,Bogota,alquiler de carros bogota,3,12,"0,00",0 COP,"25,00 %",803 COP,2.409 COP,"9,09 %","90,91 %"
rentar carro bogotá,Concordancia exacta (ligera variación),Nada,Búsqueda,Bogota,alquiler de carros bogota,3,9,"0,00",0 COP,"33,33 %",942 COP,2.825 COP,"14,29 %","100,00 %"
rentar un carro en bogota,Concordancia exacta (ligera variación),Nada,Búsqueda,Bogota,alquiler de carros bogota,3,15,"0,00",0 COP,"20,00 %",1.201 COP,3.602 COP,"0,00 %","71,43 %"
rentas de carros en bogota,Concordancia exacta (ligera variación),Nada,Búsqueda,Bogota,alquiler de carros bogota,3,10,"0,00",0 COP,"30,00 %",1.073 COP,3.219 COP,"25,00 %","62,50 %"
alquiler camioneta 7 puestos bogotá,Concordancia de frase (ligera variación),Nada,Búsqueda,Bogota,alquiler de carros bogota,3,14,"0,00",0 COP,"21,43 %",628 COP,1.883 COP,"0,00 %","78,57 %"
alquiler camioneta bogota,Concordancia de frase (ligera variación),Nada,Búsqueda,Bogota,alquiler de carros bogota,3,12,"0,00",0 COP,"25,00 %",324 COP,973 COP,"0,00 %","75,00 %"
renta car bogota,Concordancia de frase (ligera variación),Añadido,Búsqueda,Bogota,alquiler de carros bogota,3,3,"0,00",0 COP,"100,00 %",1.224 COP,3.672 COP,"100,00 %","100,00 %"
alquiler de autos,Concordancia amplia,Nada,Búsqueda,Manizales,alquiler de carros manizales,3,3,"0,00",0 COP,"100,00 %",442 COP,1.326 COP,"100,00 %","100,00 %"
rent a car,Concordancia amplia,Nada,Búsqueda,Manizales,alquiler de carros manizales,3,19,"0,15",67.217 COP,"15,79 %",3.289 COP,9.868 COP,"25,00 %","93,75 %"
renta autos,Concordancia amplia,Nada,Búsqueda,Manizales,alquiler de carros manizales,3,3,"0,00",0 COP,"100,00 %",458 COP,1.374 COP,"50,00 %","100,00 %"
alquilar carro manizales,Concordancia exacta (ligera variación),Nada,Búsqueda,Manizales,alquiler de carros manizales,3,7,"0,00",0 COP,"42,86 %",249 COP,748 COP,"16,67 %","100,00 %"
alquiler de autos en neiva,Concordancia exacta (ligera variación),Nada,Búsqueda,Neiva unica Airport,alquiler de carros en neiva,3,7,"0,00",0 COP,"42,86 %",694 COP,2.081 COP,"60,00 %","100,00 %"
alquiler de carros en armenia aeropuerto,Concordancia de frase,Nada,Búsqueda,Armenia unica Airport,alquiler de carros en armenia,3,12,"0,01",423.499 COP,"25,00 %",823 COP,2.469 COP,"0,00 %","100,00 %"
alquiler carro armenia,Concordancia amplia,Añadido,Búsqueda,Armenia unica Airport,alquiler de carros en armenia,3,14,"0,00",0 COP,"21,43 %",231 COP,693 COP,"7,69 %","76,92 %"
carlujos rent a car,Concordancia amplia,Nada,Búsqueda,Armenia unica Airport,alquiler de carros en armenia,3,6,"0,00",0 COP,"50,00 %",502 COP,1.505 COP,"50,00 %","100,00 %"
alquiler de autos en armenia,Concordancia exacta (ligera variación),Nada,Búsqueda,Armenia unica Airport,alquiler de carros en armenia,3,4,"0,00",0 COP,"75,00 %",352 COP,1.056 COP,"50,00 %","100,00 %"
alquiler de vehículos en armenia,Concordancia exacta (ligera variación),Nada,Búsqueda,Armenia unica Airport,alquiler de carros en armenia,3,11,"0,00",0 COP,"27,27 %",1.439 COP,4.318 COP,"30,00 %","100,00 %"
rentacar armenia,Concordancia exacta (ligera variación),Nada,Búsqueda,Armenia unica Airport,alquiler de carros en armenia,3,32,"0,00",0 COP,"9,38 %",1.088 COP,3.263 COP,"8,00 %","80,00 %"
rentar carro en armenia,Concordancia exacta (ligera variación),Nada,Búsqueda,Armenia unica Airport,alquiler de carros en armenia,3,8,"1,00",3.104 COP,"37,50 %",1.035 COP,3.104 COP,"0,00 %","83,33 %"
alquiler carros armenia,Concordancia de frase (ligera variación),Nada,Búsqueda,Armenia unica Airport,alquiler de carros en armenia,3,6,"0,00",0 COP,"50,00 %",464 COP,1.393 COP,"50,00 %","100,00 %"
alquiler de carros en medellín económicos,Concordancia de frase,Nada,Búsqueda,Medellin,alquiler de carros medellin,3,22,"0,00",0 COP,"13,64 %",1.103 COP,3.310 COP,"12,50 %","81,25 %"
rentar carro,Concordancia amplia,Nada,Búsqueda,Medellin,alquiler de carros medellin,3,12,"0,00",0 COP,"25,00 %",1.000 COP,3.001 COP,"9,09 %","81,82 %"
renta de carros en medellin colombia,Concordancia exacta (ligera variación),Nada,Búsqueda,Medellin,alquiler de carros medellin,3,4,"0,00",0 COP,"75,00 %",1.739 COP,5.216 COP,"0,00 %","50,00 %"
alquilar carros,Concordancia amplia,Nada,Búsqueda,Ibague,alquiler de carros ibague,3,2,"0,00",0 COP,"150,00 %",346 COP,1.038 COP,"100,00 %","100,00 %"
rent a car,Concordancia amplia,Nada,Búsqueda,Ibague,alquiler de carros ibague,3,11,"0,00",0 COP,"27,27 %",269 COP,807 COP,"75,00 %","100,00 %"
renta de carros,Concordancia amplia,Nada,Búsqueda,Ibague,alquiler de carros ibague,3,5,"0,00",0 COP,"60,00 %",536 COP,1.607 COP,"25,00 %","100,00 %"
rentacar,Concordancia amplia,Nada,Búsqueda,Ibague,alquiler de carros ibague,3,10,"0,00",0 COP,"30,00 %",1.018 COP,3.053 COP,"22,22 %","100,00 %"
alquiler autos,Concordancia amplia,Nada,Búsqueda,Cucuta unica Airport,alquiler de carros en cucuta,3,5,"0,00",0 COP,"60,00 %",869 COP,2.606 COP,"33,33 %","100,00 %"
alquiler vehiculo bucaramanga,Concordancia exacta (ligera variación),Nada,Búsqueda,Bucaramanga unica Airport,alquiler de carros en bucaramanga,3,6,"0,00",0 COP,"50,00 %",216 COP,648 COP,"0,00 %","83,33 %"
renta carro bucaramanga,Concordancia exacta (ligera variación),Nada,Búsqueda,Bucaramanga unica Airport,alquiler de carros en bucaramanga,3,35,"1,00",1.959 COP,"8,57 %",653 COP,1.959 COP,"16,67 %","91,67 %"
renta de vehiculos en bucaramanga,Concordancia exacta (ligera variación),Nada,Búsqueda,Bucaramanga unica Airport,alquiler de carros en bucaramanga,3,6,"0,00",0 COP,"50,00 %",1.090 COP,3.269 COP,"0,00 %","100,00 %"
rentar carros en bucaramanga,Concordancia exacta (ligera variación),Nada,Búsqueda,Bucaramanga unica Airport,alquiler de carros en bucaramanga,3,10,"0,00",0 COP,"30,00 %",526 COP,1.577 COP,"22,22 %","77,78 %"
alquiler camionetas bucaramanga,Concordancia de frase (ligera variación),Nada,Búsqueda,Bucaramanga unica Airport,alquiler de carros en bucaramanga,3,7,"0,00",0 COP,"42,86 %",284 COP,852 COP,"0,00 %","50,00 %"
alquiler de carros bucaramanga,Concordancia de frase (ligera variación),Nada,Búsqueda,Bucaramanga unica Airport,alquiler de carros en bucaramanga,3,4,"0,00",0 COP,"75,00 %",217 COP,650 COP,"25,00 %","75,00 %"
alquilar carro en valledupar,Concordancia exacta (ligera variación),Nada,Búsqueda,Valledupar unica Airport,alquiler de carros en valledupar,3,5,"0,00",0 COP,"60,00 %",382 COP,1.145 COP,"75,00 %","100,00 %"
alquiler de vehículos valledupar,Concordancia exacta (ligera variación),Nada,Búsqueda,Valledupar unica Airport,alquiler de carros en valledupar,3,5,"0,00",0 COP,"60,00 %",754 COP,2.262 COP,"50,00 %","100,00 %"
rent car valledupar,Concordancia exacta (ligera variación),Nada,Búsqueda,Valledupar unica Airport,alquiler de carros en valledupar,3,5,"0,00",0 COP,"60,00 %",1.050 COP,3.149 COP,"60,00 %","100,00 %"
renta autos valledupar,Concordancia exacta (ligera variación),Nada,Búsqueda,Valledupar unica Airport,alquiler de carros en valledupar,3,4,"0,00",0 COP,"75,00 %",603 COP,1.809 COP,"75,00 %","100,00 %"
renta de vehiculos valledupar,Concordancia exacta (ligera variación),Nada,Búsqueda,Valledupar unica Airport,alquiler de carros en valledupar,3,7,"0,00",0 COP,"42,86 %",974 COP,2.923 COP,"50,00 %","100,00 %"
alquiler de carros economicos en santa marta,Concordancia de frase,Nada,Búsqueda,Santa marta,alquiler de carros santa marta,3,14,"0,00",0 COP,"21,43 %",517 COP,1.552 COP,"8,33 %","66,67 %"
alquiler de carros rodadero santa marta,Concordancia de frase,Nada,Búsqueda,Santa marta,alquiler de carros santa marta,3,9,"0,00",0 COP,"33,33 %",423 COP,1.270 COP,"11,11 %","100,00 %"
alquilatucarro,Concordancia amplia,Nada,Búsqueda,Santa marta,alquiler de carros santa marta,3,3,"0,00",0 COP,"100,00 %",184 COP,552 COP,"100,00 %","100,00 %"
alquilar carro santa marta,Concordancia exacta (ligera variación),Nada,Búsqueda,Santa marta,alquiler de carros santa marta,3,7,"0,00",0 COP,"42,86 %",1.297 COP,3.892 COP,"16,67 %","83,33 %"
alquiler carros en santa marta,Concordancia exacta (ligera variación),Nada,Búsqueda,Santa marta,alquiler de carros santa marta,3,14,"0,00",0 COP,"21,43 %",345 COP,1.034 COP,"0,00 %","91,67 %"
alquiler de vehiculo en santa marta,Concordancia exacta (ligera variación),Nada,Búsqueda,Santa marta,alquiler de carros santa marta,3,12,"0,00",0 COP,"25,00 %",447 COP,1.340 COP,"11,11 %","66,67 %"
alquiler de vehículos en santa marta,Concordancia exacta (ligera variación),Nada,Búsqueda,Santa marta,alquiler de carros santa marta,3,9,"2,00",930 COP,"33,33 %",620 COP,1.860 COP,"14,29 %","85,71 %"
carros alquiler santa marta,Concordancia exacta (ligera variación),Nada,Búsqueda,Santa marta,alquiler de carros santa marta,3,4,"0,00",0 COP,"75,00 %",659 COP,1.978 COP,"0,00 %","75,00 %"
renta de carros en santa marta colombia,Concordancia exacta (ligera variación),Nada,Búsqueda,Santa marta,alquiler de carros santa marta,3,7,"0,00",0 COP,"42,86 %",630 COP,1.890 COP,"25,00 %","75,00 %"
renta vehiculos santa marta,Concordancia exacta (ligera variación),Nada,Búsqueda,Santa marta,alquiler de carros santa marta,3,7,"0,00",0 COP,"42,86 %",901 COP,2.704 COP,"14,29 %","85,71 %"
rentar carro en santa marta,Concordancia exacta (ligera variación),Nada,Búsqueda,Santa marta,alquiler de carros santa marta,3,25,"0,00",0 COP,"12,00 %",455 COP,1.364 COP,"4,17 %","70,83 %"
rentar un carro en santa marta,Concordancia exacta (ligera variación),Nada,Búsqueda,Santa marta,alquiler de carros santa marta,3,6,"0,00",0 COP,"50,00 %",1.156 COP,3.469 COP,"16,67 %","100,00 %"
rent car villavicencio,Concordancia exacta (ligera variación),Nada,Búsqueda,Villavicencio,alquiler de carros villavicencio,3,5,"0,00",0 COP,"60,00 %",814 COP,2.443 COP,"75,00 %","100,00 %"
rentacar villavicencio,Concordancia exacta (ligera variación),Nada,Búsqueda,Villavicencio,alquiler de carros villavicencio,3,10,"0,00",0 COP,"30,00 %",1.169 COP,3.507 COP,"83,33 %","100,00 %"
alquiler carros,Concordancia amplia,Nada,Búsqueda,Cucuta unica Airport,alquiler de carros en cucuta,3,2,"0,00",0 COP,"150,00 %",397 COP,1.191 COP,"0,00 %","100,00 %"
rent a car,Concordancia amplia,Nada,Búsqueda,Cucuta unica Airport,alquiler de carros en cucuta,3,7,"0,00",0 COP,"42,86 %",426 COP,1.277 COP,"28,57 %","100,00 %"
alquilar carro en cucuta,Concordancia exacta (ligera variación),Nada,Búsqueda,Cucuta unica Airport,alquiler de carros en cucuta,3,9,"0,00",0 COP,"33,33 %",401 COP,1.203 COP,"42,86 %","85,71 %"
alquiler de carros en cúcuta precio,Concordancia exacta (ligera variación),Nada,Búsqueda,Cucuta unica Airport,alquiler de carros en cucuta,3,14,"0,00",0 COP,"21,43 %",230 COP,689 COP,"41,67 %","75,00 %"
rent car cucuta,Concordancia exacta (ligera variación),Nada,Búsqueda,Cucuta unica Airport,alquiler de carros en cucuta,3,5,"1,00",1.430 COP,"60,00 %",477 COP,1.430 COP,"40,00 %","100,00 %"
renta car,Concordancia amplia,Nada,Búsqueda,Monteria,alquiler de carros en monteria,3,14,"1,00",781 COP,"21,43 %",260 COP,781 COP,"30,00 %","100,00 %"
alquiler autos monteria,Concordancia exacta (ligera variación),Nada,Búsqueda,Monteria,alquiler de carros en monteria,3,13,"0,00",0 COP,"23,08 %",987 COP,2.961 COP,"20,00 %","90,00 %"
rentar carro en monteria,Concordancia de frase (ligera variación),Nada,Búsqueda,Monteria,alquiler de carros en monteria,3,6,"0,00",0 COP,"50,00 %",926 COP,2.777 COP,"66,67 %","100,00 %"
alquiler coche barranquilla,Concordancia exacta (ligera variación),Nada,Búsqueda,Barranquilla,alquiler de carros en barranquilla,3,15,"0,00",0 COP,"20,00 %",1.683 COP,5.048 COP,"8,33 %","66,67 %"
alquiler de auto barranquilla,Concordancia exacta (ligera variación),Nada,Búsqueda,Barranquilla,alquiler de carros en barranquilla,3,9,"0,00",0 COP,"33,33 %",762 COP,2.286 COP,"16,67 %","83,33 %"
alquiler de carro en barranquilla precios,Concordancia exacta (ligera variación),Nada,Búsqueda,Barranquilla,alquiler de carros en barranquilla,3,11,"0,00",0 COP,"27,27 %",401 COP,1.202 COP,"0,00 %","63,64 %"
alquiler de carro por dia barranquilla,Concordancia exacta (ligera variación),Nada,Búsqueda,Barranquilla,alquiler de carros en barranquilla,3,9,"0,00",0 COP,"33,33 %",359 COP,1.077 COP,"0,00 %","100,00 %"
alquiler de vehiculo barranquilla,Concordancia exacta (ligera variación),Nada,Búsqueda,Barranquilla,alquiler de carros en barranquilla,3,6,"0,00",0 COP,"50,00 %",1.082 COP,3.245 COP,"50,00 %","100,00 %"
carros alquiler barranquilla,Concordancia exacta (ligera variación),Nada,Búsqueda,Barranquilla,alquiler de carros en barranquilla,3,12,"0,00",0 COP,"25,00 %",705 COP,2.116 COP,"33,33 %","88,89 %"
carros para alquilar en barranquilla,Concordancia exacta (ligera variación),Nada,Búsqueda,Barranquilla,alquiler de carros en barranquilla,3,6,"0,00",0 COP,"50,00 %",414 COP,1.242 COP,"75,00 %","100,00 %"
rentar carros barranquilla,Concordancia exacta (ligera variación),Nada,Búsqueda,Barranquilla,alquiler de carros en barranquilla,3,8,"0,00",0 COP,"37,50 %",313 COP,939 COP,"14,29 %","85,71 %"
alquilatucarro,Concordancia amplia,Nada,Búsqueda,Bucaramanga unica Airport,alquiler de carros en bucaramanga,3,4,"0,00",0 COP,"75,00 %",729 COP,2.188 COP,"100,00 %","100,00 %"
alquiler de autos,Concordancia amplia,Nada,Búsqueda,Bucaramanga unica Airport,alquiler de carros en bucaramanga,3,9,"0,00",0 COP,"33,33 %",291 COP,874 COP,"33,33 %","66,67 %"
alquiler auto bucaramanga,Concordancia exacta (ligera variación),Nada,Búsqueda,Bucaramanga unica Airport,alquiler de carros en bucaramanga,3,10,"0,00",0 COP,"30,00 %",481 COP,1.443 COP,"25,00 %","87,50 %"
alquiler de vehiculo en cartagena,Concordancia exacta (ligera variación),Nada,Búsqueda,Cartagena unica Airport,alquiler de carros en cartagena,2,20,"0,00",0 COP,"10,00 %",845 COP,1.689 COP,"0,00 %","76,47 %"
alquiler vehiculos en cartagena,Concordancia exacta (ligera variación),Nada,Búsqueda,Cartagena unica Airport,alquiler de carros en cartagena,2,6,"0,00",0 COP,"33,33 %",782 COP,1.563 COP,"50,00 %","75,00 %"
cuanto cuesta alquilar un carro en cartagena,Concordancia exacta (ligera variación),Nada,Búsqueda,Cartagena unica Airport,alquiler de carros en cartagena,2,8,"0,00",0 COP,"25,00 %",166 COP,332 COP,"0,00 %","87,50 %"
cuanto cuesta rentar un carro en cartagena,Concordancia exacta (ligera variación),Nada,Búsqueda,Cartagena unica Airport,alquiler de carros en cartagena,2,3,"0,00",0 COP,"66,67 %",800 COP,1.600 COP,"50,00 %","100,00 %"
renta de auto cartagena,Concordancia exacta (ligera variación),Nada,Búsqueda,Cartagena unica Airport,alquiler de carros en cartagena,2,5,"0,00",0 COP,"40,00 %",1.300 COP,2.600 COP,"25,00 %","75,00 %"
renta de carro cartagena,Concordancia exacta (ligera variación),Nada,Búsqueda,Cartagena unica Airport,alquiler de carros en cartagena,2,18,"0,00",0 COP,"11,11 %",882 COP,1.763 COP,"20,00 %","93,33 %"
renta de vehiculos en cartagena,Concordancia exacta (ligera variación),Nada,Búsqueda,Cartagena unica Airport,alquiler de carros en cartagena,2,14,"0,00",0 COP,"14,29 %",717 COP,1.434 COP,"30,00 %","90,00 %"
alquiler de carro cartagena colombia,Concordancia de frase (ligera variación),Nada,Búsqueda,Cartagena unica Airport,alquiler de carros en cartagena,2,11,"0,00",0 COP,"18,18 %",1.446 COP,2.891 COP,"55,56 %","88,89 %"
alquiler de carros cartagena aeropuerto,Concordancia de frase (ligera variación),Nada,Búsqueda,Cartagena unica Airport,alquiler de carros en cartagena,2,13,"0,00",0 COP,"15,38 %",640 COP,1.279 COP,"0,00 %","91,67 %"
alquiler de carros cartagena bocagrande,Concordancia de frase (ligera variación),Nada,Búsqueda,Cartagena unica Airport,alquiler de carros en cartagena,2,3,"0,00",0 COP,"66,67 %",731 COP,1.462 COP,"33,33 %","100,00 %"
arrendar auto en cartagena de indias,Concordancia de frase (ligera variación),Nada,Búsqueda,Cartagena unica Airport,alquiler de carros en cartagena,2,1,"0,00",0 COP,"200,00 %",105 COP,210 COP,"100,00 %","100,00 %"
renta de carros en cartagena colombia,Concordancia de frase (ligera variación),Nada,Búsqueda,Cartagena unica Airport,alquiler de carros en cartagena,2,3,"0,00",0 COP,"66,67 %",1.147 COP,2.294 COP,"33,33 %","33,33 %"
alquiler carro,Concordancia amplia,Nada,Búsqueda,Medellin,alquiler de carros en medellin,2,12,"0,00",0 COP,"16,67 %",463 COP,925 COP,"8,33 %","50,00 %"
renta de vehiculos,Concordancia amplia,Nada,Búsqueda,Medellin,alquiler de carros en medellin,2,5,"1,00",5.018 COP,"40,00 %",2.509 COP,5.018 COP,"0,00 %","40,00 %"
rentar carro,Concordancia amplia,Nada,Búsqueda,Medellin,alquiler de carros en medellin,2,15,"0,00",0 COP,"13,33 %",992 COP,1.984 COP,"0,00 %","26,67 %"
alquiler de carros en medellin precio,Concordancia exacta (ligera variación),Nada,Búsqueda,Medellin,alquiler de carros en medellin,2,5,"0,00",0 COP,"40,00 %",347 COP,694 COP,"0,00 %","50,00 %"
alquiler de carros en medellín,Concordancia exacta (ligera variación),Nada,Búsqueda,Medellin,alquiler de carros en medellin,2,10,"0,00",0 COP,"20,00 %",475 COP,949 COP,"0,00 %","62,50 %"
alquiler de carros medellín,Concordancia exacta (ligera variación),Nada,Búsqueda,Medellin,alquiler de carros en medellin,2,6,"0,00",0 COP,"33,33 %",1.328 COP,2.655 COP,"0,00 %","60,00 %"
carros para alquilar en medellin,Concordancia exacta (ligera variación),Nada,Búsqueda,Medellin,alquiler de carros en medellin,2,4,"0,00",0 COP,"50,00 %",1.121 COP,2.242 COP,"33,33 %","33,33 %"
renta carros medellin,Concordancia exacta (ligera variación),Nada,Búsqueda,Medellin,alquiler de carros en medellin,2,23,"0,00",0 COP,"8,70 %",764 COP,1.527 COP,"0,00 %","52,38 %"
renta de autos medellin,Concordancia exacta (ligera variación),Nada,Búsqueda,Medellin,alquiler de carros en medellin,2,9,"0,00",0 COP,"22,22 %",722 COP,1.444 COP,"0,00 %","50,00 %"
renta de carros medellín,Concordancia exacta (ligera variación),Nada,Búsqueda,Medellin,alquiler de carros en medellin,2,14,"0,00",0 COP,"14,29 %",995 COP,1.989 COP,"8,33 %","50,00 %"
alquiler de carros bogota norte,Concordancia de frase,Nada,Búsqueda,Bogota,alquiler de carros bogota,2,5,"0,00",0 COP,"40,00 %",475 COP,949 COP,"50,00 %","75,00 %"
alquilar un carro,Concordancia amplia,Nada,Búsqueda,Bogota,alquiler de carros bogota,2,13,"0,00",0 COP,"15,38 %",177 COP,354 COP,"18,18 %","81,82 %"
alquiler carro por dia,Concordancia amplia,Nada,Búsqueda,Bogota,alquiler de carros bogota,2,2,"0,00",0 COP,"100,00 %",458 COP,916 COP,"0,00 %","100,00 %"
rentar carro en villavicencio,Concordancia exacta (ligera variación),Nada,Búsqueda,Villavicencio,alquiler de carros villavicencio,3,7,"0,00",0 COP,"42,86 %",1.042 COP,3.127 COP,"25,00 %","100,00 %"
alquiler de autos villavicencio,Concordancia exacta (ligera variación),Nada,Búsqueda,Villavicencio,alquiler de carros en villavicencio,3,10,"0,00",0 COP,"30,00 %",325 COP,974 COP,"57,14 %","100,00 %"
alquiler de vehiculos villavicencio,Concordancia exacta (ligera variación),Nada,Búsqueda,Villavicencio,alquiler de carros en villavicencio,3,6,"0,00",0 COP,"50,00 %",226 COP,678 COP,"33,33 %","100,00 %"
alquiler vehiculos villavicencio,Concordancia exacta (ligera variación),Nada,Búsqueda,Villavicencio,alquiler de carros en villavicencio,3,5,"0,00",0 COP,"60,00 %",575 COP,1.725 COP,"33,33 %","100,00 %"
rent a car villavicencio,Concordancia exacta (ligera variación),Nada,Búsqueda,Villavicencio,alquiler de carros en villavicencio,3,7,"0,00",0 COP,"42,86 %",697 COP,2.090 COP,"42,86 %","85,71 %"
renta carros villavicencio,Concordancia exacta (ligera variación),Nada,Búsqueda,Villavicencio,alquiler de carros en villavicencio,3,7,"0,00",0 COP,"42,86 %",326 COP,979 COP,"60,00 %","100,00 %"
rentacar villavicencio,Concordancia exacta (ligera variación),Nada,Búsqueda,Villavicencio,alquiler de carros en villavicencio,3,3,"0,00",0 COP,"100,00 %",531 COP,1.593 COP,"50,00 %","100,00 %"
alquiler de carro en cartagena de indias,Concordancia de frase,Nada,Búsqueda,Cartagena unica Airport,alquiler de carros en cartagena,2,13,"0,00",0 COP,"15,38 %",906 COP,1.811 COP,"9,09 %","63,64 %"
rent a car,Concordancia amplia,Nada,Búsqueda,Cartagena unica Airport,alquiler de carros en cartagena,2,31,"0,00",0 COP,"6,45 %",746 COP,1.491 COP,"22,22 %","96,30 %"
rent de carros cerca de mi,Concordancia amplia,Nada,Búsqueda,Cartagena unica Airport,alquiler de carros en cartagena,2,2,"0,00",0 COP,"100,00 %",1.654 COP,3.308 COP,"0,00 %","100,00 %"
renta de carros,Concordancia amplia,Nada,Búsqueda,Cartagena unica Airport,alquiler de carros en cartagena,2,10,"0,00",0 COP,"20,00 %",1.295 COP,2.590 COP,"25,00 %","87,50 %"
alquilar carro cartagena,Concordancia exacta (ligera variación),Nada,Búsqueda,Cartagena unica Airport,alquiler de carros en cartagena,2,12,"0,00",0 COP,"16,67 %",959 COP,1.917 COP,"9,09 %","72,73 %"
alquiler auto cartagena,Concordancia exacta (ligera variación),Nada,Búsqueda,Cartagena unica Airport,alquiler de carros en cartagena,2,23,"0,00",0 COP,"8,70 %",799 COP,1.597 COP,"5,56 %","83,33 %"
alquiler de automóviles en cartagena,Concordancia exacta (ligera variación),Nada,Búsqueda,Cartagena unica Airport,alquiler de carros en cartagena,2,5,"0,00",0 COP,"40,00 %",701 COP,1.402 COP,"20,00 %","60,00 %"
alquiler de coches cartagena,Concordancia exacta (ligera variación),Nada,Búsqueda,Cartagena unica Airport,alquiler de carros en cartagena,2,4,"0,00",0 COP,"50,00 %",657 COP,1.314 COP,"0,00 %","66,67 %"
renty car,Concordancia amplia,Nada,Búsqueda,Bogota,alquiler de carros bogota,2,2,"0,00",0 COP,"100,00 %",331 COP,662 COP,"0,00 %","100,00 %"
requisitos para rentar un carro,Concordancia amplia,Nada,Búsqueda,Bogota,alquiler de carros bogota,2,3,"0,00",0 COP,"66,67 %",459 COP,917 COP,"33,33 %","100,00 %"
vehiculos alquiler baratos,Concordancia amplia,Nada,Búsqueda,Bogota,alquiler de carros bogota,2,3,"0,00",0 COP,"66,67 %",592 COP,1.183 COP,"0,00 %","100,00 %"
alquilar auto en bogota,Concordancia exacta (ligera variación),Nada,Búsqueda,Bogota,alquiler de carros bogota,2,4,"0,00",0 COP,"50,00 %",999 COP,1.997 COP,"0,00 %","50,00 %"
alquilar carro en bogota precios,Concordancia exacta (ligera variación),Nada,Búsqueda,Bogota,alquiler de carros bogota,2,5,"1,00",5.180 COP,"40,00 %",2.590 COP,5.180 COP,"0,00 %","80,00 %"
alquilar carros en bogota,Concordancia exacta (ligera variación),Nada,Búsqueda,Bogota,alquiler de carros bogota,2,11,"0,00",0 COP,"18,18 %",643 COP,1.285 COP,"18,18 %","54,55 %"
alquiler carros en bogotá,Concordancia exacta (ligera variación),Nada,Búsqueda,Bogota,alquiler de carros bogota,2,5,"0,00",0 COP,"40,00 %",402 COP,804 COP,"25,00 %","100,00 %"
alquiler de auto en bogota,Concordancia exacta (ligera variación),Nada,Búsqueda,Bogota,alquiler de carros bogota,2,8,"0,00",0 COP,"25,00 %",427 COP,854 COP,"0,00 %","57,14 %"
alquiler de carro en bogota colombia,Concordancia exacta (ligera variación),Nada,Búsqueda,Bogota,alquiler de carros bogota,2,2,"0,00",0 COP,"100,00 %",297 COP,594 COP,"0,00 %","100,00 %"
alquiler de carros baratos bogota,Concordancia exacta (ligera variación),Nada,Búsqueda,Bogota,alquiler de carros bogota,2,6,"0,00",0 COP,"33,33 %",700 COP,1.400 COP,"0,00 %","80,00 %"
alquiler de carros bogota por dias,Concordancia exacta (ligera variación),Nada,Búsqueda,Bogota,alquiler de carros bogota,2,10,"0,00",0 COP,"20,00 %",994 COP,1.987 COP,"20,00 %","70,00 %"
alquiler de carros bogotá para viajar,Concordancia exacta (ligera variación),Nada,Búsqueda,Bogota,alquiler de carros bogota,2,18,"0,00",0 COP,"11,11 %",454 COP,907 COP,"25,00 %","68,75 %"
alquiler de vehiculos bogotá,Concordancia exacta (ligera variación),Nada,Búsqueda,Bogota,alquiler de carros bogota,2,5,"0,00",0 COP,"40,00 %",490 COP,979 COP,"33,33 %","66,67 %"
alquiler vehiculos en bogota,Concordancia exacta (ligera variación),Nada,Búsqueda,Bogota,alquiler de carros bogota,2,7,"0,00",0 COP,"28,57 %",1.444 COP,2.888 COP,"16,67 %","83,33 %"
alquiler vehículo bogota,Concordancia exacta (ligera variación),Nada,Búsqueda,Bogota,alquiler de carros bogota,2,9,"1,00",1.487 COP,"22,22 %",744 COP,1.487 COP,"28,57 %","100,00 %"
alquiler vehículos bogotá,Concordancia exacta (ligera variación),Nada,Búsqueda,Bogota,alquiler de carros bogota,2,10,"0,00",0 COP,"20,00 %",502 COP,1.003 COP,"44,44 %","100,00 %"
arriendo de vehiculos en bogota,Concordancia exacta (ligera variación),Nada,Búsqueda,Bogota,alquiler de carros bogota,2,2,"0,00",0 COP,"100,00 %",291 COP,581 COP,"0,00 %","100,00 %"
carros alquilados bogota,Concordancia exacta (ligera variación),Nada,Búsqueda,Bogota,alquiler de carros bogota,2,11,"1,00",1.008 COP,"18,18 %",504 COP,1.008 COP,"0,00 %","70,00 %"
carros de alquiler bogota,Concordancia exacta (ligera variación),Nada,Búsqueda,Bogota,alquiler de carros bogota,2,3,"0,00",0 COP,"66,67 %",374 COP,748 COP,"0,00 %","100,00 %"
carros en alquiler en bogota,Concordancia exacta (ligera variación),Nada,Búsqueda,Bogota,alquiler de carros bogota,2,3,"0,00",0 COP,"66,67 %",368 COP,736 COP,"0,00 %","100,00 %"
donde alquilan carros en bogota,Concordancia exacta (ligera variación),Nada,Búsqueda,Bogota,alquiler de carros bogota,2,8,"0,00",0 COP,"25,00 %",669 COP,1.338 COP,"0,00 %","50,00 %"
renta de carros bogota baratos,Concordancia exacta (ligera variación),Nada,Búsqueda,Bogota,alquiler de carros bogota,2,9,"0,00",0 COP,"22,22 %",462 COP,924 COP,"0,00 %","100,00 %"
renta de carros en bogota colombia,Concordancia exacta (ligera variación),Nada,Búsqueda,Bogota,alquiler de carros bogota,2,7,"0,00",0 COP,"28,57 %",695 COP,1.389 COP,"16,67 %","83,33 %"
rentacar bogota,Concordancia exacta (ligera variación),Añadido,Búsqueda,Bogota,alquiler de carros bogota,2,1,"0,00",0 COP,"200,00 %",1.234 COP,2.468 COP,"0,00 %","100,00 %"
rentar un carro bogota,Concordancia exacta (ligera variación),Nada,Búsqueda,Bogota,alquiler de carros bogota,2,26,"0,00",0 COP,"7,69 %",1.097 COP,2.194 COP,"3,85 %","76,92 %"
alquiler de auto,Concordancia amplia,Nada,Búsqueda,Bogota,alquiler de carros bogota,2,14,"0,52",6.063 COP,"14,29 %",1.566 COP,3.131 COP,"0,00 %","69,23 %"
alquiler de camionetas,Concordancia amplia,Nada,Búsqueda,Bogota,alquiler de carros bogota,2,16,"0,00",0 COP,"12,50 %",358 COP,716 COP,"30,00 %","90,00 %"
alquiler de carro cerca de mi ubicación,Concordancia amplia,Nada,Búsqueda,Bogota,alquiler de carros bogota,2,3,"0,00",0 COP,"66,67 %",427 COP,854 COP,"100,00 %","100,00 %"
alquiler de carro por dia,Concordancia amplia,Nada,Búsqueda,Bogota,alquiler de carros bogota,2,2,"0,00",0 COP,"100,00 %",314 COP,627 COP,"0,00 %","100,00 %"
alquiler de carros cajicá,Concordancia amplia,Nada,Búsqueda,Bogota,alquiler de carros bogota,2,8,"0,00",0 COP,"25,00 %",948 COP,1.895 COP,"50,00 %","66,67 %"
alquiler de carros cerca,Concordancia amplia,Nada,Búsqueda,Bogota,alquiler de carros bogota,2,5,"0,00",0 COP,"40,00 %",584 COP,1.167 COP,"60,00 %","80,00 %"
alquiler de carros economicos en bogota,Concordancia amplia,Nada,Búsqueda,Bogota,alquiler de carros bogota,2,4,"0,00",0 COP,"50,00 %",1.443 COP,2.886 COP,"50,00 %","100,00 %"
alquiler de kangoo,Concordancia amplia,Nada,Búsqueda,Bogota,alquiler de carros bogota,2,1,"0,00",0 COP,"200,00 %",309 COP,618 COP,"0,00 %","100,00 %"
alquiler de vehículos baratos,Concordancia amplia,Nada,Búsqueda,Bogota,alquiler de carros bogota,2,4,"0,00",0 COP,"50,00 %",262 COP,524 COP,"0,00 %","100,00 %"
andes auto rental,Concordancia amplia,Nada,Búsqueda,Bogota,alquiler de carros bogota,2,1,"0,00",0 COP,"200,00 %",2.077 COP,4.154 COP,"0,00 %","100,00 %"
arriendo de vehiculo,Concordancia amplia,Nada,Búsqueda,Bogota,alquiler de carros bogota,2,2,"0,00",0 COP,"100,00 %",315 COP,630 COP,"0,00 %","100,00 %"
auto alquilado,Concordancia amplia,Nada,Búsqueda,Bogota,alquiler de carros bogota,2,1,"0,00",0 COP,"200,00 %",790 COP,1.580 COP,"0,00 %","100,00 %"
camioneta alquiler por dia,Concordancia amplia,Nada,Búsqueda,Bogota,alquiler de carros bogota,2,4,"0,00",0 COP,"50,00 %",277 COP,553 COP,"33,33 %","100,00 %"
que cuesta alquilar un carro,Concordancia amplia,Nada,Búsqueda,Bogota,alquiler de carros bogota,2,4,"0,00",0 COP,"50,00 %",499 COP,998 COP,"33,33 %","100,00 %"
reizencol,Concordancia amplia,Nada,Búsqueda,Bogota,alquiler de carros bogota,2,6,"1,00",4.178 COP,"33,33 %",2.089 COP,4.178 COP,"20,00 %","60,00 %"
rent cars,Concordancia amplia,Nada,Búsqueda,Bogota,alquiler de carros bogota,2,8,"0,00",0 COP,"25,00 %",2.092 COP,4.184 COP,"50,00 %","83,33 %"
renta de carros cerca de mi,Concordancia amplia,Nada,Búsqueda,Bogota,alquiler de carros bogota,2,3,"0,00",0 COP,"66,67 %",1.457 COP,2.914 COP,"33,33 %","100,00 %"
renta de carros cerca del aeropuerto,Concordancia amplia,Nada,Búsqueda,Bogota,alquiler de carros bogota,2,1,"0,00",0 COP,"200,00 %",1.200 COP,2.400 COP,"100,00 %","100,00 %"
renta de vehículos,Concordancia amplia,Nada,Búsqueda,Bogota,alquiler de carros bogota,2,7,"0,81",1.324 COP,"28,57 %",535 COP,1.069 COP,"0,00 %","85,71 %"
renta tu carro,Concordancia amplia,Nada,Búsqueda,Bogota,alquiler de carros bogota,2,9,"0,00",0 COP,"22,22 %",2.110 COP,4.220 COP,"85,71 %","100,00 %"
renta un carro,Concordancia amplia,Nada,Búsqueda,Bogota,alquiler de carros bogota,2,6,"0,00",0 COP,"33,33 %",510 COP,1.020 COP,"0,00 %","100,00 %"
rentadora de carros,Concordancia amplia,Nada,Búsqueda,Bogota,alquiler de carros bogota,2,8,"0,00",0 COP,"25,00 %",336 COP,671 COP,"0,00 %","66,67 %"
rentas de carros,Concordancia amplia,Nada,Búsqueda,Bogota,alquiler de carros bogota,2,5,"0,00",0 COP,"40,00 %",556 COP,1.112 COP,"0,00 %","80,00 %"
renticar,Concordancia amplia,Nada,Búsqueda,Bogota,alquiler de carros bogota,2,13,"0,00",0 COP,"15,38 %",555 COP,1.110 COP,"45,45 %","81,82 %"
alquiler carro automatico bogota,Concordancia de frase (ligera variación),Nada,Búsqueda,Bogota,alquiler de carros bogota,2,3,"0,00",0 COP,"66,67 %",321 COP,642 COP,"0,00 %","100,00 %"
alquiler carros economicos bogota,Concordancia de frase (ligera variación),Nada,Búsqueda,Bogota,alquiler de carros bogota,2,2,"0,00",0 COP,"100,00 %",651 COP,1.302 COP,"0,00 %","50,00 %"
alquiler de camionetas bogotá precios,Concordancia de frase (ligera variación),Nada,Búsqueda,Bogota,alquiler de carros bogota,2,3,"0,00",0 COP,"66,67 %",431 COP,862 COP,"50,00 %","100,00 %"
alquiler toyota bogotá,Concordancia de frase (ligera variación),Nada,Búsqueda,Bogota,alquiler de carros bogota,2,4,"0,00",0 COP,"50,00 %",654 COP,1.307 COP,"66,67 %","66,67 %"
rent car bogota,Concordancia de frase (ligera variación),Nada,Búsqueda,Bogota,alquiler de carros bogota,2,2,"0,00",0 COP,"100,00 %",1.279 COP,2.558 COP,"100,00 %","100,00 %"
renta carros bogota,Concordancia de frase (ligera variación),Añadido,Búsqueda,Bogota,alquiler de carros bogota,2,7,"0,00",0 COP,"28,57 %",642 COP,1.284 COP,"0,00 %","71,43 %"
renta de camionetas en bogota,Concordancia de frase (ligera variación),Nada,Búsqueda,Bogota,alquiler de carros bogota,2,10,"0,00",0 COP,"20,00 %",447 COP,893 COP,"0,00 %","66,67 %"
requisitos para alquilar un carro en bogotá,Concordancia de frase (ligera variación),Nada,Búsqueda,Bogota,alquiler de carros bogota,2,10,"0,00",0 COP,"20,00 %",172 COP,344 COP,"12,50 %","87,50 %"
alquiler de carros manizales teléfono,Concordancia de frase,Nada,Búsqueda,Manizales,alquiler de carros manizales,2,4,"0,00",0 COP,"50,00 %",130 COP,260 COP,"33,33 %","100,00 %"
carro rentado,Concordancia amplia,Nada,Búsqueda,Manizales,alquiler de carros manizales,2,2,"0,00",0 COP,"100,00 %",1.049 COP,2.097 COP,"0,00 %","100,00 %"
alquiler auto manizales,Concordancia exacta (ligera variación),Nada,Búsqueda,Manizales,alquiler de carros manizales,2,5,"0,00",0 COP,"40,00 %",785 COP,1.569 COP,"33,33 %","100,00 %"
alquiler de autos en manizales,Concordancia exacta (ligera variación),Nada,Búsqueda,Manizales,alquiler de carros manizales,2,9,"0,00",0 COP,"22,22 %",1.156 COP,2.311 COP,"16,67 %","100,00 %"
alquiler de vehiculos en manizales,Concordancia exacta (ligera variación),Nada,Búsqueda,Manizales,alquiler de carros manizales,2,5,"0,00",0 COP,"40,00 %",241 COP,481 COP,"60,00 %","100,00 %"
alquiler de vehículos manizales,Concordancia exacta (ligera variación),Nada,Búsqueda,Manizales,alquiler de carros manizales,2,4,"0,00",0 COP,"50,00 %",378 COP,755 COP,"66,67 %","66,67 %"
carros en alquiler manizales,Concordancia exacta (ligera variación),Nada,Búsqueda,Manizales,alquiler de carros manizales,2,5,"0,00",0 COP,"40,00 %",164 COP,328 COP,"0,00 %","100,00 %"
renta autos manizales,Concordancia exacta (ligera variación),Nada,Búsqueda,Manizales,alquiler de carros manizales,2,4,"0,00",0 COP,"50,00 %",862 COP,1.724 COP,"66,67 %","100,00 %"
renta de autos manizales,Concordancia exacta (ligera variación),Nada,Búsqueda,Manizales,alquiler de carros manizales,2,5,"0,00",0 COP,"40,00 %",987 COP,1.974 COP,"40,00 %","80,00 %"
alquilatucarro,Concordancia amplia,Nada,Búsqueda,Medellin,alquiler carros medellin,2,1,"0,00",0 COP,"200,00 %",26 COP,52 COP,"100,00 %","100,00 %"
alquiler carros en medellin,Concordancia exacta (ligera variación),Nada,Búsqueda,Medellin,alquiler carros medellin,2,5,"0,00",0 COP,"40,00 %",823 COP,1.646 COP,"25,00 %","75,00 %"
alquiler de carros,Concordancia amplia,Nada,Búsqueda,Neiva unica Airport,alquiler de carros en neiva,2,3,"0,00",0 COP,"66,67 %",216 COP,432 COP,"0,00 %","66,67 %"
renta car,Concordancia amplia,Nada,Búsqueda,Neiva unica Airport,alquiler de carros en neiva,2,6,"0,00",0 COP,"33,33 %",1.057 COP,2.114 COP,"60,00 %","100,00 %"
alquilar carro neiva,Concordancia exacta (ligera variación),Nada,Búsqueda,Neiva unica Airport,alquiler de carros en neiva,2,7,"0,00",0 COP,"28,57 %",396 COP,792 COP,"42,86 %","100,00 %"
alquiler de carros en neiva precios,Concordancia exacta (ligera variación),Nada,Búsqueda,Neiva unica Airport,alquiler de carros en neiva,2,1,"0,00",0 COP,"200,00 %",61 COP,122 COP,"0,00 %","100,00 %"
carros alquiler neiva,Concordancia exacta (ligera variación),Nada,Búsqueda,Neiva unica Airport,alquiler de carros en neiva,2,3,"0,00",0 COP,"66,67 %",408 COP,816 COP,"100,00 %","100,00 %"
alquiler carros neiva,Concordancia de frase (ligera variación),Nada,Búsqueda,Neiva unica Airport,alquiler de carros en neiva,2,4,"0,00",0 COP,"50,00 %",854 COP,1.707 COP,"33,33 %","100,00 %"
renta carros,Concordancia amplia,Nada,Búsqueda,Armenia unica Airport,alquiler de carros en armenia,2,3,"0,00",0 COP,"66,67 %",591 COP,1.181 COP,"0,00 %","66,67 %"
rentar carro armenia,Concordancia amplia,Nada,Búsqueda,Armenia unica Airport,alquiler de carros en armenia,2,12,"0,00",0 COP,"16,67 %",355 COP,710 COP,"30,00 %","90,00 %"
alquilar carro armenia,Concordancia exacta (ligera variación),Nada,Búsqueda,Armenia unica Airport,alquiler de carros en armenia,2,11,"0,00",0 COP,"18,18 %",772 COP,1.544 COP,"12,50 %","100,00 %"
alquiler coche armenia,Concordancia exacta (ligera variación),Nada,Búsqueda,Armenia unica Airport,alquiler de carros en armenia,2,7,"1,00",1.285 COP,"28,57 %",643 COP,1.285 COP,"0,00 %","83,33 %"
alquiler de carro en armenia,Concordancia exacta (ligera variación),Nada,Búsqueda,Armenia unica Airport,alquiler de carros en armenia,2,5,"0,00",0 COP,"40,00 %",376 COP,752 COP,"20,00 %","80,00 %"
renta carros armenia,Concordancia exacta (ligera variación),Nada,Búsqueda,Armenia unica Airport,alquiler de carros en armenia,2,11,"0,00",0 COP,"18,18 %",414 COP,828 COP,"0,00 %","77,78 %"
renta de carros en armenia,Concordancia exacta (ligera variación),Nada,Búsqueda,Armenia unica Airport,alquiler de carros en armenia,2,9,"0,00",0 COP,"22,22 %",1.001 COP,2.002 COP,"0,00 %","71,43 %"
alquiler de carros en medellin aeropuerto jose maria cordova,Concordancia de frase,Nada,Búsqueda,Medellin,alquiler de carros medellin,2,2,"0,00",0 COP,"100,00 %",1.688 COP,3.376 COP,"0,00 %","50,00 %"
alquila tu carro com,Concordancia amplia,Nada,Búsqueda,Medellin,alquiler de carros medellin,2,3,"0,00",0 COP,"66,67 %",48 COP,95 COP,"100,00 %","100,00 %"
alquiler carros,Concordancia amplia,Nada,Búsqueda,Medellin,alquiler de carros medellin,2,8,"0,00",0 COP,"25,00 %",2.721 COP,5.441 COP,"16,67 %","66,67 %"
carros en medellin,Concordancia amplia,Nada,Búsqueda,Medellin,alquiler de carros medellin,2,2,"2,00",1.941 COP,"100,00 %",1.941 COP,3.882 COP,"100,00 %","100,00 %"
renta carro,Concordancia amplia,Nada,Búsqueda,Medellin,alquiler de carros medellin,2,1,"0,00",0 COP,"200,00 %",550 COP,1.100 COP,"0,00 %","100,00 %"
rentaautos,Concordancia amplia,Nada,Búsqueda,Medellin,alquiler de carros medellin,2,1,"0,00",0 COP,"200,00 %",124 COP,248 COP,"0,00 %","100,00 %"
alquiler de carro en medellín,Concordancia exacta (ligera variación),Nada,Búsqueda,Medellin,alquiler de carros medellin,2,2,"1,46",904 COP,"100,00 %",662 COP,1.324 COP,"0,00 %","50,00 %"
alquiler vehículos medellin,Concordancia exacta (ligera variación),Nada,Búsqueda,Medellin,alquiler de carros medellin,2,2,"0,00",0 COP,"100,00 %",1.642 COP,3.284 COP,"0,00 %","100,00 %"
alquiler vehículos medellín,Concordancia exacta (ligera variación),Nada,Búsqueda,Medellin,alquiler de carros medellin,2,2,"0,00",0 COP,"100,00 %",857 COP,1.714 COP,"0,00 %","50,00 %"
rent a car medellin,Concordancia exacta (ligera variación),Nada,Búsqueda,Medellin,alquiler de carros medellin,2,40,"0,00",0 COP,"5,00 %",1.688 COP,3.376 COP,"5,56 %","55,56 %"
rent car medellin,Concordancia exacta (ligera variación),Nada,Búsqueda,Medellin,alquiler de carros medellin,2,20,"0,00",0 COP,"10,00 %",1.555 COP,3.109 COP,"18,75 %","56,25 %"
renta carro medellin,Concordancia exacta (ligera variación),Nada,Búsqueda,Medellin,alquiler de carros medellin,2,8,"0,00",0 COP,"25,00 %",1.143 COP,2.286 COP,"0,00 %","57,14 %"
alquila tu carro,Concordancia amplia,Nada,Búsqueda,Ibague,alquiler de carros ibague,2,1,"0,00",0 COP,"200,00 %",207 COP,414 COP,"100,00 %","100,00 %"
alquiler coche,Concordancia amplia,Nada,Búsqueda,Ibague,alquiler de carros ibague,2,3,"0,00",0 COP,"66,67 %",833 COP,1.666 COP,"0,00 %","100,00 %"
alquiler coches ibague,Concordancia exacta (ligera variación),Nada,Búsqueda,Ibague,alquiler de carros ibague,2,5,"0,00",0 COP,"40,00 %",721 COP,1.442 COP,"33,33 %","100,00 %"
alquiler de vehiculos,Concordancia amplia,Nada,Búsqueda,Barranquilla,alquiler de carros en barranquilla,2,7,"1,00",702 COP,"28,57 %",351 COP,702 COP,"28,57 %","71,43 %"
que se necesita para rentar un auto,Concordancia amplia,Nada,Búsqueda,Barranquilla,alquiler de carros en barranquilla,2,4,"0,00",0 COP,"50,00 %",520 COP,1.039 COP,"50,00 %","100,00 %"
rent car,Concordancia amplia,Nada,Búsqueda,Barranquilla,alquiler de carros en barranquilla,2,19,"0,00",0 COP,"10,53 %",710 COP,1.419 COP,"29,41 %","88,24 %"
rent de carros cerca de mi,Concordancia amplia,Nada,Búsqueda,Barranquilla,alquiler de carros en barranquilla,2,1,"2,17",575 COP,"200,00 %",623 COP,1.246 COP,"100,00 %","100,00 %"
renta carro,Concordancia amplia,Nada,Búsqueda,Barranquilla,alquiler de carros en barranquilla,2,9,"0,00",0 COP,"22,22 %",1.443 COP,2.886 COP,"25,00 %","87,50 %"
renta carros,Concordancia amplia,Nada,Búsqueda,Barranquilla,alquiler de carros en barranquilla,2,7,"0,00",0 COP,"28,57 %",1.192 COP,2.384 COP,"16,67 %","66,67 %"
alquiler de autos en barranquilla colombia,Concordancia exacta (ligera variación),Nada,Búsqueda,Barranquilla,alquiler de carros en barranquilla,2,4,"1,00",2.732 COP,"50,00 %",1.366 COP,2.732 COP,"0,00 %","75,00 %"
alquiler de carros por día en barranquilla,Concordancia exacta (ligera variación),Nada,Búsqueda,Barranquilla,alquiler de carros en barranquilla,2,11,"0,00",0 COP,"18,18 %",1.502 COP,3.004 COP,"11,11 %","66,67 %"
alquiler de coches barranquilla,Concordancia exacta (ligera variación),Nada,Búsqueda,Barranquilla,alquiler de carros en barranquilla,2,6,"0,00",0 COP,"33,33 %",741 COP,1.482 COP,"0,00 %","100,00 %"
alquiler de vehiculo en barranquilla,Concordancia exacta (ligera variación),Nada,Búsqueda,Barranquilla,alquiler de carros en barranquilla,2,11,"0,00",0 COP,"18,18 %",593 COP,1.185 COP,"12,50 %","87,50 %"
alquiler vehiculo barranquilla,Concordancia exacta (ligera variación),Nada,Búsqueda,Barranquilla,alquiler de carros en barranquilla,2,20,"0,00",0 COP,"10,00 %",437 COP,874 COP,"11,76 %","82,35 %"
renta de autos en barranquilla,Concordancia exacta (ligera variación),Nada,Búsqueda,Barranquilla,alquiler de carros en barranquilla,2,7,"0,00",0 COP,"28,57 %",943 COP,1.885 COP,"57,14 %","100,00 %"
rentar carro en barranquilla colombia,Concordancia exacta (ligera variación),Nada,Búsqueda,Barranquilla,alquiler de carros en barranquilla,2,5,"0,00",0 COP,"40,00 %",852 COP,1.704 COP,"33,33 %","100,00 %"
rentar un carro en barranquilla,Concordancia exacta (ligera variación),Nada,Búsqueda,Barranquilla,alquiler de carros en barranquilla,2,6,"0,00",0 COP,"33,33 %",1.484 COP,2.968 COP,"20,00 %","80,00 %"
alquiler carro barranquilla aeropuerto,Concordancia de frase (ligera variación),Nada,Búsqueda,Barranquilla,alquiler de carros en barranquilla,2,13,"0,00",0 COP,"15,38 %",917 COP,1.834 COP,"0,00 %","53,85 %"
alquiler de camioneta en barranquilla,Concordancia de frase (ligera variación),Nada,Búsqueda,Barranquilla,alquiler de carros en barranquilla,2,2,"0,00",0 COP,"100,00 %",246 COP,491 COP,"0,00 %","100,00 %"
alquiler de camionetas en barranquilla,Concordancia de frase (ligera variación),Nada,Búsqueda,Barranquilla,alquiler de carros en barranquilla,2,15,"0,00",0 COP,"13,33 %",411 COP,821 COP,"15,38 %","92,31 %"
alquiler de carros barranquilla baratos,Concordancia de frase (ligera variación),Nada,Búsqueda,Barranquilla,alquiler de carros en barranquilla,2,2,"0,00",0 COP,"100,00 %",412 COP,824 COP,"50,00 %","100,00 %"
alquiler de carro por dia,Concordancia amplia,Nada,Búsqueda,Bucaramanga unica Airport,alquiler de carros en bucaramanga,2,2,"0,00",0 COP,"100,00 %",275 COP,551 COP,"100,00 %","100,00 %"
alquileres de carro,Concordancia amplia,Nada,Búsqueda,Bucaramanga unica Airport,alquiler de carros en bucaramanga,2,3,"0,00",0 COP,"66,67 %",1.515 COP,3.029 COP,"50,00 %","100,00 %"
busco carro para alquilar,Concordancia amplia,Nada,Búsqueda,Bucaramanga unica Airport,alquiler de carros en bucaramanga,2,1,"0,00",0 COP,"200,00 %",165 COP,329 COP,"0,00 %","100,00 %"
como puedo rentar un carro,Concordancia amplia,Nada,Búsqueda,Bucaramanga unica Airport,alquiler de carros en bucaramanga,2,2,"0,00",0 COP,"100,00 %",579 COP,1.158 COP,"50,00 %","100,00 %"
rencar,Concordancia amplia,Nada,Búsqueda,Bucaramanga unica Airport,alquiler de carros en bucaramanga,2,4,"0,00",0 COP,"50,00 %",328 COP,656 COP,"50,00 %","100,00 %"
rent car,Concordancia amplia,Nada,Búsqueda,Bucaramanga unica Airport,alquiler de carros en bucaramanga,2,14,"0,00",0 COP,"14,29 %",547 COP,1.094 COP,"36,36 %","90,91 %"
rentar carro,Concordancia amplia,Nada,Búsqueda,Bucaramanga unica Airport,alquiler de carros en bucaramanga,2,14,"0,00",0 COP,"14,29 %",325 COP,650 COP,"0,00 %","88,89 %"
renta de autos ibague,Concordancia exacta (ligera variación),Nada,Búsqueda,Ibague,alquiler de carros ibague,2,2,"0,00",0 COP,"100,00 %",220 COP,440 COP,"100,00 %","100,00 %"
rentar carro en ibague,Concordancia exacta (ligera variación),Nada,Búsqueda,Ibague,alquiler de carros ibague,2,5,"0,00",0 COP,"40,00 %",705 COP,1.409 COP,"66,67 %","100,00 %"
alquilatucarro,Concordancia amplia,Nada,Búsqueda,Cucuta unica Airport,alquiler de carros en cucuta,2,4,"0,00",0 COP,"50,00 %",842 COP,1.683 COP,"100,00 %","100,00 %"
alquiler carro,Concordancia amplia,Nada,Búsqueda,Cucuta unica Airport,alquiler de carros en cucuta,2,6,"0,00",0 COP,"33,33 %",714 COP,1.428 COP,"50,00 %","75,00 %"
alquiler de autos,Concordancia amplia,Nada,Búsqueda,Cucuta unica Airport,alquiler de carros en cucuta,2,3,"0,00",0 COP,"66,67 %",1.187 COP,2.373 COP,"66,67 %","100,00 %"
alquiler de carros por dias,Concordancia amplia,Nada,Búsqueda,Cucuta unica Airport,alquiler de carros en cucuta,2,1,"0,00",0 COP,"200,00 %",200 COP,400 COP,"0,00 %","100,00 %"
renta car,Concordancia amplia,Nada,Búsqueda,Cucuta unica Airport,alquiler de carros en cucuta,2,4,"0,00",0 COP,"50,00 %",472 COP,944 COP,"0,00 %","100,00 %"
renta carros,Concordancia amplia,Nada,Búsqueda,Cucuta unica Airport,alquiler de carros en cucuta,2,3,"0,00",0 COP,"66,67 %",1.058 COP,2.116 COP,"0,00 %","100,00 %"
rentacar,Concordancia amplia,Nada,Búsqueda,Cucuta unica Airport,alquiler de carros en cucuta,2,6,"0,00",0 COP,"33,33 %",522 COP,1.044 COP,"33,33 %","83,33 %"
alquiler de vehiculos en cucuta colombia,Concordancia exacta (ligera variación),Nada,Búsqueda,Cucuta unica Airport,alquiler de carros en cucuta,2,6,"0,00",0 COP,"33,33 %",179 COP,357 COP,"40,00 %","80,00 %"
carros en alquiler cucuta,Concordancia exacta (ligera variación),Nada,Búsqueda,Cucuta unica Airport,alquiler de carros en cucuta,2,4,"0,00",0 COP,"50,00 %",215 COP,429 COP,"0,00 %","100,00 %"
renta de carros en cucuta,Concordancia exacta (ligera variación),Nada,Búsqueda,Cucuta unica Airport,alquiler de carros en cucuta,2,11,"0,00",0 COP,"18,18 %",833 COP,1.665 COP,"42,86 %","100,00 %"
alquiler de camionetas en cucuta,Concordancia de frase (ligera variación),Nada,Búsqueda,Cucuta unica Airport,alquiler de carros en cucuta,2,3,"0,00",0 COP,"66,67 %",185 COP,369 COP,"0,00 %","100,00 %"
rentacar expres cucuta s a s,Concordancia de frase (ligera variación),Nada,Búsqueda,Cucuta unica Airport,alquiler de carros en cucuta,2,30,"0,00",0 COP,"6,67 %",214 COP,427 COP,"50,00 %","77,78 %"
rent a car,Concordancia amplia,Nada,Búsqueda,Monteria,alquiler de carros en monteria,2,6,"0,00",0 COP,"33,33 %",519 COP,1.038 COP,"33,33 %","83,33 %"
renta de carro,Concordancia amplia,Nada,Búsqueda,Monteria,alquiler de carros en monteria,2,1,"0,00",0 COP,"200,00 %",298 COP,596 COP,"0,00 %","100,00 %"
rentacar,Concordancia amplia,Nada,Búsqueda,Monteria,alquiler de carros en monteria,2,9,"0,00",0 COP,"22,22 %",617 COP,1.233 COP,"25,00 %","75,00 %"
alquiler de autos en monteria colombia,Concordancia exacta (ligera variación),Nada,Búsqueda,Monteria,alquiler de carros en monteria,2,1,"0,00",0 COP,"200,00 %",163 COP,326 COP,"100,00 %","100,00 %"
alquiler de vehiculos en monteria cordoba colombia,Concordancia exacta (ligera variación),Nada,Búsqueda,Monteria,alquiler de carros en monteria,2,7,"0,00",0 COP,"28,57 %",853 COP,1.705 COP,"16,67 %","83,33 %"
alquiler de vehículos montería,Concordancia exacta (ligera variación),Nada,Búsqueda,Monteria,alquiler de carros en monteria,2,4,"0,00",0 COP,"50,00 %",269 COP,538 COP,"25,00 %","75,00 %"
renta de autos en monteria cordoba colombia,Concordancia exacta (ligera variación),Nada,Búsqueda,Monteria,alquiler de carros en monteria,2,10,"0,00",0 COP,"20,00 %",751 COP,1.501 COP,"28,57 %","100,00 %"
alquiler de carros aeropuerto monteria,Concordancia de frase (ligera variación),Nada,Búsqueda,Monteria,alquiler de carros en monteria,2,2,"0,00",0 COP,"100,00 %",1.151 COP,2.302 COP,"0,00 %","100,00 %"
alquiler de carros en aeropuerto de barranquilla,Concordancia de frase,Nada,Búsqueda,Barranquilla,alquiler de carros en barranquilla,2,4,"0,00",0 COP,"50,00 %",1.133 COP,2.267 COP,"0,00 %","100,00 %"
alquila tu carro,Concordancia amplia,Nada,Búsqueda,Barranquilla,alquiler de carros en barranquilla,2,5,"0,00",0 COP,"40,00 %",3.269 COP,6.538 COP,"66,67 %","100,00 %"
alquilar carro,Concordancia amplia,Nada,Búsqueda,Barranquilla,alquiler de carros en barranquilla,2,12,"0,00",0 COP,"16,67 %",1.412 COP,2.823 COP,"9,09 %","63,64 %"
alquiler de camioneta en barranquilla,Concordancia amplia,Nada,Búsqueda,Barranquilla,alquiler de carros en barranquilla,2,6,"0,00",0 COP,"33,33 %",579 COP,1.159 COP,"20,00 %","100,00 %"
alquiler de carro por dia,Concordancia amplia,Nada,Búsqueda,Barranquilla,alquiler de carros en barranquilla,2,6,"0,00",0 COP,"33,33 %",611 COP,1.222 COP,"20,00 %","100,00 %"
alquiler de carros en medellín económicos precios,Concordancia de frase,Nada,Búsqueda,Medellin,alquiler de carros en medellin,1,7,"0,00",0 COP,"14,29 %",1.468 COP,1.468 COP,"16,67 %","83,33 %"
alquila carro,Concordancia amplia,Nada,Búsqueda,Medellin,alquiler de carros en medellin,1,3,"0,00",0 COP,"33,33 %",1.782 COP,1.782 COP,"50,00 %","50,00 %"
alquila renta de autos,Concordancia amplia,Nada,Búsqueda,Medellin,alquiler de carros en medellin,1,6,"0,00",0 COP,"16,67 %",484 COP,484 COP,"0,00 %","66,67 %"
alquiler coche,Concordancia amplia,Nada,Búsqueda,Medellin,alquiler de carros en medellin,1,1,"0,00",0 COP,"100,00 %",117 COP,117 COP,"0,00 %","0,00 %"
alquiler de carro economico,Concordancia amplia,Nada,Búsqueda,Medellin,alquiler de carros en medellin,1,1,"0,00",0 COP,"100,00 %",966 COP,966 COP,"0,00 %","100,00 %"
alquiler de carros por dia,Concordancia amplia,Nada,Búsqueda,Medellin,alquiler de carros en medellin,1,3,"0,00",0 COP,"33,33 %",285 COP,285 COP,"0,00 %","33,33 %"
alquiler de vehiculo,Concordancia amplia,Nada,Búsqueda,Medellin,alquiler de carros en medellin,1,2,"0,00",0 COP,"50,00 %",1.340 COP,1.340 COP,"0,00 %","100,00 %"
alquiler vehiculos,Concordancia amplia,Nada,Búsqueda,Medellin,alquiler de carros en medellin,1,1,"0,00",0 COP,"100,00 %",602 COP,602 COP,"0,00 %","100,00 %"
aplicacion para arrendar autos,Concordancia amplia,Nada,Búsqueda,Medellin,alquiler de carros en medellin,1,1,"0,00",0 COP,"100,00 %",516 COP,516 COP,"0,00 %","100,00 %"
arrendamientos de carros,Concordancia amplia,Nada,Búsqueda,Medellin,alquiler de carros en medellin,1,3,"0,00",0 COP,"33,33 %",912 COP,912 COP,"50,00 %","50,00 %"
carro alquiler,Concordancia amplia,Nada,Búsqueda,Medellin,alquiler de carros en medellin,1,1,"0,00",0 COP,"100,00 %",948 COP,948 COP,"0,00 %","100,00 %"
precios de alquiler de carros,Concordancia amplia,Nada,Búsqueda,Medellin,alquiler de carros en medellin,1,1,"0,00",0 COP,"100,00 %",539 COP,539 COP,"0,00 %","100,00 %"
renta carros,Concordancia amplia,Nada,Búsqueda,Medellin,alquiler de carros en medellin,1,5,"0,00",0 COP,"20,00 %",1.806 COP,1.806 COP,"0,00 %","50,00 %"
renta de carro,Concordancia amplia,Nada,Búsqueda,Medellin,alquiler de carros en medellin,1,3,"0,00",0 COP,"33,33 %",899 COP,899 COP,"0,00 %","50,00 %"
renta de un carro,Concordancia amplia,Nada,Búsqueda,Medellin,alquiler de carros en medellin,1,1,"0,00",0 COP,"100,00 %",622 COP,622 COP,"0,00 %","100,00 %"
rentacar,Concordancia amplia,Nada,Búsqueda,Medellin,alquiler de carros en medellin,1,17,"0,00",0 COP,"5,88 %",1.085 COP,1.085 COP,"20,00 %","53,33 %"
alquilar carro medellin,Concordancia exacta (ligera variación),Nada,Búsqueda,Medellin,alquiler de carros en medellin,1,9,"0,00",0 COP,"11,11 %",1.348 COP,1.348 COP,"0,00 %","66,67 %"
alquilar un carro en medellin,Concordancia exacta (ligera variación),Nada,Búsqueda,Medellin,alquiler de carros en medellin,1,7,"0,00",0 COP,"14,29 %",1.566 COP,1.566 COP,"16,67 %","33,33 %"
alquiler autos en medellin,Concordancia exacta (ligera variación),Nada,Búsqueda,Medellin,alquiler de carros en medellin,1,3,"0,00",0 COP,"33,33 %",1.481 COP,1.481 COP,"0,00 %","33,33 %"
alquiler autos medellin,Concordancia exacta (ligera variación),Nada,Búsqueda,Medellin,alquiler de carros en medellin,1,8,"0,00",0 COP,"12,50 %",1.180 COP,1.180 COP,"0,00 %","42,86 %"
alquiler carros en medellin,Concordancia exacta (ligera variación),Nada,Búsqueda,Medellin,alquiler de carros en medellin,1,13,"0,00",0 COP,"7,69 %",2.148 COP,2.148 COP,"0,00 %","50,00 %"
alquiler de automoviles medellin,Concordancia exacta (ligera variación),Nada,Búsqueda,Medellin,alquiler de carros en medellin,1,1,"0,00",0 COP,"100,00 %",2.367 COP,2.367 COP,"0,00 %","0,00 %"
alquiler de carro medellín,Concordancia exacta (ligera variación),Nada,Búsqueda,Medellin,alquiler de carros en medellin,1,3,"0,00",0 COP,"33,33 %",27 COP,27 COP,"0,00 %","33,33 %"
alquiler de vehiculo en medellin,Concordancia exacta (ligera variación),Nada,Búsqueda,Medellin,alquiler de carros en medellin,1,1,"0,00",0 COP,"100,00 %",561 COP,561 COP,"0,00 %","100,00 %"
alquiler de vehiculos medellin,Concordancia exacta (ligera variación),Nada,Búsqueda,Medellin,alquiler de carros en medellin,1,13,"0,00",0 COP,"7,69 %",1.781 COP,1.781 COP,"0,00 %","25,00 %"
renta car cerca de mi,Concordancia amplia,Nada,Búsqueda,Cartagena unica Airport,alquiler de carros en cartagena,1,4,"0,00",0 COP,"25,00 %",856 COP,856 COP,"33,33 %","100,00 %"
renta de vehículos,Concordancia amplia,Nada,Búsqueda,Cartagena unica Airport,alquiler de carros en cartagena,1,2,"0,00",0 COP,"50,00 %",390 COP,390 COP,"0,00 %","100,00 %"
rental car cartagena,Concordancia amplia,Nada,Búsqueda,Cartagena unica Airport,alquiler de carros en cartagena,1,2,"0,00",0 COP,"50,00 %",740 COP,740 COP,"0,00 %","100,00 %"
alquilar un carro en cartagena,Concordancia exacta (ligera variación),Nada,Búsqueda,Cartagena unica Airport,alquiler de carros en cartagena,1,9,"0,00",0 COP,"11,11 %",344 COP,344 COP,"14,29 %","71,43 %"
alquiler autos en cartagena,Concordancia exacta (ligera variación),Nada,Búsqueda,Cartagena unica Airport,alquiler de carros en cartagena,1,3,"0,00",0 COP,"33,33 %",910 COP,910 COP,"33,33 %","66,67 %"
alquiler de coches en cartagena,Concordancia exacta (ligera variación),Nada,Búsqueda,Cartagena unica Airport,alquiler de carros en cartagena,1,3,"0,00",0 COP,"33,33 %",534 COP,534 COP,"50,00 %","100,00 %"
alquiler de vehículos cartagena,Concordancia exacta (ligera variación),Nada,Búsqueda,Cartagena unica Airport,alquiler de carros en cartagena,1,5,"0,00",0 COP,"20,00 %",294 COP,294 COP,"0,00 %","100,00 %"
alquiler vehiculo en cartagena,Concordancia exacta (ligera variación),Nada,Búsqueda,Cartagena unica Airport,alquiler de carros en cartagena,1,10,"0,00",0 COP,"10,00 %",713 COP,713 COP,"0,00 %","85,71 %"
alquiler vehículos en cartagena,Concordancia exacta (ligera variación),Nada,Búsqueda,Cartagena unica Airport,alquiler de carros en cartagena,1,5,"0,00",0 COP,"20,00 %",1.087 COP,1.087 COP,"40,00 %","100,00 %"
autos en alquiler cartagena,Concordancia exacta (ligera variación),Nada,Búsqueda,Cartagena unica Airport,alquiler de carros en cartagena,1,1,"0,00",0 COP,"100,00 %",267 COP,267 COP,"0,00 %","0,00 %"
car rental cartagena,Concordancia exacta (ligera variación),Nada,Búsqueda,Cartagena unica Airport,alquiler de carros en cartagena,1,5,"0,00",0 COP,"20,00 %",2.436 COP,2.436 COP,"20,00 %","80,00 %"
rent a car en cartagena,Concordancia exacta (ligera variación),Nada,Búsqueda,Cartagena unica Airport,alquiler de carros en cartagena,1,3,"0,00",0 COP,"33,33 %",923 COP,923 COP,"33,33 %","66,67 %"
renta auto cartagena,Concordancia exacta (ligera variación),Nada,Búsqueda,Cartagena unica Airport,alquiler de carros en cartagena,1,8,"0,00",0 COP,"12,50 %",836 COP,836 COP,"20,00 %","80,00 %"
renta autos en cartagena colombia,Concordancia exacta (ligera variación),Nada,Búsqueda,Cartagena unica Airport,alquiler de carros en cartagena,1,1,"0,00",0 COP,"100,00 %",1.856 COP,1.856 COP,"0,00 %","100,00 %"
renta car en cartagena,Concordancia exacta (ligera variación),Nada,Búsqueda,Cartagena unica Airport,alquiler de carros en cartagena,1,3,"0,00",0 COP,"33,33 %",300 COP,300 COP,"0,00 %","100,00 %"
renta carros en cartagena,Concordancia exacta (ligera variación),Nada,Búsqueda,Cartagena unica Airport,alquiler de carros en cartagena,1,3,"0,00",0 COP,"33,33 %",776 COP,776 COP,"0,00 %","100,00 %"
renta de auto en cartagena,Concordancia exacta (ligera variación),Nada,Búsqueda,Cartagena unica Airport,alquiler de carros en cartagena,1,2,"0,00",0 COP,"50,00 %",1.295 COP,1.295 COP,"50,00 %","100,00 %"
renta de autos en cartagena,Concordancia exacta (ligera variación),Nada,Búsqueda,Cartagena unica Airport,alquiler de carros en cartagena,1,9,"0,00",0 COP,"11,11 %",446 COP,446 COP,"28,57 %","71,43 %"
renta de vehículos en cartagena,Concordancia exacta (ligera variación),Nada,Búsqueda,Cartagena unica Airport,alquiler de carros en cartagena,1,3,"0,00",0 COP,"33,33 %",1.021 COP,1.021 COP,"0,00 %","100,00 %"
renta vehiculos cartagena,Concordancia exacta (ligera variación),Nada,Búsqueda,Cartagena unica Airport,alquiler de carros en cartagena,1,7,"0,00",0 COP,"14,29 %",346 COP,346 COP,"20,00 %","80,00 %"
rentar auto cartagena,Concordancia exacta (ligera variación),Nada,Búsqueda,Cartagena unica Airport,alquiler de carros en cartagena,1,6,"0,00",0 COP,"16,67 %",497 COP,497 COP,"0,00 %","100,00 %"
rentar auto en cartagena,Concordancia exacta (ligera variación),Nada,Búsqueda,Cartagena unica Airport,alquiler de carros en cartagena,1,4,"0,00",0 COP,"25,00 %",2.202 COP,2.202 COP,"25,00 %","75,00 %"
rentar carros en cartagena,Concordancia exacta (ligera variación),Nada,Búsqueda,Cartagena unica Airport,alquiler de carros en cartagena,1,5,"0,00",0 COP,"20,00 %",436 COP,436 COP,"0,00 %","100,00 %"
alquiler camioneta 7 puestos cartagena,Concordancia de frase (ligera variación),Nada,Búsqueda,Cartagena unica Airport,alquiler de carros en cartagena,1,5,"0,00",0 COP,"20,00 %",341 COP,341 COP,"0,00 %","66,67 %"
alquiler carros cartagena de indias,Concordancia de frase (ligera variación),Nada,Búsqueda,Cartagena unica Airport,alquiler de carros en cartagena,1,8,"0,00",0 COP,"12,50 %",2.302 COP,2.302 COP,"16,67 %","83,33 %"
alquiler coche cartagena de indias,Concordancia de frase (ligera variación),Nada,Búsqueda,Cartagena unica Airport,alquiler de carros en cartagena,1,1,"0,00",0 COP,"100,00 %",377 COP,377 COP,"0,00 %","100,00 %"
alquiler de autos en cartagena colombia precios,Concordancia de frase (ligera variación),Nada,Búsqueda,Cartagena unica Airport,alquiler de carros en cartagena,1,9,"0,00",0 COP,"11,11 %",153 COP,153 COP,"0,00 %","77,78 %"
autonoleggio cartagena,Concordancia de frase (ligera variación),Nada,Búsqueda,Cartagena unica Airport,alquiler de carros en cartagena,1,1,"0,00",0 COP,"100,00 %",1.102 COP,1.102 COP,"0,00 %","100,00 %"
car rental cartagena colombia,Concordancia de frase (ligera variación),Nada,Búsqueda,Cartagena unica Airport,alquiler de carros en cartagena,1,5,"0,00",0 COP,"20,00 %",597 COP,597 COP,"25,00 %","100,00 %"
rent a car cartagena colombia,Concordancia de frase (ligera variación),Nada,Búsqueda,Cartagena unica Airport,alquiler de carros en cartagena,1,1,"0,00",0 COP,"100,00 %",919 COP,919 COP,"0,00 %","100,00 %"
rent a car cartagena de indias,Concordancia de frase (ligera variación),Nada,Búsqueda,Cartagena unica Airport,alquiler de carros en cartagena,1,2,"0,00",0 COP,"50,00 %",439 COP,439 COP,"0,00 %","100,00 %"
rent car cartagena colombia,Concordancia de frase (ligera variación),Nada,Búsqueda,Cartagena unica Airport,alquiler de carros en cartagena,1,4,"0,00",0 COP,"25,00 %",529 COP,529 COP,"0,00 %","100,00 %"
renta car cartagena de indias,Concordancia de frase (ligera variación),Nada,Búsqueda,Cartagena unica Airport,alquiler de carros en cartagena,1,1,"0,00",0 COP,"100,00 %",353 COP,353 COP,"0,00 %","100,00 %"
renta de autos en cartagena colombia,Concordancia de frase (ligera variación),Nada,Búsqueda,Cartagena unica Airport,alquiler de carros en cartagena,1,5,"0,00",0 COP,"20,00 %",2.173 COP,2.173 COP,"0,00 %","100,00 %"
renta de vehiculos en cartagena colombia,Concordancia de frase (ligera variación),Nada,Búsqueda,Cartagena unica Airport,alquiler de carros en cartagena,1,4,"0,00",0 COP,"25,00 %",334 COP,334 COP,"0,00 %","100,00 %"
rentar carro en cartagena colombia,Concordancia de frase (ligera variación),Nada,Búsqueda,Cartagena unica Airport,alquiler de carros en cartagena,1,7,"0,00",0 COP,"14,29 %",572 COP,572 COP,"14,29 %","85,71 %"
alquiler de carros en medellín 24 horas,Concordancia de frase,Nada,Búsqueda,Medellin,alquiler de carros en medellin,1,7,"0,00",0 COP,"14,29 %",742 COP,742 COP,"33,33 %","66,67 %"
alquiler carro en bucaramanga,Concordancia exacta (ligera variación),Nada,Búsqueda,Bucaramanga unica Airport,alquiler de carros en bucaramanga,2,6,"0,00",0 COP,"33,33 %",829 COP,1.657 COP,"16,67 %","100,00 %"
alquiler de carros bucaramanga baratos,Concordancia exacta (ligera variación),Nada,Búsqueda,Bucaramanga unica Airport,alquiler de carros en bucaramanga,2,9,"0,00",0 COP,"22,22 %",506 COP,1.011 COP,"0,00 %","71,43 %"
alquiler de vehiculos en bucaramanga,Concordancia exacta (ligera variación),Nada,Búsqueda,Bucaramanga unica Airport,alquiler de carros en bucaramanga,2,7,"0,00",0 COP,"28,57 %",701 COP,1.401 COP,"33,33 %","66,67 %"
alquiler vehículos bucaramanga,Concordancia exacta (ligera variación),Nada,Búsqueda,Bucaramanga unica Airport,alquiler de carros en bucaramanga,2,2,"0,00",0 COP,"100,00 %",458 COP,916 COP,"50,00 %","100,00 %"
car rental bucaramanga,Concordancia exacta (ligera variación),Nada,Búsqueda,Bucaramanga unica Airport,alquiler de carros en bucaramanga,2,8,"0,00",0 COP,"25,00 %",588 COP,1.175 COP,"14,29 %","100,00 %"
carros alquiler bucaramanga,Concordancia exacta (ligera variación),Nada,Búsqueda,Bucaramanga unica Airport,alquiler de carros en bucaramanga,2,9,"0,00",0 COP,"22,22 %",616 COP,1.231 COP,"14,29 %","85,71 %"
renta de carros en bucaramanga colombia,Concordancia exacta (ligera variación),Nada,Búsqueda,Bucaramanga unica Airport,alquiler de carros en bucaramanga,2,4,"0,00",0 COP,"50,00 %",438 COP,875 COP,"0,00 %","66,67 %"
rental cars bucaramanga,Concordancia exacta (ligera variación),Nada,Búsqueda,Bucaramanga unica Airport,alquiler de carros en bucaramanga,2,4,"0,00",0 COP,"50,00 %",671 COP,1.342 COP,"0,00 %","100,00 %"
rentar un carro en bucaramanga,Concordancia exacta (ligera variación),Nada,Búsqueda,Bucaramanga unica Airport,alquiler de carros en bucaramanga,2,6,"0,00",0 COP,"33,33 %",1.249 COP,2.497 COP,"16,67 %","100,00 %"
alquiler de autos,Concordancia amplia,Nada,Búsqueda,Valledupar unica Airport,alquiler de carros en valledupar,2,4,"0,00",0 COP,"50,00 %",331 COP,661 COP,"33,33 %","100,00 %"
rentar carros,Concordancia amplia,Nada,Búsqueda,Valledupar unica Airport,alquiler de carros en valledupar,2,4,"0,00",0 COP,"50,00 %",1.100 COP,2.200 COP,"0,00 %","100,00 %"
alquiler de carros valledupar cesar,Concordancia exacta (ligera variación),Nada,Búsqueda,Valledupar unica Airport,alquiler de carros en valledupar,2,4,"0,00",0 COP,"50,00 %",305 COP,609 COP,"100,00 %","100,00 %"
alquiler de camioneta en valledupar,Concordancia de frase (ligera variación),Nada,Búsqueda,Valledupar unica Airport,alquiler de carros en valledupar,2,2,"0,00",0 COP,"100,00 %",566 COP,1.131 COP,"100,00 %","100,00 %"
renta de carros valledupar,Concordancia de frase (ligera variación),Nada,Búsqueda,Valledupar unica Airport,alquiler de carros en valledupar,2,4,"0,00",0 COP,"50,00 %",351 COP,701 COP,"50,00 %","100,00 %"
alquilar carros,Concordancia amplia,Nada,Búsqueda,Santa marta,alquiler de carros santa marta,2,1,"0,00",0 COP,"200,00 %",335 COP,670 COP,"0,00 %","100,00 %"
rent a car,Concordancia amplia,Nada,Búsqueda,Santa marta,alquiler de carros santa marta,2,13,"0,00",0 COP,"15,38 %",797 COP,1.593 COP,"30,00 %","100,00 %"
rent car,Concordancia amplia,Nada,Búsqueda,Santa marta,alquiler de carros santa marta,2,3,"0,00",0 COP,"66,67 %",676 COP,1.352 COP,"33,33 %","100,00 %"
alquiler de auto en santa marta,Concordancia exacta (ligera variación),Nada,Búsqueda,Santa marta,alquiler de carros santa marta,2,9,"0,00",0 COP,"22,22 %",204 COP,407 COP,"0,00 %","87,50 %"
alquiler de autos en santa marta,Concordancia exacta (ligera variación),Nada,Búsqueda,Santa marta,alquiler de carros santa marta,2,20,"0,00",0 COP,"10,00 %",629 COP,1.257 COP,"0,00 %","82,35 %"
alquiler de coches en santa marta colombia,Concordancia exacta (ligera variación),Nada,Búsqueda,Santa marta,alquiler de carros santa marta,2,2,"0,00",0 COP,"100,00 %",215 COP,430 COP,"0,00 %","100,00 %"
alquiler vehiculos en santa marta,Concordancia exacta (ligera variación),Nada,Búsqueda,Santa marta,alquiler de carros santa marta,2,7,"0,00",0 COP,"28,57 %",506 COP,1.012 COP,"0,00 %","100,00 %"
cuanto vale alquilar un carro en santa marta,Concordancia exacta (ligera variación),Nada,Búsqueda,Santa marta,alquiler de carros santa marta,2,8,"0,00",0 COP,"25,00 %",105 COP,210 COP,"0,00 %","62,50 %"
rent a car santa marta colombia,Concordancia exacta (ligera variación),Nada,Búsqueda,Santa marta,alquiler de carros santa marta,2,6,"0,00",0 COP,"33,33 %",1.477 COP,2.954 COP,"0,00 %","83,33 %"
renta autos santa marta,Concordancia exacta (ligera variación),Nada,Búsqueda,Santa marta,alquiler de carros santa marta,2,13,"0,00",0 COP,"15,38 %",669 COP,1.338 COP,"9,09 %","90,91 %"
renta carros en santa marta,Concordancia exacta (ligera variación),Nada,Búsqueda,Santa marta,alquiler de carros santa marta,2,5,"1,00",1.655 COP,"40,00 %",828 COP,1.655 COP,"0,00 %","80,00 %"
renta de autos en santa marta,Concordancia exacta (ligera variación),Nada,Búsqueda,Santa marta,alquiler de carros santa marta,2,7,"0,00",0 COP,"28,57 %",845 COP,1.689 COP,"0,00 %","71,43 %"
renta de autos santa marta,Concordancia exacta (ligera variación),Nada,Búsqueda,Santa marta,alquiler de carros santa marta,2,11,"0,00",0 COP,"18,18 %",929 COP,1.857 COP,"40,00 %","100,00 %"
alquiler camioneta 7 puestos santa marta,Concordancia de frase (ligera variación),Nada,Búsqueda,Santa marta,alquiler de carros santa marta,2,5,"0,00",0 COP,"40,00 %",426 COP,851 COP,"0,00 %","75,00 %"
alquiler de carros en el rodadero,Concordancia de frase (ligera variación),Nada,Búsqueda,Santa marta,alquiler de carros santa marta,2,2,"0,34",1.656 COP,"100,00 %",285 COP,570 COP,"0,00 %","100,00 %"
renta car,Concordancia amplia,Nada,Búsqueda,Villavicencio,alquiler de carros villavicencio,2,4,"0,00",0 COP,"50,00 %",1.020 COP,2.040 COP,"66,67 %","100,00 %"
renta de carros,Concordancia amplia,Nada,Búsqueda,Villavicencio,alquiler de carros villavicencio,2,4,"0,20",2.596 COP,"50,00 %",257 COP,513 COP,"0,00 %","100,00 %"
alquiler autos villavicencio,Concordancia exacta (ligera variación),Nada,Búsqueda,Villavicencio,alquiler de carros villavicencio,2,2,"0,00",0 COP,"100,00 %",662 COP,1.324 COP,"100,00 %","100,00 %"
alquiler de carros en villavicencio precios,Concordancia exacta (ligera variación),Nada,Búsqueda,Villavicencio,alquiler de carros villavicencio,2,7,"0,00",0 COP,"28,57 %",225 COP,451 COP,"20,00 %","100,00 %"
carros en alquiler villavicencio,Concordancia exacta (ligera variación),Nada,Búsqueda,Villavicencio,alquiler de carros villavicencio,2,6,"2,00",562 COP,"33,33 %",562 COP,1.123 COP,"50,00 %","100,00 %"
alquiler de camionetas villavicencio,Concordancia de frase (ligera variación),Nada,Búsqueda,Villavicencio,alquiler de carros villavicencio,2,3,"0,00",0 COP,"66,67 %",299 COP,598 COP,"66,67 %","100,00 %"
carros en alquiler,Concordancia amplia,Nada,Búsqueda,Villavicencio,alquiler de carros en villavicencio,2,2,"0,00",0 COP,"100,00 %",239 COP,478 COP,"0,00 %","100,00 %"
rent a car,Concordancia amplia,Nada,Búsqueda,Villavicencio,alquiler de carros en villavicencio,2,7,"0,00",0 COP,"28,57 %",510 COP,1.020 COP,"33,33 %","100,00 %"
alquilar carro villavicencio,Concordancia exacta (ligera variación),Nada,Búsqueda,Villavicencio,alquiler de carros en villavicencio,2,2,"0,00",0 COP,"100,00 %",717 COP,1.433 COP,"0,00 %","100,00 %"
alquiler carros en villavicencio,Concordancia exacta (ligera variación),Nada,Búsqueda,Villavicencio,alquiler de carros en villavicencio,2,3,"2,00",1.052 COP,"66,67 %",1.052 COP,2.103 COP,"100,00 %","100,00 %"
rentar carro en villavicencio,Concordancia exacta (ligera variación),Nada,Búsqueda,Villavicencio,alquiler de carros en villavicencio,2,4,"0,00",0 COP,"50,00 %",605 COP,1.210 COP,"100,00 %","100,00 %"
rentar carro villavicencio,Concordancia exacta (ligera variación),Nada,Búsqueda,Villavicencio,alquiler de carros en villavicencio,2,3,"0,00",0 COP,"66,67 %",1.784 COP,3.568 COP,"66,67 %","100,00 %"
alquilar carro en cartagena de indias,Concordancia de frase,Nada,Búsqueda,Cartagena unica Airport,alquiler de carros en cartagena,1,5,"0,00",0 COP,"20,00 %",774 COP,774 COP,"0,00 %","100,00 %"
alquiler de carros en cartagena de indias,Concordancia de frase,Nada,Búsqueda,Cartagena unica Airport,alquiler de carros en cartagena,1,3,"0,00",0 COP,"33,33 %",79 COP,79 COP,"0,00 %","100,00 %"
alquiler de carros en cartagena economicos,Concordancia de frase,Nada,Búsqueda,Cartagena unica Airport,alquiler de carros en cartagena,1,2,"0,00",0 COP,"50,00 %",710 COP,710 COP,"0,00 %","50,00 %"
alquila tu carro com,Concordancia amplia,Nada,Búsqueda,Cartagena unica Airport,alquiler de carros en cartagena,1,2,"0,00",0 COP,"50,00 %",144 COP,144 COP,"100,00 %","100,00 %"
alquilar un carro,Concordancia amplia,Nada,Búsqueda,Cartagena unica Airport,alquiler de carros en cartagena,1,2,"0,00",0 COP,"50,00 %",262 COP,262 COP,"0,00 %","100,00 %"
alquiler carro,Concordancia amplia,Nada,Búsqueda,Cartagena unica Airport,alquiler de carros en cartagena,1,12,"0,00",0 COP,"8,33 %",551 COP,551 COP,"22,22 %","88,89 %"
alquiler carro mensual,Concordancia amplia,Nada,Búsqueda,Cartagena unica Airport,alquiler de carros en cartagena,1,2,"0,00",0 COP,"50,00 %",312 COP,312 COP,"0,00 %","100,00 %"
alquiler carros,Concordancia amplia,Nada,Búsqueda,Cartagena unica Airport,alquiler de carros en cartagena,1,1,"1,41",830 COP,"100,00 %",1.166 COP,1.166 COP,"100,00 %","100,00 %"
alquiler de carro,Concordancia amplia,Nada,Búsqueda,Cartagena unica Airport,alquiler de carros en cartagena,1,28,"0,00",0 COP,"3,57 %",545 COP,545 COP,"4,35 %","91,30 %"
alquiler de carro por dias,Concordancia amplia,Nada,Búsqueda,Cartagena unica Airport,alquiler de carros en cartagena,1,2,"0,00",0 COP,"50,00 %",712 COP,712 COP,"50,00 %","100,00 %"
alquiler de carros baratos,Concordancia amplia,Nada,Búsqueda,Cartagena unica Airport,alquiler de carros en cartagena,1,2,"0,00",0 COP,"50,00 %",421 COP,421 COP,"0,00 %","100,00 %"
alquiler de carros por dias,Concordancia amplia,Nada,Búsqueda,Cartagena unica Airport,alquiler de carros en cartagena,1,2,"0,00",0 COP,"50,00 %",1.709 COP,1.709 COP,"100,00 %","100,00 %"
alquiler de fortuner,Concordancia amplia,Nada,Búsqueda,Cartagena unica Airport,alquiler de carros en cartagena,1,1,"0,00",0 COP,"100,00 %",515 COP,515 COP,"100,00 %","100,00 %"
alquiler de vehículos,Concordancia amplia,Nada,Búsqueda,Cartagena unica Airport,alquiler de carros en cartagena,1,2,"0,00",0 COP,"50,00 %",540 COP,540 COP,"0,00 %","50,00 %"
alquiler de vehículos en cartagena,Concordancia amplia,Nada,Búsqueda,Cartagena unica Airport,alquiler de carros en cartagena,1,2,"0,00",0 COP,"50,00 %",226 COP,226 COP,"0,00 %","100,00 %"
arriendo carro,Concordancia amplia,Nada,Búsqueda,Cartagena unica Airport,alquiler de carros en cartagena,1,1,"0,00",0 COP,"100,00 %",1.675 COP,1.675 COP,"0,00 %","100,00 %"
arriendo de autos,Concordancia amplia,Nada,Búsqueda,Cartagena unica Airport,alquiler de carros en cartagena,1,1,"0,00",0 COP,"100,00 %",976 COP,976 COP,"100,00 %","100,00 %"
arriendo vehiculos,Concordancia amplia,Nada,Búsqueda,Cartagena unica Airport,alquiler de carros en cartagena,1,1,"0,00",0 COP,"100,00 %",1.623 COP,1.623 COP,"0,00 %","100,00 %"
car rent cartagena,Concordancia amplia,Nada,Búsqueda,Cartagena unica Airport,alquiler de carros en cartagena,1,2,"0,00",0 COP,"50,00 %",1.312 COP,1.312 COP,"100,00 %","100,00 %"
carbian alquiler de autos,Concordancia amplia,Nada,Búsqueda,Cartagena unica Airport,alquiler de carros en cartagena,1,1,"0,00",0 COP,"100,00 %",1.267 COP,1.267 COP,"0,00 %","100,00 %"
carro en alquiler,Concordancia amplia,Nada,Búsqueda,Cartagena unica Airport,alquiler de carros en cartagena,1,3,"0,00",0 COP,"33,33 %",1.050 COP,1.050 COP,"50,00 %","100,00 %"
carro en renta,Concordancia amplia,Nada,Búsqueda,Cartagena unica Airport,alquiler de carros en cartagena,1,2,"0,00",0 COP,"50,00 %",394 COP,394 COP,"100,00 %","100,00 %"
carros alquiler,Concordancia amplia,Nada,Búsqueda,Cartagena unica Airport,alquiler de carros en cartagena,1,3,"0,00",0 COP,"33,33 %",1.024 COP,1.024 COP,"0,00 %","100,00 %"
carros cartagena,Concordancia amplia,Nada,Búsqueda,Cartagena unica Airport,alquiler de carros en cartagena,1,4,"0,00",0 COP,"25,00 %",1.323 COP,1.323 COP,"33,33 %","100,00 %"
carros en cartagena,Concordancia amplia,Nada,Búsqueda,Cartagena unica Airport,alquiler de carros en cartagena,1,8,"0,00",0 COP,"12,50 %",421 COP,421 COP,"16,67 %","83,33 %"
cuanto vale alquilar un carro,Concordancia amplia,Nada,Búsqueda,Cartagena unica Airport,alquiler de carros en cartagena,1,1,"0,00",0 COP,"100,00 %",63 COP,63 COP,"0,00 %","100,00 %"
rent a car in cartagena,Concordancia amplia,Nada,Búsqueda,Cartagena unica Airport,alquiler de carros en cartagena,1,1,"0,00",0 COP,"100,00 %",690 COP,690 COP,"0,00 %","100,00 %"
alquiler vehiculo medellin,Concordancia exacta (ligera variación),Nada,Búsqueda,Medellin,alquiler de carros en medellin,1,8,"1,00",2.681 COP,"12,50 %",2.681 COP,2.681 COP,"0,00 %","25,00 %"
arrendar carro en medellin,Concordancia exacta (ligera variación),Nada,Búsqueda,Medellin,alquiler de carros en medellin,1,2,"0,00",0 COP,"50,00 %",1.031 COP,1.031 COP,"0,00 %","100,00 %"
carros para rentar en medellin,Concordancia exacta (ligera variación),Nada,Búsqueda,Medellin,alquiler de carros en medellin,1,2,"0,00",0 COP,"50,00 %",2.037 COP,2.037 COP,"0,00 %","50,00 %"
rent car medellin,Concordancia exacta (ligera variación),Nada,Búsqueda,Medellin,alquiler de carros en medellin,1,19,"0,00",0 COP,"5,26 %",1.367 COP,1.367 COP,"12,50 %","56,25 %"
rent cars medellin,Concordancia exacta (ligera variación),Nada,Búsqueda,Medellin,alquiler de carros en medellin,1,1,"0,00",0 COP,"100,00 %",311 COP,311 COP,"0,00 %","100,00 %"
renta autos medellin,Concordancia exacta (ligera variación),Nada,Búsqueda,Medellin,alquiler de carros en medellin,1,6,"0,00",0 COP,"16,67 %",833 COP,833 COP,"0,00 %","33,33 %"
renta car en medellin colombia,Concordancia exacta (ligera variación),Nada,Búsqueda,Medellin,alquiler de carros en medellin,1,3,"0,00",0 COP,"33,33 %",3.309 COP,3.309 COP,"0,00 %","100,00 %"
renta carro medellin,Concordancia exacta (ligera variación),Nada,Búsqueda,Medellin,alquiler de carros en medellin,1,14,"0,00",0 COP,"7,14 %",336 COP,336 COP,"0,00 %","35,71 %"
renta carros en medellin,Concordancia exacta (ligera variación),Nada,Búsqueda,Medellin,alquiler de carros en medellin,1,1,"0,00",0 COP,"100,00 %",1.379 COP,1.379 COP,"100,00 %","100,00 %"
renta de autos en medellín,Concordancia exacta (ligera variación),Nada,Búsqueda,Medellin,alquiler de carros en medellin,1,1,"0,00",0 COP,"100,00 %",816 COP,816 COP,"0,00 %","100,00 %"
renta de carro en medellin,Concordancia exacta (ligera variación),Nada,Búsqueda,Medellin,alquiler de carros en medellin,1,13,"0,00",0 COP,"7,69 %",704 COP,704 COP,"8,33 %","58,33 %"
renta de carros en medellin colombia,Concordancia exacta (ligera variación),Nada,Búsqueda,Medellin,alquiler de carros en medellin,1,2,"0,00",0 COP,"50,00 %",628 COP,628 COP,"0,00 %","100,00 %"
renta de vehiculos en medellin,Concordancia exacta (ligera variación),Nada,Búsqueda,Medellin,alquiler de carros en medellin,1,10,"0,00",0 COP,"10,00 %",1.813 COP,1.813 COP,"10,00 %","60,00 %"
renta de vehiculos medellin,Concordancia exacta (ligera variación),Nada,Búsqueda,Medellin,alquiler de carros en medellin,1,7,"0,00",0 COP,"14,29 %",1.345 COP,1.345 COP,"0,00 %","83,33 %"
rental car medellin,Concordancia exacta (ligera variación),Nada,Búsqueda,Medellin,alquiler de carros en medellin,1,6,"0,00",0 COP,"16,67 %",570 COP,570 COP,"0,00 %","75,00 %"
rental car medellín,Concordancia exacta (ligera variación),Nada,Búsqueda,Medellin,alquiler de carros en medellin,1,3,"0,00",0 COP,"33,33 %",708 COP,708 COP,"0,00 %","50,00 %"
alquiler camionetas medellin,Concordancia de frase (ligera variación),Nada,Búsqueda,Medellin,alquiler de carros en medellin,1,2,"0,00",0 COP,"50,00 %",482 COP,482 COP,"0,00 %","50,00 %"
alquiler carros medellin aeropuerto,Concordancia de frase (ligera variación),Nada,Búsqueda,Medellin,alquiler de carros en medellin,1,2,"0,00",0 COP,"50,00 %",898 COP,898 COP,"0,00 %","100,00 %"
alquiler de carro medellin aeropuerto,Concordancia de frase (ligera variación),Nada,Búsqueda,Medellin,alquiler de carros en medellin,1,2,"0,00",0 COP,"50,00 %",731 COP,731 COP,"0,00 %","0,00 %"
alquiler de carros medellín aeropuerto,Concordancia de frase (ligera variación),Nada,Búsqueda,Medellin,alquiler de carros en medellin,1,2,"0,00",0 COP,"50,00 %",739 COP,739 COP,"0,00 %","100,00 %"
alquiler de vehiculos en medellin,Concordancia de frase (ligera variación),Nada,Búsqueda,Medellin,alquiler de carros en medellin,1,1,"0,00",0 COP,"100,00 %",833 COP,833 COP,"0,00 %","100,00 %"
rentar carro en medellin aeropuerto,Concordancia de frase (ligera variación),Nada,Búsqueda,Medellin,alquiler de carros en medellin,1,1,"0,00",0 COP,"100,00 %",1.887 COP,1.887 COP,"0,00 %","100,00 %"
alquiler de carros bogota 7 pasajeros,Concordancia de frase,Nada,Búsqueda,Bogota,alquiler de carros bogota,1,2,"0,00",0 COP,"50,00 %",594 COP,594 COP,"0,00 %","50,00 %"
alquiler de carros bogota aeropuerto,Concordancia de frase,Nada,Búsqueda,Bogota,alquiler de carros bogota,1,4,"0,00",0 COP,"25,00 %",1.107 COP,1.107 COP,"0,00 %","75,00 %"
alquiler de carros bogota sur,Concordancia de frase,Nada,Búsqueda,Bogota,alquiler de carros bogota,1,6,"0,00",0 COP,"16,67 %",877 COP,877 COP,"33,33 %","100,00 %"
alquiler de carros economicos bogota,Concordancia de frase,Nada,Búsqueda,Bogota,alquiler de carros bogota,1,5,"0,00",0 COP,"20,00 %",364 COP,364 COP,"0,00 %","100,00 %"
alquiler de carros hibridos bogota,Concordancia de frase,Nada,Búsqueda,Bogota,alquiler de carros bogota,1,3,"0,00",0 COP,"33,33 %",245 COP,245 COP,"0,00 %","100,00 %"
alquiler de carros particulares bogota,Concordancia de frase,Nada,Búsqueda,Bogota,alquiler de carros bogota,1,1,"0,00",0 COP,"100,00 %",979 COP,979 COP,"0,00 %","100,00 %"
agencia de renta de carros,Concordancia amplia,Nada,Búsqueda,Bogota,alquiler de carros bogota,1,3,"0,00",0 COP,"33,33 %",324 COP,324 COP,"0,00 %","33,33 %"
alquila carro,Concordancia amplia,Nada,Búsqueda,Bogota,alquiler de carros bogota,1,5,"0,00",0 COP,"20,00 %",580 COP,580 COP,"25,00 %","100,00 %"
alquilar camioneta,Concordancia amplia,Nada,Búsqueda,Bogota,alquiler de carros bogota,1,5,"0,00",0 COP,"20,00 %",298 COP,298 COP,"0,00 %","40,00 %"
alquilar carro bogota,Concordancia amplia,Añadido,Búsqueda,Bogota,alquiler de carros bogota,1,2,"0,00",0 COP,"50,00 %",1.337 COP,1.337 COP,"100,00 %","100,00 %"
alquiler autos economicos,Concordancia amplia,Nada,Búsqueda,Bogota,alquiler de carros bogota,1,1,"0,00",0 COP,"100,00 %",476 COP,476 COP,"0,00 %","100,00 %"
alquiler camioneta 7 puestos,Concordancia amplia,Nada,Búsqueda,Bogota,alquiler de carros bogota,1,19,"0,00",0 COP,"5,26 %",125 COP,125 COP,"0,00 %","61,11 %"
alquiler camionetas,Concordancia amplia,Nada,Búsqueda,Bogota,alquiler de carros bogota,1,4,"0,00",0 COP,"25,00 %",426 COP,426 COP,"25,00 %","75,00 %"
alquiler camionetas bogota,Concordancia amplia,Nada,Búsqueda,Bogota,alquiler de carros bogota,1,2,"0,00",0 COP,"50,00 %",801 COP,801 COP,"0,00 %","100,00 %"
alquiler carro dia,Concordancia amplia,Nada,Búsqueda,Bogota,alquiler de carros bogota,1,3,"0,00",0 COP,"33,33 %",274 COP,274 COP,"33,33 %","100,00 %"
alquiler carro economico,Concordancia amplia,Nada,Búsqueda,Bogota,alquiler de carros bogota,1,4,"0,00",0 COP,"25,00 %",2.642 COP,2.642 COP,"33,33 %","66,67 %"
alquiler carro por dias,Concordancia amplia,Nada,Búsqueda,Bogota,alquiler de carros bogota,1,4,"0,00",0 COP,"25,00 %",443 COP,443 COP,"0,00 %","100,00 %"
alquiler carro por horas,Concordancia amplia,Nada,Búsqueda,Bogota,alquiler de carros bogota,1,2,"0,00",0 COP,"50,00 %",403 COP,403 COP,"50,00 %","100,00 %"
alquiler carro por un dia,Concordancia amplia,Nada,Búsqueda,Bogota,alquiler de carros bogota,1,2,"1,00",610 COP,"50,00 %",610 COP,610 COP,"0,00 %","100,00 %"
alquiler carros cerca de mi,Concordancia amplia,Nada,Búsqueda,Bogota,alquiler de carros bogota,1,2,"0,00",0 COP,"50,00 %",264 COP,264 COP,"0,00 %","50,00 %"
alquiler coches,Concordancia amplia,Nada,Búsqueda,Bogota,alquiler de carros bogota,1,2,"0,00",0 COP,"50,00 %",1.273 COP,1.273 COP,"0,00 %","100,00 %"
alquiler de 4x4,Concordancia amplia,Nada,Búsqueda,Bogota,alquiler de carros bogota,1,1,"0,00",0 COP,"100,00 %",196 COP,196 COP,"0,00 %","100,00 %"
alquiler de camioneta 4x4 por día,Concordancia amplia,Nada,Búsqueda,Bogota,alquiler de carros bogota,1,5,"0,00",0 COP,"20,00 %",739 COP,739 COP,"0,00 %","80,00 %"
alquiler de camioneta 7 puestos,Concordancia amplia,Nada,Búsqueda,Bogota,alquiler de carros bogota,1,1,"0,00",0 COP,"100,00 %",348 COP,348 COP,"0,00 %","100,00 %"
alquiler de camioneta bogota,Concordancia amplia,Nada,Búsqueda,Bogota,alquiler de carros bogota,1,3,"0,00",0 COP,"33,33 %",901 COP,901 COP,"0,00 %","100,00 %"
alquiler de camioneta sin chofer,Concordancia amplia,Nada,Búsqueda,Bogota,alquiler de carros bogota,1,1,"0,00",0 COP,"100,00 %",285 COP,285 COP,"0,00 %","100,00 %"
alquiler de camionetas toyota,Concordancia amplia,Nada,Búsqueda,Bogota,alquiler de carros bogota,1,1,"0,00",0 COP,"100,00 %",250 COP,250 COP,"0,00 %","0,00 %"
alquiler de carro 7 puestos,Concordancia amplia,Nada,Búsqueda,Bogota,alquiler de carros bogota,1,2,"0,00",0 COP,"50,00 %",1.149 COP,1.149 COP,"0,00 %","100,00 %"
alquiler de carros para viajar en colombia,Concordancia amplia,Nada,Búsqueda,Bogota,alquiler de carros bogota,1,1,"0,00",0 COP,"100,00 %",225 COP,225 COP,"0,00 %","100,00 %"
alquiler de carros por día,Concordancia amplia,Nada,Búsqueda,Bogota,alquiler de carros bogota,1,2,"0,00",0 COP,"50,00 %",657 COP,657 COP,"0,00 %","100,00 %"
alquiler de coches,Concordancia amplia,Nada,Búsqueda,Bogota,alquiler de carros bogota,1,6,"0,00",0 COP,"16,67 %",3.502 COP,3.502 COP,"0,00 %","50,00 %"
alquiler de kia sportage,Concordancia amplia,Nada,Búsqueda,Bogota,alquiler de carros bogota,1,1,"0,00",0 COP,"100,00 %",129 COP,129 COP,"100,00 %","100,00 %"
alquiler de vehiculo sin conductor,Concordancia amplia,Nada,Búsqueda,Bogota,alquiler de carros bogota,1,1,"0,00",0 COP,"100,00 %",126 COP,126 COP,"0,00 %","100,00 %"
alquiler de vehículo,Concordancia amplia,Nada,Búsqueda,Bogota,alquiler de carros bogota,1,3,"0,00",0 COP,"33,33 %",107 COP,107 COP,"0,00 %","100,00 %"
alquiler hilux 4x4,Concordancia amplia,Nada,Búsqueda,Bogota,alquiler de carros bogota,1,1,"0,00",0 COP,"100,00 %",55 COP,55 COP,"0,00 %","100,00 %"
alquiler vehiculos,Concordancia amplia,Nada,Búsqueda,Bogota,alquiler de carros bogota,1,3,"0,00",0 COP,"33,33 %",869 COP,869 COP,"0,00 %","100,00 %"
alquileres de carros,Concordancia amplia,Nada,Búsqueda,Bogota,alquiler de carros bogota,1,2,"0,00",0 COP,"50,00 %",278 COP,278 COP,"0,00 %","100,00 %"
aplicación para alquilar coches,Concordancia amplia,Nada,Búsqueda,Bogota,alquiler de carros bogota,1,1,"0,00",0 COP,"100,00 %",261 COP,261 COP,"0,00 %","100,00 %"
app para alquilar carros,Concordancia amplia,Nada,Búsqueda,Bogota,alquiler de carros bogota,1,1,"0,00",0 COP,"100,00 %",499 COP,499 COP,"0,00 %","100,00 %"
arrendar carros,Concordancia amplia,Nada,Búsqueda,Bogota,alquiler de carros bogota,1,1,"0,00",0 COP,"100,00 %",216 COP,216 COP,"0,00 %","100,00 %"
arriendo automovil,Concordancia amplia,Nada,Búsqueda,Bogota,alquiler de carros bogota,1,1,"0,00",0 COP,"100,00 %",153 COP,153 COP,"0,00 %","100,00 %"
arriendo de vehiculos,Concordancia amplia,Nada,Búsqueda,Bogota,alquiler de carros bogota,1,4,"0,00",0 COP,"25,00 %",396 COP,396 COP,"25,00 %","100,00 %"
auto rental,Concordancia amplia,Nada,Búsqueda,Bogota,alquiler de carros bogota,1,3,"0,00",0 COP,"33,33 %",1.052 COP,1.052 COP,"0,00 %","66,67 %"
automoviles club rent a car,Concordancia amplia,Nada,Búsqueda,Bogota,alquiler de carros bogota,1,1,"0,00",0 COP,"100,00 %",580 COP,580 COP,"100,00 %","100,00 %"
autos alquilados,Concordancia amplia,Nada,Búsqueda,Bogota,alquiler de carros bogota,1,1,"0,00",0 COP,"100,00 %",344 COP,344 COP,"0,00 %","100,00 %"
autos bogota,Concordancia amplia,Nada,Búsqueda,Bogota,alquiler de carros bogota,1,1,"0,00",0 COP,"100,00 %",938 COP,938 COP,"0,00 %","100,00 %"
camioneta arriendo,Concordancia amplia,Nada,Búsqueda,Bogota,alquiler de carros bogota,1,2,"0,00",0 COP,"50,00 %",414 COP,414 COP,"0,00 %","100,00 %"
camionetas alquiler,Concordancia amplia,Nada,Búsqueda,Bogota,alquiler de carros bogota,1,3,"0,00",0 COP,"33,33 %",306 COP,306 COP,"0,00 %","50,00 %"
carro alquilado,Concordancia amplia,Nada,Búsqueda,Bogota,alquiler de carros bogota,1,1,"0,00",0 COP,"100,00 %",145 COP,145 COP,"0,00 %","100,00 %"
carro arriendo,Concordancia amplia,Nada,Búsqueda,Bogota,alquiler de carros bogota,1,2,"0,00",0 COP,"50,00 %",328 COP,328 COP,"0,00 %","100,00 %"
carro en alquiler,Concordancia amplia,Nada,Búsqueda,Bogota,alquiler de carros bogota,1,2,"0,00",0 COP,"50,00 %",268 COP,268 COP,"0,00 %","100,00 %"
carro para rentar,Concordancia amplia,Nada,Búsqueda,Bogota,alquiler de carros bogota,1,1,"0,00",0 COP,"100,00 %",779 COP,779 COP,"0,00 %","100,00 %"
alquiler de carro medellin,Concordancia exacta (ligera variación),Nada,Búsqueda,Medellin,alquiler de carros medellin,1,11,"0,00",0 COP,"9,09 %",2.052 COP,2.052 COP,"9,09 %","45,45 %"
alquiler de vehiculos medellin,Concordancia exacta (ligera variación),Nada,Búsqueda,Medellin,alquiler de carros medellin,1,4,"0,00",0 COP,"25,00 %",675 COP,675 COP,"0,00 %","33,33 %"
alquiler de vehículo en medellín,Concordancia exacta (ligera variación),Nada,Búsqueda,Medellin,alquiler de carros medellin,1,2,"0,00",0 COP,"50,00 %",359 COP,359 COP,"0,00 %","50,00 %"
alquiler vehiculos medellin,Concordancia exacta (ligera variación),Nada,Búsqueda,Medellin,alquiler de carros medellin,1,17,"0,00",0 COP,"5,88 %",173 COP,173 COP,"8,33 %","58,33 %"
arrendamiento de carros medellin,Concordancia exacta (ligera variación),Nada,Búsqueda,Medellin,alquiler de carros medellin,1,1,"0,00",0 COP,"100,00 %",415 COP,415 COP,"0,00 %","0,00 %"
renta carros medellin,Concordancia exacta (ligera variación),Nada,Búsqueda,Medellin,alquiler de carros medellin,1,14,"0,00",0 COP,"7,14 %",1.611 COP,1.611 COP,"0,00 %","70,00 %"
renta carros medellín,Concordancia exacta (ligera variación),Nada,Búsqueda,Medellin,alquiler de carros medellin,1,1,"0,00",0 COP,"100,00 %",642 COP,642 COP,"0,00 %","100,00 %"
renta de carros en medellin,Concordancia exacta (ligera variación),Nada,Búsqueda,Medellin,alquiler de carros medellin,1,5,"0,00",0 COP,"20,00 %",1.314 COP,1.314 COP,"0,00 %","20,00 %"
renta de vehiculos en medellin,Concordancia exacta (ligera variación),Nada,Búsqueda,Medellin,alquiler de carros medellin,1,6,"0,00",0 COP,"16,67 %",387 COP,387 COP,"0,00 %","83,33 %"
rentacar medellin,Concordancia exacta (ligera variación),Nada,Búsqueda,Medellin,alquiler de carros medellin,1,4,"1,00",1.090 COP,"25,00 %",1.090 COP,1.090 COP,"0,00 %","25,00 %"
rental cars medellin,Concordancia exacta (ligera variación),Nada,Búsqueda,Medellin,alquiler de carros medellin,1,7,"0,00",0 COP,"14,29 %",2.641 COP,2.641 COP,"20,00 %","40,00 %"
rental cars medellin colombia,Concordancia exacta (ligera variación),Nada,Búsqueda,Medellin,alquiler de carros medellin,1,1,"0,00",0 COP,"100,00 %",1.824 COP,1.824 COP,"0,00 %","100,00 %"
rentar carros medellin,Concordancia exacta (ligera variación),Nada,Búsqueda,Medellin,alquiler de carros medellin,1,4,"0,00",0 COP,"25,00 %",272 COP,272 COP,"0,00 %","75,00 %"
rentar vehiculo en medellin,Concordancia exacta (ligera variación),Nada,Búsqueda,Medellin,alquiler de carros medellin,1,2,"0,00",0 COP,"50,00 %",2.275 COP,2.275 COP,"0,00 %","100,00 %"
rentas de carros en medellin,Concordancia exacta (ligera variación),Nada,Búsqueda,Medellin,alquiler de carros medellin,1,1,"0,00",0 COP,"100,00 %",705 COP,705 COP,"100,00 %","100,00 %"
alquiler de vehiculos en medellin economicos,Concordancia de frase (ligera variación),Nada,Búsqueda,Medellin,alquiler de carros medellin,1,2,"0,00",0 COP,"50,00 %",62 COP,62 COP,"0,00 %","50,00 %"
gama car medellin,Concordancia de frase (ligera variación),Nada,Búsqueda,Medellin,alquiler de carros medellin,1,1,"0,00",0 COP,"100,00 %",494 COP,494 COP,"0,00 %","100,00 %"
rent a car medellin el poblado,Concordancia de frase (ligera variación),Nada,Búsqueda,Medellin,alquiler de carros medellin,1,2,"0,00",0 COP,"50,00 %",1.083 COP,1.083 COP,"0,00 %","100,00 %"
alquiler de carros particulares en ibagué,Concordancia de frase,Nada,Búsqueda,Ibague,alquiler de carros ibague,1,2,"0,00",0 COP,"50,00 %",55 COP,55 COP,"100,00 %","100,00 %"
alquilatucarro,Concordancia amplia,Nada,Búsqueda,Ibague,alquiler de carros ibague,1,1,"0,00",0 COP,"100,00 %",633 COP,633 COP,"100,00 %","100,00 %"
alquiler carros,Concordancia amplia,Nada,Búsqueda,Ibague,alquiler de carros ibague,1,2,"0,00",0 COP,"50,00 %",177 COP,177 COP,"0,00 %","100,00 %"
alquiler de carro,Concordancia amplia,Nada,Búsqueda,Ibague,alquiler de carros ibague,1,5,"0,00",0 COP,"20,00 %",220 COP,220 COP,"0,00 %","100,00 %"
alquiler de carros cerca de mi ubicación,Concordancia amplia,Nada,Búsqueda,Ibague,alquiler de carros ibague,1,2,"0,00",0 COP,"50,00 %",371 COP,371 COP,"100,00 %","100,00 %"
alquiler de carros colombia,Concordancia amplia,Nada,Búsqueda,Ibague,alquiler de carros ibague,1,2,"0,00",0 COP,"50,00 %",348 COP,348 COP,"0,00 %","100,00 %"
alquiler de carros en,Concordancia amplia,Nada,Búsqueda,Ibague,alquiler de carros ibague,1,2,"0,00",0 COP,"50,00 %",119 COP,119 COP,"100,00 %","100,00 %"
arriendo carro,Concordancia amplia,Nada,Búsqueda,Ibague,alquiler de carros ibague,1,1,"0,00",0 COP,"100,00 %",199 COP,199 COP,"100,00 %","100,00 %"
cuanto vale el alquiler de un carro por dia,Concordancia amplia,Nada,Búsqueda,Ibague,alquiler de carros ibague,1,1,"0,00",0 COP,"100,00 %",34 COP,34 COP,"0,00 %","100,00 %"
rent car,Concordancia amplia,Nada,Búsqueda,Ibague,alquiler de carros ibague,1,1,"0,00",0 COP,"100,00 %",506 COP,506 COP,"100,00 %","100,00 %"
renta car,Concordancia amplia,Nada,Búsqueda,Ibague,alquiler de carros ibague,1,6,"0,00",0 COP,"16,67 %",1.010 COP,1.010 COP,"16,67 %","83,33 %"
renta car colombia,Concordancia amplia,Nada,Búsqueda,Ibague,alquiler de carros ibague,1,1,"0,00",0 COP,"100,00 %",489 COP,489 COP,"0,00 %","100,00 %"
renta de vehiculos,Concordancia amplia,Nada,Búsqueda,Ibague,alquiler de carros ibague,1,2,"0,00",0 COP,"50,00 %",1.677 COP,1.677 COP,"0,00 %","100,00 %"
rentadora de carros,Concordancia amplia,Nada,Búsqueda,Ibague,alquiler de carros ibague,1,1,"0,00",0 COP,"100,00 %",669 COP,669 COP,"100,00 %","100,00 %"
rentar carro,Concordancia amplia,Nada,Búsqueda,Ibague,alquiler de carros ibague,1,3,"0,00",0 COP,"33,33 %",917 COP,917 COP,"50,00 %","100,00 %"
rentar carro colombia,Concordancia amplia,Nada,Búsqueda,Ibague,alquiler de carros ibague,1,4,"0,00",0 COP,"25,00 %",394 COP,394 COP,"0,00 %","66,67 %"
rentar un vehiculo,Concordancia amplia,Nada,Búsqueda,Ibague,alquiler de carros ibague,1,1,"0,00",0 COP,"100,00 %",126 COP,126 COP,"0,00 %","100,00 %"
rentas de carros cerca de mi,Concordancia amplia,Nada,Búsqueda,Ibague,alquiler de carros ibague,1,1,"0,00",0 COP,"100,00 %",1.891 COP,1.891 COP,"0,00 %","100,00 %"
alquiler de carros ibagué por días,Concordancia exacta (ligera variación),Nada,Búsqueda,Ibague,alquiler de carros ibague,1,9,"0,00",0 COP,"11,11 %",2.157 COP,2.157 COP,"80,00 %","100,00 %"
alquiler de vehículo en ibagué,Concordancia exacta (ligera variación),Nada,Búsqueda,Ibague,alquiler de carros ibague,1,5,"0,00",0 COP,"20,00 %",325 COP,325 COP,"25,00 %","100,00 %"
alquiler de vehículos ibagué,Concordancia exacta (ligera variación),Nada,Búsqueda,Ibague,alquiler de carros ibague,1,2,"0,00",0 COP,"50,00 %",604 COP,604 COP,"0,00 %","100,00 %"
rent a car ibague colombia,Concordancia exacta (ligera variación),Nada,Búsqueda,Ibague,alquiler de carros ibague,1,2,"0,00",0 COP,"50,00 %",924 COP,924 COP,"0,00 %","100,00 %"
rentar carro en ibague colombia,Concordancia exacta (ligera variación),Nada,Búsqueda,Ibague,alquiler de carros ibague,1,2,"0,65",4.159 COP,"50,00 %",2.703 COP,2.703 COP,"100,00 %","100,00 %"
alquiler de camionetas 4x4 en ibague,Concordancia de frase (ligera variación),Nada,Búsqueda,Ibague,alquiler de carros ibague,1,1,"0,00",0 COP,"100,00 %",159 COP,159 COP,"0,00 %","100,00 %"
alquiler de camionetas ibagué,Concordancia de frase (ligera variación),Nada,Búsqueda,Ibague,alquiler de carros ibague,1,4,"0,00",0 COP,"25,00 %",442 COP,442 COP,"50,00 %","100,00 %"
alquiler de carros en cúcuta aeropuerto,Concordancia de frase,Nada,Búsqueda,Cucuta unica Airport,alquiler de carros en cucuta,1,6,"0,00",0 COP,"16,67 %",363 COP,363 COP,"25,00 %","100,00 %"
alquilan carros,Concordancia amplia,Nada,Búsqueda,Cucuta unica Airport,alquiler de carros en cucuta,1,1,"0,00",0 COP,"100,00 %",292 COP,292 COP,"0,00 %","100,00 %"
alquiler carro aeropuerto,Concordancia amplia,Nada,Búsqueda,Cucuta unica Airport,alquiler de carros en cucuta,1,1,"0,00",0 COP,"100,00 %",935 COP,935 COP,"100,00 %","100,00 %"
alquiler de carro,Concordancia amplia,Nada,Búsqueda,Cucuta unica Airport,alquiler de carros en cucuta,1,9,"0,00",0 COP,"11,11 %",498 COP,498 COP,"0,00 %","85,71 %"
cuanto cuesta alquilar un carro,Concordancia amplia,Nada,Búsqueda,Cucuta unica Airport,alquiler de carros en cucuta,1,3,"0,00",0 COP,"33,33 %",320 COP,320 COP,"50,00 %","100,00 %"
rent car,Concordancia amplia,Nada,Búsqueda,Cucuta unica Airport,alquiler de carros en cucuta,1,1,"0,00",0 COP,"100,00 %",593 COP,593 COP,"100,00 %","100,00 %"
renta cara,Concordancia amplia,Nada,Búsqueda,Cucuta unica Airport,alquiler de carros en cucuta,1,2,"0,00",0 COP,"50,00 %",596 COP,596 COP,"0,00 %","100,00 %"
renta de autos,Concordancia amplia,Nada,Búsqueda,Cucuta unica Airport,alquiler de carros en cucuta,1,2,"0,00",0 COP,"50,00 %",132 COP,132 COP,"100,00 %","100,00 %"
renta de carros,Concordancia amplia,Nada,Búsqueda,Cucuta unica Airport,alquiler de carros en cucuta,1,6,"0,00",0 COP,"16,67 %",994 COP,994 COP,"100,00 %","100,00 %"
renta de vehiculos,Concordancia amplia,Nada,Búsqueda,Cucuta unica Airport,alquiler de carros en cucuta,1,1,"0,00",0 COP,"100,00 %",229 COP,229 COP,"0,00 %","100,00 %"
rentar carro,Concordancia amplia,Nada,Búsqueda,Cucuta unica Airport,alquiler de carros en cucuta,1,2,"0,00",0 COP,"50,00 %",911 COP,911 COP,"0,00 %","100,00 %"
alquiler autos cucuta,Concordancia exacta (ligera variación),Nada,Búsqueda,Cucuta unica Airport,alquiler de carros en cucuta,1,8,"0,00",0 COP,"12,50 %",136 COP,136 COP,"28,57 %","100,00 %"
alquiler de autos cúcuta,Concordancia exacta (ligera variación),Nada,Búsqueda,Cucuta unica Airport,alquiler de carros en cucuta,1,1,"0,00",0 COP,"100,00 %",362 COP,362 COP,"0,00 %","100,00 %"
alquiler de autos en cucuta,Concordancia exacta (ligera variación),Nada,Búsqueda,Cucuta unica Airport,alquiler de carros en cucuta,1,5,"0,00",0 COP,"20,00 %",233 COP,233 COP,"25,00 %","100,00 %"
alquiler de carros cucuta colombia,Concordancia exacta (ligera variación),Nada,Búsqueda,Cucuta unica Airport,alquiler de carros en cucuta,1,5,"0,00",0 COP,"20,00 %",490 COP,490 COP,"33,33 %","100,00 %"
alquiler de carros cúcuta,Concordancia exacta (ligera variación),Nada,Búsqueda,Cucuta unica Airport,alquiler de carros en cucuta,1,15,"0,00",0 COP,"6,67 %",142 COP,142 COP,"40,00 %","100,00 %"
alquiler de coche en cucuta,Concordancia exacta (ligera variación),Nada,Búsqueda,Cucuta unica Airport,alquiler de carros en cucuta,1,1,"0,00",0 COP,"100,00 %",253 COP,253 COP,"100,00 %","100,00 %"
cucuta alquiler de vehiculos,Concordancia exacta (ligera variación),Nada,Búsqueda,Cucuta unica Airport,alquiler de carros en cucuta,1,1,"0,00",0 COP,"100,00 %",500 COP,500 COP,"0,00 %","100,00 %"
donde alquilan carros en cucuta,Concordancia exacta (ligera variación),Nada,Búsqueda,Cucuta unica Airport,alquiler de carros en cucuta,1,2,"0,00",0 COP,"50,00 %",609 COP,609 COP,"100,00 %","100,00 %"
rent a car cucuta colombia,Concordancia exacta (ligera variación),Nada,Búsqueda,Cucuta unica Airport,alquiler de carros en cucuta,1,2,"0,00",0 COP,"50,00 %",502 COP,502 COP,"50,00 %","100,00 %"
renta de autos cucuta,Concordancia exacta (ligera variación),Nada,Búsqueda,Cucuta unica Airport,alquiler de carros en cucuta,1,2,"0,00",0 COP,"50,00 %",370 COP,370 COP,"0,00 %","100,00 %"
renta de autos en cucuta colombia,Concordancia exacta (ligera variación),Nada,Búsqueda,Cucuta unica Airport,alquiler de carros en cucuta,1,2,"0,00",0 COP,"50,00 %",546 COP,546 COP,"0,00 %","100,00 %"
renta de carros en cucuta colombia,Concordancia exacta (ligera variación),Nada,Búsqueda,Cucuta unica Airport,alquiler de carros en cucuta,1,6,"0,00",0 COP,"16,67 %",1.480 COP,1.480 COP,"25,00 %","100,00 %"
alquiler de carros cucuta,Concordancia de frase (ligera variación),Nada,Búsqueda,Cucuta unica Airport,alquiler de carros en cucuta,1,2,"0,00",0 COP,"50,00 %",345 COP,345 COP,"0,00 %","100,00 %"
alquilar auto,Concordancia amplia,Nada,Búsqueda,Monteria,alquiler de carros en monteria,1,3,"0,00",0 COP,"33,33 %",556 COP,556 COP,"0,00 %","66,67 %"
alquileres de autos,Concordancia amplia,Nada,Búsqueda,Monteria,alquiler de carros en monteria,1,2,"0,00",0 COP,"50,00 %",164 COP,164 COP,"50,00 %","100,00 %"
arrendar vehiculo,Concordancia amplia,Nada,Búsqueda,Monteria,alquiler de carros en monteria,1,2,"0,00",0 COP,"50,00 %",460 COP,460 COP,"0,00 %","100,00 %"
arriendo carro,Concordancia amplia,Nada,Búsqueda,Monteria,alquiler de carros en monteria,1,4,"0,00",0 COP,"25,00 %",78 COP,78 COP,"33,33 %","100,00 %"
rentar carro,Concordancia amplia,Nada,Búsqueda,Monteria,alquiler de carros en monteria,1,7,"0,00",0 COP,"14,29 %",224 COP,224 COP,"20,00 %","60,00 %"
alquilar carro en monteria colombia,Concordancia exacta (ligera variación),Nada,Búsqueda,Monteria,alquiler de carros en monteria,1,2,"0,00",0 COP,"50,00 %",258 COP,258 COP,"50,00 %","100,00 %"
alquiler carro monteria colombia,Concordancia exacta (ligera variación),Nada,Búsqueda,Monteria,alquiler de carros en monteria,1,1,"0,00",0 COP,"100,00 %",997 COP,997 COP,"0,00 %","0,00 %"
alquiler de carros en monteria cordoba,Concordancia exacta (ligera variación),Nada,Búsqueda,Monteria,alquiler de carros en monteria,1,2,"0,00",0 COP,"50,00 %",139 COP,139 COP,"0,00 %","100,00 %"
alquiler de carros monteria colombia,Concordancia exacta (ligera variación),Nada,Búsqueda,Monteria,alquiler de carros en monteria,1,1,"0,00",0 COP,"100,00 %",706 COP,706 COP,"0,00 %","100,00 %"
alquiler de vehiculos en monteria cordoba,Concordancia exacta (ligera variación),Nada,Búsqueda,Monteria,alquiler de carros en monteria,1,1,"0,00",0 COP,"100,00 %",121 COP,121 COP,"0,00 %","100,00 %"
renta de autos monteria,Concordancia exacta (ligera variación),Nada,Búsqueda,Monteria,alquiler de carros en monteria,1,10,"0,00",0 COP,"10,00 %",858 COP,858 COP,"11,11 %","77,78 %"
renta de carros en monteria colombia,Concordancia exacta (ligera variación),Nada,Búsqueda,Monteria,alquiler de carros en monteria,1,1,"0,00",0 COP,"100,00 %",1.196 COP,1.196 COP,"0,00 %","100,00 %"
alquiler carro aeropuerto monteria,Concordancia de frase (ligera variación),Nada,Búsqueda,Monteria,alquiler de carros en monteria,1,6,"0,00",0 COP,"16,67 %",857 COP,857 COP,"33,33 %","100,00 %"
alquiler carros monteria,Concordancia de frase (ligera variación),Nada,Búsqueda,Monteria,alquiler de carros en monteria,1,2,"0,00",0 COP,"50,00 %",233 COP,233 COP,"0,00 %","100,00 %"
alquila carros,Concordancia amplia,Nada,Búsqueda,Barranquilla,alquiler de carros en barranquilla,1,4,"0,00",0 COP,"25,00 %",860 COP,860 COP,"50,00 %","100,00 %"
alquila tu carro com,Concordancia amplia,Nada,Búsqueda,Barranquilla,alquiler de carros en barranquilla,1,1,"0,00",0 COP,"100,00 %",429 COP,429 COP,"100,00 %","100,00 %"
alquilar un carro,Concordancia amplia,Nada,Búsqueda,Barranquilla,alquiler de carros en barranquilla,1,1,"0,00",0 COP,"100,00 %",373 COP,373 COP,"0,00 %","100,00 %"
alquiler carro por día,Concordancia amplia,Nada,Búsqueda,Barranquilla,alquiler de carros en barranquilla,1,2,"0,00",0 COP,"50,00 %",454 COP,454 COP,"0,00 %","50,00 %"
alquiler carros,Concordancia amplia,Nada,Búsqueda,Barranquilla,alquiler de carros en barranquilla,1,9,"0,00",0 COP,"11,11 %",884 COP,884 COP,"12,50 %","50,00 %"
alquiler coche,Concordancia amplia,Nada,Búsqueda,Barranquilla,alquiler de carros en barranquilla,1,4,"0,00",0 COP,"25,00 %",663 COP,663 COP,"25,00 %","75,00 %"
alquiler de carro por dias,Concordancia amplia,Nada,Búsqueda,Barranquilla,alquiler de carros en barranquilla,1,2,"0,00",0 COP,"50,00 %",144 COP,144 COP,"0,00 %","100,00 %"
aplicacion alquiler coche,Concordancia amplia,Nada,Búsqueda,Barranquilla,alquiler de carros en barranquilla,1,1,"0,00",0 COP,"100,00 %",489 COP,489 COP,"100,00 %","100,00 %"
arriendo camioneta,Concordancia amplia,Nada,Búsqueda,Barranquilla,alquiler de carros en barranquilla,1,1,"0,00",0 COP,"100,00 %",506 COP,506 COP,"0,00 %","100,00 %"
carro alquiler,Concordancia amplia,Nada,Búsqueda,Barranquilla,alquiler de carros en barranquilla,1,4,"0,00",0 COP,"25,00 %",1.042 COP,1.042 COP,"25,00 %","100,00 %"
carros alquilados,Concordancia amplia,Nada,Búsqueda,Barranquilla,alquiler de carros en barranquilla,1,3,"0,00",0 COP,"33,33 %",410 COP,410 COP,"0,00 %","50,00 %"
carros de alquiler,Concordancia amplia,Nada,Búsqueda,Barranquilla,alquiler de carros en barranquilla,1,1,"0,00",0 COP,"100,00 %",2.312 COP,2.312 COP,"0,00 %","100,00 %"
carros rentados,Concordancia amplia,Nada,Búsqueda,Barranquilla,alquiler de carros en barranquilla,1,4,"0,00",0 COP,"25,00 %",559 COP,559 COP,"0,00 %","100,00 %"
empresas que alquilan carros,Concordancia amplia,Nada,Búsqueda,Barranquilla,alquiler de carros en barranquilla,1,1,"0,00",0 COP,"100,00 %",287 COP,287 COP,"0,00 %","100,00 %"
numero de telefono rent a car,Concordancia amplia,Nada,Búsqueda,Barranquilla,alquiler de carros en barranquilla,1,1,"0,00",0 COP,"100,00 %",1.932 COP,1.932 COP,"100,00 %","100,00 %"
paginas de alquiler de autos,Concordancia amplia,Nada,Búsqueda,Barranquilla,alquiler de carros en barranquilla,1,1,"0,00",0 COP,"100,00 %",1.062 COP,1.062 COP,"0,00 %","100,00 %"
que necesito para alquilar un auto,Concordancia amplia,Nada,Búsqueda,Barranquilla,alquiler de carros en barranquilla,1,1,"0,00",0 COP,"100,00 %",364 COP,364 COP,"0,00 %","100,00 %"
quillami rent car,Concordancia amplia,Nada,Búsqueda,Barranquilla,alquiler de carros en barranquilla,1,2,"0,00",0 COP,"50,00 %",1.553 COP,1.553 COP,"0,00 %","100,00 %"
rencar,Concordancia amplia,Nada,Búsqueda,Barranquilla,alquiler de carros en barranquilla,1,8,"0,00",0 COP,"12,50 %",1.984 COP,1.984 COP,"33,33 %","83,33 %"
rendacar,Concordancia amplia,Nada,Búsqueda,Barranquilla,alquiler de carros en barranquilla,1,2,"0,00",0 COP,"50,00 %",352 COP,352 COP,"100,00 %","100,00 %"
rent a car near me,Concordancia amplia,Nada,Búsqueda,Barranquilla,alquiler de carros en barranquilla,1,1,"0,00",0 COP,"100,00 %",1.006 COP,1.006 COP,"100,00 %","100,00 %"
renta de vehículos por día,Concordancia amplia,Nada,Búsqueda,Barranquilla,alquiler de carros en barranquilla,1,1,"0,00",0 COP,"100,00 %",630 COP,630 COP,"0,00 %","100,00 %"
rentacars,Concordancia amplia,Nada,Búsqueda,Barranquilla,alquiler de carros en barranquilla,1,1,"0,00",0 COP,"100,00 %",1.131 COP,1.131 COP,"0,00 %","100,00 %"
rentar carros,Concordancia amplia,Nada,Búsqueda,Barranquilla,alquiler de carros en barranquilla,1,4,"0,00",0 COP,"25,00 %",868 COP,868 COP,"0,00 %","25,00 %"
tu rent a car colombia,Concordancia amplia,Nada,Búsqueda,Barranquilla,alquiler de carros en barranquilla,1,1,"0,00",0 COP,"100,00 %",669 COP,669 COP,"0,00 %","100,00 %"
alquilar un carro en barranquilla,Concordancia exacta (ligera variación),Nada,Búsqueda,Barranquilla,alquiler de carros en barranquilla,1,10,"0,00",0 COP,"10,00 %",815 COP,815 COP,"0,00 %","87,50 %"
alquiler coches barranquilla,Concordancia exacta (ligera variación),Nada,Búsqueda,Barranquilla,alquiler de carros en barranquilla,1,2,"0,00",0 COP,"50,00 %",573 COP,573 COP,"0,00 %","100,00 %"
alquiler de automoviles en barranquilla,Concordancia exacta (ligera variación),Nada,Búsqueda,Barranquilla,alquiler de carros en barranquilla,1,1,"0,00",0 COP,"100,00 %",166 COP,166 COP,"0,00 %","100,00 %"
alquiler de carros en barranquilla baratos,Concordancia exacta (ligera variación),Nada,Búsqueda,Barranquilla,alquiler de carros en barranquilla,1,1,"0,00",0 COP,"100,00 %",285 COP,285 COP,"0,00 %","100,00 %"
alquiler de carros en barranquilla por día,Concordancia exacta (ligera variación),Nada,Búsqueda,Barranquilla,alquiler de carros en barranquilla,1,2,"0,00",0 COP,"50,00 %",230 COP,230 COP,"0,00 %","100,00 %"
alquiler de carros en barranquilla precios,Concordancia exacta (ligera variación),Nada,Búsqueda,Barranquilla,alquiler de carros en barranquilla,1,23,"0,00",0 COP,"4,35 %",1.063 COP,1.063 COP,"10,00 %","90,00 %"
alquiler de vehiculos en barranquilla precios,Concordancia exacta (ligera variación),Nada,Búsqueda,Barranquilla,alquiler de carros en barranquilla,1,2,"0,00",0 COP,"50,00 %",304 COP,304 COP,"50,00 %","50,00 %"
arriendo carros barranquilla,Concordancia exacta (ligera variación),Nada,Búsqueda,Barranquilla,alquiler de carros en barranquilla,1,1,"0,00",0 COP,"100,00 %",216 COP,216 COP,"0,00 %","100,00 %"
arriendo de carros en barranquilla,Concordancia exacta (ligera variación),Nada,Búsqueda,Barranquilla,alquiler de carros en barranquilla,1,3,"0,00",0 COP,"33,33 %",1.064 COP,1.064 COP,"33,33 %","66,67 %"
carro alquiler barranquilla,Concordancia exacta (ligera variación),Nada,Búsqueda,Barranquilla,alquiler de carros en barranquilla,1,8,"0,00",0 COP,"12,50 %",331 COP,331 COP,"33,33 %","83,33 %"
rent a car barranquilla colombia,Concordancia exacta (ligera variación),Nada,Búsqueda,Barranquilla,alquiler de carros en barranquilla,1,1,"0,00",0 COP,"100,00 %",745 COP,745 COP,"0,00 %","100,00 %"
renta car en barranquilla,Concordancia exacta (ligera variación),Nada,Búsqueda,Barranquilla,alquiler de carros en barranquilla,1,4,"0,00",0 COP,"25,00 %",687 COP,687 COP,"33,33 %","66,67 %"
renta carros en barranquilla,Concordancia exacta (ligera variación),Nada,Búsqueda,Barranquilla,alquiler de carros en barranquilla,1,4,"0,00",0 COP,"25,00 %",498 COP,498 COP,"0,00 %","100,00 %"
renta de carros en barranquilla colombia,Concordancia exacta (ligera variación),Nada,Búsqueda,Barranquilla,alquiler de carros en barranquilla,1,4,"0,00",0 COP,"25,00 %",2.157 COP,2.157 COP,"25,00 %","100,00 %"
renta de vehículos barranquilla,Concordancia exacta (ligera variación),Nada,Búsqueda,Barranquilla,alquiler de carros en barranquilla,1,3,"0,00",0 COP,"33,33 %",409 COP,409 COP,"50,00 %","100,00 %"
rentar carros en barranquilla,Concordancia exacta (ligera variación),Nada,Búsqueda,Barranquilla,alquiler de carros en barranquilla,1,12,"0,00",0 COP,"8,33 %",1.400 COP,1.400 COP,"22,22 %","88,89 %"
alquiler camioneta barranquilla,Concordancia de frase (ligera variación),Nada,Búsqueda,Barranquilla,alquiler de carros en barranquilla,1,3,"0,00",0 COP,"33,33 %",563 COP,563 COP,"33,33 %","100,00 %"
alquiler de camionetas barranquilla,Concordancia de frase (ligera variación),Nada,Búsqueda,Barranquilla,alquiler de carros en barranquilla,1,4,"0,00",0 COP,"25,00 %",539 COP,539 COP,"0,00 %","75,00 %"
alquiler de carros aeropuerto barranquilla,Concordancia de frase (ligera variación),Nada,Búsqueda,Barranquilla,alquiler de carros en barranquilla,1,5,"0,00",0 COP,"20,00 %",268 COP,268 COP,"0,00 %","80,00 %"
alquiler de carros barranquilla aeropuerto,Concordancia de frase (ligera variación),Nada,Búsqueda,Barranquilla,alquiler de carros en barranquilla,1,5,"0,00",0 COP,"20,00 %",5.806 COP,5.806 COP,"0,00 %","80,00 %"
rent a car barranquilla aeropuerto,Concordancia de frase (ligera variación),Nada,Búsqueda,Barranquilla,alquiler de carros en barranquilla,1,6,"0,00",0 COP,"16,67 %",1.189 COP,1.189 COP,"40,00 %","100,00 %"
renta car barranquilla,Concordancia de frase (ligera variación),Nada,Búsqueda,Barranquilla,alquiler de carros en barranquilla,1,2,"0,00",0 COP,"50,00 %",1.952 COP,1.952 COP,"0,00 %","100,00 %"
renta de vehiculos barranquilla,Concordancia de frase (ligera variación),Nada,Búsqueda,Barranquilla,alquiler de carros en barranquilla,1,1,"0,00",0 COP,"100,00 %",99 COP,99 COP,"0,00 %","100,00 %"
rentar carro barranquilla,Concordancia de frase (ligera variación),Nada,Búsqueda,Barranquilla,alquiler de carros en barranquilla,1,1,"0,00",0 COP,"100,00 %",2.851 COP,2.851 COP,"0,00 %","100,00 %"
alquiler de carros en bucaramanga económicos,Concordancia de frase,Nada,Búsqueda,Bucaramanga unica Airport,alquiler de carros en bucaramanga,1,1,"0,00",0 COP,"100,00 %",262 COP,262 COP,"100,00 %","100,00 %"
alquila tu carro,Concordancia amplia,Nada,Búsqueda,Bucaramanga unica Airport,alquiler de carros en bucaramanga,1,2,"0,00",0 COP,"50,00 %",400 COP,400 COP,"100,00 %","100,00 %"
alquilar un carro,Concordancia amplia,Nada,Búsqueda,Bucaramanga unica Airport,alquiler de carros en bucaramanga,1,3,"0,00",0 COP,"33,33 %",401 COP,401 COP,"0,00 %","100,00 %"
alquiler camioneta 7 puestos,Concordancia amplia,Nada,Búsqueda,Bucaramanga unica Airport,alquiler de carros en bucaramanga,1,1,"0,00",0 COP,"100,00 %",139 COP,139 COP,"0,00 %","100,00 %"
alquiler carro,Concordancia amplia,Nada,Búsqueda,Bucaramanga unica Airport,alquiler de carros en bucaramanga,1,6,"0,00",0 COP,"16,67 %",198 COP,198 COP,"0,00 %","80,00 %"
alquiler carro para viajar,Concordancia amplia,Nada,Búsqueda,Bucaramanga unica Airport,alquiler de carros en bucaramanga,1,1,"0,00",0 COP,"100,00 %",407 COP,407 COP,"0,00 %","100,00 %"
alquiler de carro 7 puestos,Concordancia amplia,Nada,Búsqueda,Bucaramanga unica Airport,alquiler de carros en bucaramanga,1,1,"0,00",0 COP,"100,00 %",157 COP,157 COP,"0,00 %","100,00 %"
alquiler de carros bucaramanga,Concordancia amplia,Nada,Búsqueda,Bucaramanga unica Airport,alquiler de carros en bucaramanga,1,1,"0,00",0 COP,"100,00 %",358 COP,358 COP,"0,00 %","100,00 %"
alquiler de carros mensual,Concordancia amplia,Nada,Búsqueda,Bucaramanga unica Airport,alquiler de carros en bucaramanga,1,1,"0,00",0 COP,"100,00 %",177 COP,177 COP,"0,00 %","100,00 %"
alquiler de carros para viajar,Concordancia amplia,Nada,Búsqueda,Bucaramanga unica Airport,alquiler de carros en bucaramanga,1,1,"0,09",2.162 COP,"100,00 %",187 COP,187 COP,"0,00 %","100,00 %"
alquiler de carros por dias,Concordancia amplia,Nada,Búsqueda,Bucaramanga unica Airport,alquiler de carros en bucaramanga,1,2,"0,00",0 COP,"50,00 %",587 COP,587 COP,"100,00 %","100,00 %"
alquiler de carros por horas,Concordancia amplia,Nada,Búsqueda,Bucaramanga unica Airport,alquiler de carros en bucaramanga,1,1,"0,00",0 COP,"100,00 %",724 COP,724 COP,"0,00 %","100,00 %"
alquiler de un carro por día,Concordancia amplia,Nada,Búsqueda,Bucaramanga unica Airport,alquiler de carros en bucaramanga,1,3,"0,00",0 COP,"33,33 %",145 COP,145 COP,"0,00 %","100,00 %"
alquiler renault kangoo,Concordancia amplia,Nada,Búsqueda,Bucaramanga unica Airport,alquiler de carros en bucaramanga,1,1,"0,00",0 COP,"100,00 %",222 COP,222 COP,"0,00 %","100,00 %"
alquiler vehículo,Concordancia amplia,Nada,Búsqueda,Bucaramanga unica Airport,alquiler de carros en bucaramanga,1,1,"0,00",0 COP,"100,00 %",320 COP,320 COP,"0,00 %","100,00 %"
cuanto cuesta el alquiler de un carro,Concordancia amplia,Nada,Búsqueda,Bucaramanga unica Airport,alquiler de carros en bucaramanga,1,1,"0,00",0 COP,"100,00 %",30 COP,30 COP,"0,00 %","100,00 %"
cuanto vale la alquilada de un carro,Concordancia amplia,Nada,Búsqueda,Bucaramanga unica Airport,alquiler de carros en bucaramanga,1,1,"0,00",0 COP,"100,00 %",131 COP,131 COP,"0,00 %","100,00 %"
deytour,Concordancia amplia,Nada,Búsqueda,Bucaramanga unica Airport,alquiler de carros en bucaramanga,1,5,"0,00",0 COP,"20,00 %",632 COP,632 COP,"66,67 %","66,67 %"
deytour renta car,Concordancia amplia,Nada,Búsqueda,Bucaramanga unica Airport,alquiler de carros en bucaramanga,1,1,"0,00",0 COP,"100,00 %",217 COP,217 COP,"0,00 %","100,00 %"
rent car tour,Concordancia amplia,Nada,Búsqueda,Bucaramanga unica Airport,alquiler de carros en bucaramanga,1,2,"0,00",0 COP,"50,00 %",506 COP,506 COP,"100,00 %","100,00 %"
renta carros,Concordancia amplia,Nada,Búsqueda,Bucaramanga unica Airport,alquiler de carros en bucaramanga,1,8,"0,00",0 COP,"12,50 %",772 COP,772 COP,"28,57 %","100,00 %"
renta de autos,Concordancia amplia,Nada,Búsqueda,Bucaramanga unica Airport,alquiler de carros en bucaramanga,1,4,"0,00",0 COP,"25,00 %",463 COP,463 COP,"66,67 %","100,00 %"
renta de carros,Concordancia amplia,Nada,Búsqueda,Bucaramanga unica Airport,alquiler de carros en bucaramanga,1,6,"0,00",0 COP,"16,67 %",482 COP,482 COP,"0,00 %","80,00 %"
alquiler de auto bucaramanga,Concordancia exacta (ligera variación),Nada,Búsqueda,Bucaramanga unica Airport,alquiler de carros en bucaramanga,1,1,"0,00",0 COP,"100,00 %",203 COP,203 COP,"0,00 %","100,00 %"
alquiler de automoviles en bucaramanga,Concordancia exacta (ligera variación),Nada,Búsqueda,Bucaramanga unica Airport,alquiler de carros en bucaramanga,1,1,"0,09",2.150 COP,"100,00 %",186 COP,186 COP,"0,00 %","100,00 %"
alquiler de coches bucaramanga,Concordancia exacta (ligera variación),Nada,Búsqueda,Bucaramanga unica Airport,alquiler de carros en bucaramanga,1,2,"0,00",0 COP,"50,00 %",671 COP,671 COP,"0,00 %","100,00 %"
alquiler de coches en bucaramanga,Concordancia exacta (ligera variación),Nada,Búsqueda,Bucaramanga unica Airport,alquiler de carros en bucaramanga,1,1,"0,00",0 COP,"100,00 %",166 COP,166 COP,"0,00 %","100,00 %"
arriendo carros bucaramanga,Concordancia exacta (ligera variación),Nada,Búsqueda,Bucaramanga unica Airport,alquiler de carros en bucaramanga,1,1,"0,00",0 COP,"100,00 %",414 COP,414 COP,"0,00 %","100,00 %"
renta autos bucaramanga,Concordancia exacta (ligera variación),Nada,Búsqueda,Bucaramanga unica Airport,alquiler de carros en bucaramanga,1,24,"0,00",0 COP,"4,17 %",276 COP,276 COP,"27,78 %","61,11 %"
rental car bucaramanga,Concordancia exacta (ligera variación),Nada,Búsqueda,Bucaramanga unica Airport,alquiler de carros en bucaramanga,1,6,"0,00",0 COP,"16,67 %",234 COP,234 COP,"0,00 %","66,67 %"
rentar carro en bucaramanga colombia,Concordancia exacta (ligera variación),Nada,Búsqueda,Bucaramanga unica Airport,alquiler de carros en bucaramanga,1,2,"0,00",0 COP,"50,00 %",849 COP,849 COP,"50,00 %","50,00 %"
rentar carros bucaramanga,Concordancia exacta (ligera variación),Nada,Búsqueda,Bucaramanga unica Airport,alquiler de carros en bucaramanga,1,9,"0,00",0 COP,"11,11 %",186 COP,186 COP,"16,67 %","100,00 %"
alquiler camioneta bucaramanga,Concordancia de frase (ligera variación),Nada,Búsqueda,Bucaramanga unica Airport,alquiler de carros en bucaramanga,1,7,"0,00",0 COP,"14,29 %",419 COP,419 COP,"16,67 %","50,00 %"
alquiler carro bucaramanga aeropuerto,Concordancia de frase (ligera variación),Nada,Búsqueda,Bucaramanga unica Airport,alquiler de carros en bucaramanga,1,6,"0,00",0 COP,"16,67 %",1.007 COP,1.007 COP,"0,00 %","80,00 %"
alquiler de camionetas bucaramanga,Concordancia de frase (ligera variación),Nada,Búsqueda,Bucaramanga unica Airport,alquiler de carros en bucaramanga,1,2,"0,00",0 COP,"50,00 %",404 COP,404 COP,"0,00 %","100,00 %"
alquiler de camionetas en bucaramanga sin conductor,Concordancia de frase (ligera variación),Nada,Búsqueda,Bucaramanga unica Airport,alquiler de carros en bucaramanga,1,1,"0,00",0 COP,"100,00 %",857 COP,857 COP,"100,00 %","100,00 %"
alquiler de carros bucaramanga baratos,Concordancia de frase (ligera variación),Nada,Búsqueda,Bucaramanga unica Airport,alquiler de carros en bucaramanga,1,1,"0,00",0 COP,"100,00 %",131 COP,131 COP,"0,00 %","100,00 %"
alquila tu carro com,Concordancia amplia,Nada,Búsqueda,Valledupar unica Airport,alquiler de carros en valledupar,1,1,"0,00",0 COP,"100,00 %",16 COP,16 COP,"100,00 %","100,00 %"
alquiler de carro,Concordancia amplia,Nada,Búsqueda,Valledupar unica Airport,alquiler de carros en valledupar,1,6,"0,00",0 COP,"16,67 %",158 COP,158 COP,"0,00 %","75,00 %"
alquiler de carros,Concordancia amplia,Nada,Búsqueda,Valledupar unica Airport,alquiler de carros en valledupar,1,5,"0,00",0 COP,"20,00 %",783 COP,783 COP,"50,00 %","75,00 %"
alquiler de vehiculo,Concordancia amplia,Nada,Búsqueda,Valledupar unica Airport,alquiler de carros en valledupar,1,1,"0,00",0 COP,"100,00 %",541 COP,541 COP,"0,00 %","100,00 %"
alquiler de vehiculos,Concordancia amplia,Nada,Búsqueda,Valledupar unica Airport,alquiler de carros en valledupar,1,2,"0,00",0 COP,"50,00 %",89 COP,89 COP,"50,00 %","100,00 %"
carro en alquiler,Concordancia amplia,Nada,Búsqueda,Valledupar unica Airport,alquiler de carros en valledupar,1,1,"0,00",0 COP,"100,00 %",912 COP,912 COP,"100,00 %","100,00 %"
carros en valledupar,Concordancia amplia,Nada,Búsqueda,Valledupar unica Airport,alquiler de carros en valledupar,1,1,"0,00",0 COP,"100,00 %",868 COP,868 COP,"0,00 %","100,00 %"
renta de vehiculos,Concordancia amplia,Nada,Búsqueda,Valledupar unica Airport,alquiler de carros en valledupar,1,1,"0,00",0 COP,"100,00 %",114 COP,114 COP,"0,00 %","100,00 %"
rentacar,Concordancia amplia,Nada,Búsqueda,Valledupar unica Airport,alquiler de carros en valledupar,1,1,"0,00",0 COP,"100,00 %",1.146 COP,1.146 COP,"100,00 %","100,00 %"
rentar un carro,Concordancia amplia,Nada,Búsqueda,Valledupar unica Airport,alquiler de carros en valledupar,1,1,"0,00",0 COP,"100,00 %",274 COP,274 COP,"0,00 %","100,00 %"
requisitos para alquilar un carro en colombia,Concordancia amplia,Nada,Búsqueda,Valledupar unica Airport,alquiler de carros en valledupar,1,1,"0,00",0 COP,"100,00 %",65 COP,65 COP,"0,00 %","100,00 %"
vehículos en alquiler,Concordancia amplia,Nada,Búsqueda,Valledupar unica Airport,alquiler de carros en valledupar,1,1,"0,00",0 COP,"100,00 %",212 COP,212 COP,"100,00 %","100,00 %"
alquiler coches valledupar,Concordancia exacta (ligera variación),Nada,Búsqueda,Valledupar unica Airport,alquiler de carros en valledupar,1,1,"0,00",0 COP,"100,00 %",984 COP,984 COP,"0,00 %","100,00 %"
carros alquiler valledupar,Concordancia exacta (ligera variación),Nada,Búsqueda,Valledupar unica Airport,alquiler de carros en valledupar,1,1,"0,00",0 COP,"100,00 %",245 COP,245 COP,"100,00 %","100,00 %"
renta carros valledupar,Concordancia exacta (ligera variación),Nada,Búsqueda,Valledupar unica Airport,alquiler de carros en valledupar,1,4,"0,00",0 COP,"25,00 %",514 COP,514 COP,"75,00 %","100,00 %"
rentacar valledupar,Concordancia exacta (ligera variación),Nada,Búsqueda,Valledupar unica Airport,alquiler de carros en valledupar,1,4,"0,00",0 COP,"25,00 %",2.255 COP,2.255 COP,"33,33 %","100,00 %"
rent a car valledupar,Concordancia de frase (ligera variación),Nada,Búsqueda,Valledupar unica Airport,alquiler de carros en valledupar,1,1,"0,00",0 COP,"100,00 %",756 COP,756 COP,"100,00 %","100,00 %"
alquiler de carro santa marta,Concordancia de frase,Nada,Búsqueda,Santa marta,alquiler de carros santa marta,1,1,"0,00",0 COP,"100,00 %",365 COP,365 COP,"0,00 %","0,00 %"
alquiler de carros aeropuerto santa marta,Concordancia de frase,Nada,Búsqueda,Santa marta,alquiler de carros santa marta,1,2,"0,00",0 COP,"50,00 %",1.667 COP,1.667 COP,"100,00 %","100,00 %"
alquiler de carros en santa marta,Concordancia de frase,Nada,Búsqueda,Santa marta,alquiler de carros santa marta,1,1,"0,00",0 COP,"100,00 %",413 COP,413 COP,"100,00 %","100,00 %"
alquilatucarro com,Concordancia amplia,Nada,Búsqueda,Santa marta,alquiler de carros santa marta,1,1,"1,00",306 COP,"100,00 %",306 COP,306 COP,"100,00 %","100,00 %"
alquiler carro cerca de mi,Concordancia amplia,Nada,Búsqueda,Santa marta,alquiler de carros santa marta,1,3,"0,00",0 COP,"33,33 %",1.493 COP,1.493 COP,"0,00 %","100,00 %"
arriendo de auto por dia,Concordancia amplia,Nada,Búsqueda,Santa marta,alquiler de carros santa marta,1,1,"0,00",0 COP,"100,00 %",196 COP,196 COP,"0,00 %","100,00 %"
arriendo de autos,Concordancia amplia,Nada,Búsqueda,Santa marta,alquiler de carros santa marta,1,1,"0,00",0 COP,"100,00 %",503 COP,503 COP,"0,00 %","100,00 %"
carro en alquiler,Concordancia amplia,Nada,Búsqueda,Santa marta,alquiler de carros santa marta,1,2,"0,00",0 COP,"50,00 %",459 COP,459 COP,"100,00 %","100,00 %"
carros baratos en santa marta,Concordancia amplia,Nada,Búsqueda,Santa marta,alquiler de carros santa marta,1,1,"0,00",0 COP,"100,00 %",3.527 COP,3.527 COP,"0,00 %","100,00 %"
carros en alquiler,Concordancia amplia,Nada,Búsqueda,Santa marta,alquiler de carros santa marta,1,2,"0,00",0 COP,"50,00 %",586 COP,586 COP,"100,00 %","100,00 %"
carros en santa marta,Concordancia amplia,Nada,Búsqueda,Santa marta,alquiler de carros santa marta,1,4,"0,00",0 COP,"25,00 %",1.392 COP,1.392 COP,"25,00 %","100,00 %"
coast car rental alquiler de autos santa marta,Concordancia amplia,Nada,Búsqueda,Santa marta,alquiler de carros santa marta,1,1,"0,00",0 COP,"100,00 %",932 COP,932 COP,"0,00 %","100,00 %"
que cuesta alquilar un carro,Concordancia amplia,Nada,Búsqueda,Santa marta,alquiler de carros santa marta,1,1,"0,00",0 COP,"100,00 %",104 COP,104 COP,"0,00 %","100,00 %"
rencar,Concordancia amplia,Nada,Búsqueda,Santa marta,alquiler de carros santa marta,1,4,"0,00",0 COP,"25,00 %",1.282 COP,1.282 COP,"33,33 %","100,00 %"
renta carros cerca de mi,Concordancia amplia,Nada,Búsqueda,Santa marta,alquiler de carros santa marta,1,2,"0,00",0 COP,"50,00 %",900 COP,900 COP,"0,00 %","100,00 %"
rentacar,Concordancia amplia,Nada,Búsqueda,Santa marta,alquiler de carros santa marta,1,9,"0,00",0 COP,"11,11 %",212 COP,212 COP,"28,57 %","100,00 %"
alquiler carro en santa marta colombia,Concordancia exacta (ligera variación),Nada,Búsqueda,Santa marta,alquiler de carros santa marta,1,1,"0,00",0 COP,"100,00 %",134 COP,134 COP,"0,00 %","100,00 %"
alquiler coche santa marta colombia,Concordancia exacta (ligera variación),Nada,Búsqueda,Santa marta,alquiler de carros santa marta,1,1,"0,00",0 COP,"100,00 %",1.728 COP,1.728 COP,"0,00 %","100,00 %"
alquiler de autos en santa marta colombia,Concordancia exacta (ligera variación),Nada,Búsqueda,Santa marta,alquiler de carros santa marta,1,4,"0,00",0 COP,"25,00 %",369 COP,369 COP,"0,00 %","100,00 %"
alquiler de carros baratos en santa marta,Concordancia exacta (ligera variación),Nada,Búsqueda,Santa marta,alquiler de carros santa marta,1,3,"0,00",0 COP,"33,33 %",135 COP,135 COP,"0,00 %","100,00 %"
alquiler de carros en santa marta colombia,Concordancia exacta (ligera variación),Nada,Búsqueda,Santa marta,alquiler de carros santa marta,1,2,"0,00",0 COP,"50,00 %",445 COP,445 COP,"50,00 %","100,00 %"
alquiler de coches santa marta,Concordancia exacta (ligera variación),Nada,Búsqueda,Santa marta,alquiler de carros santa marta,1,1,"0,00",0 COP,"100,00 %",470 COP,470 COP,"0,00 %","100,00 %"
alquiler de vehiculos en santa marta colombia,Concordancia exacta (ligera variación),Nada,Búsqueda,Santa marta,alquiler de carros santa marta,1,2,"0,00",0 COP,"50,00 %",998 COP,998 COP,"0,00 %","100,00 %"
alquiler de vehiculos santa marta,Concordancia exacta (ligera variación),Nada,Búsqueda,Santa marta,alquiler de carros santa marta,1,12,"0,00",0 COP,"8,33 %",1.696 COP,1.696 COP,"20,00 %","40,00 %"
alquiler de vehículos santa marta,Concordancia exacta (ligera variación),Nada,Búsqueda,Santa marta,alquiler de carros santa marta,1,1,"0,00",0 COP,"100,00 %",1.066 COP,1.066 COP,"100,00 %","100,00 %"
alquiler vehículos santa marta,Concordancia exacta (ligera variación),Nada,Búsqueda,Santa marta,alquiler de carros santa marta,1,1,"0,00",0 COP,"100,00 %",508 COP,508 COP,"0,00 %","100,00 %"
car rental santa marta,Concordancia exacta (ligera variación),Nada,Búsqueda,Santa marta,alquiler de carros santa marta,1,7,"0,00",0 COP,"14,29 %",1.517 COP,1.517 COP,"33,33 %","100,00 %"
donde alquilar carro en santa marta,Concordancia exacta (ligera variación),Nada,Búsqueda,Santa marta,alquiler de carros santa marta,1,2,"0,00",0 COP,"50,00 %",1.135 COP,1.135 COP,"0,00 %","50,00 %"
renta carro en santa marta,Concordancia exacta (ligera variación),Nada,Búsqueda,Santa marta,alquiler de carros santa marta,1,2,"0,00",0 COP,"50,00 %",991 COP,991 COP,"100,00 %","100,00 %"
rental car santa marta,Concordancia exacta (ligera variación),Nada,Búsqueda,Santa marta,alquiler de carros santa marta,1,7,"1,00",745 COP,"14,29 %",745 COP,745 COP,"0,00 %","50,00 %"
rental cars santa marta colombia,Concordancia exacta (ligera variación),Nada,Búsqueda,Santa marta,alquiler de carros santa marta,1,1,"0,00",0 COP,"100,00 %",533 COP,533 COP,"0,00 %","0,00 %"
rentar auto santa marta,Concordancia exacta (ligera variación),Nada,Búsqueda,Santa marta,alquiler de carros santa marta,1,2,"0,00",0 COP,"50,00 %",2.971 COP,2.971 COP,"0,00 %","100,00 %"
rentar carros en santa marta,Concordancia exacta (ligera variación),Nada,Búsqueda,Santa marta,alquiler de carros santa marta,1,5,"0,00",0 COP,"20,00 %",728 COP,728 COP,"0,00 %","75,00 %"
alquiler carro santa marta,Concordancia de frase (ligera variación),Nada,Búsqueda,Santa marta,alquiler de carros santa marta,1,2,"0,00",0 COP,"50,00 %",583 COP,583 COP,"0,00 %","100,00 %"
alquiler de camionetas en santa marta,Concordancia de frase (ligera variación),Nada,Búsqueda,Santa marta,alquiler de carros santa marta,1,5,"0,00",0 COP,"20,00 %",202 COP,202 COP,"33,33 %","100,00 %"
alquiler vehiculos santa marta rodadero,Concordancia de frase (ligera variación),Nada,Búsqueda,Santa marta,alquiler de carros santa marta,1,1,"0,00",0 COP,"100,00 %",887 COP,887 COP,"100,00 %","100,00 %"
rent a car rodadero,Concordancia de frase (ligera variación),Nada,Búsqueda,Santa marta,alquiler de carros santa marta,1,2,"0,00",0 COP,"50,00 %",426 COP,426 COP,"0,00 %","100,00 %"
renta de carro en santa marta,Concordancia de frase (ligera variación),Nada,Búsqueda,Santa marta,alquiler de carros santa marta,1,1,"0,00",0 COP,"100,00 %",1.821 COP,1.821 COP,"100,00 %","100,00 %"
alquiler de carros villavicencio llanocentro,Concordancia de frase,Nada,Búsqueda,Villavicencio,alquiler de carros villavicencio,1,8,"0,00",0 COP,"12,50 %",846 COP,846 COP,"28,57 %","85,71 %"
alquiler de carros villavicencio meta,Concordancia de frase,Nada,Búsqueda,Villavicencio,alquiler de carros villavicencio,1,3,"0,00",0 COP,"33,33 %",1.147 COP,1.147 COP,"0,00 %","100,00 %"
alquiler de autos,Concordancia amplia,Nada,Búsqueda,Villavicencio,alquiler de carros villavicencio,1,3,"0,00",0 COP,"33,33 %",137 COP,137 COP,"0,00 %","100,00 %"
alquiler de carro por dias,Concordancia amplia,Nada,Búsqueda,Villavicencio,alquiler de carros villavicencio,1,1,"0,00",0 COP,"100,00 %",528 COP,528 COP,"100,00 %","100,00 %"
arriendo de autos,Concordancia amplia,Nada,Búsqueda,Villavicencio,alquiler de carros villavicencio,1,1,"0,00",0 COP,"100,00 %",229 COP,229 COP,"0,00 %","100,00 %"
carro en alquiler,Concordancia amplia,Nada,Búsqueda,Villavicencio,alquiler de carros villavicencio,1,2,"0,00",0 COP,"50,00 %",273 COP,273 COP,"100,00 %","100,00 %"
rent a car,Concordancia amplia,Nada,Búsqueda,Villavicencio,alquiler de carros villavicencio,1,5,"0,00",0 COP,"20,00 %",742 COP,742 COP,"0,00 %","100,00 %"
rent car,Concordancia amplia,Nada,Búsqueda,Villavicencio,alquiler de carros villavicencio,1,3,"0,00",0 COP,"33,33 %",1.593 COP,1.593 COP,"50,00 %","100,00 %"
renta de vehiculos cerca de mi,Concordancia amplia,Nada,Búsqueda,Villavicencio,alquiler de carros villavicencio,1,1,"0,00",0 COP,"100,00 %",2.003 COP,2.003 COP,"100,00 %","100,00 %"
rentadora de carros,Concordancia amplia,Nada,Búsqueda,Villavicencio,alquiler de carros villavicencio,1,2,"0,00",0 COP,"50,00 %",643 COP,643 COP,"0,00 %","100,00 %"
rentar carro colombia,Concordancia amplia,Nada,Búsqueda,Villavicencio,alquiler de carros villavicencio,1,1,"0,00",0 COP,"100,00 %",1.123 COP,1.123 COP,"0,00 %","100,00 %"
alquilar carro villavicencio,Concordancia exacta (ligera variación),Nada,Búsqueda,Villavicencio,alquiler de carros villavicencio,1,3,"0,00",0 COP,"33,33 %",1.091 COP,1.091 COP,"50,00 %","100,00 %"
alquiler coches villavicencio,Concordancia exacta (ligera variación),Nada,Búsqueda,Villavicencio,alquiler de carros villavicencio,1,2,"1,00",3.669 COP,"50,00 %",3.669 COP,3.669 COP,"100,00 %","100,00 %"
alquiler de autos en villavicencio meta,Concordancia exacta (ligera variación),Nada,Búsqueda,Villavicencio,alquiler de carros villavicencio,1,1,"0,00",0 COP,"100,00 %",190 COP,190 COP,"0,00 %","100,00 %"
alquilerdecarros en villavicencio,Concordancia exacta (ligera variación),Nada,Búsqueda,Villavicencio,alquiler de carros villavicencio,1,3,"0,00",0 COP,"33,33 %",301 COP,301 COP,"100,00 %","100,00 %"
donde se alquilan carros en villavicencio,Concordancia exacta (ligera variación),Nada,Búsqueda,Villavicencio,alquiler de carros villavicencio,1,2,"0,00",0 COP,"50,00 %",1.204 COP,1.204 COP,"50,00 %","100,00 %"
renta autos villavicencio,Concordancia exacta (ligera variación),Nada,Búsqueda,Villavicencio,alquiler de carros villavicencio,1,2,"0,00",0 COP,"50,00 %",282 COP,282 COP,"0,00 %","100,00 %"
alquiler de camionetas en villavicencio,Concordancia de frase (ligera variación),Nada,Búsqueda,Villavicencio,alquiler de carros villavicencio,1,6,"0,00",0 COP,"16,67 %",245 COP,245 COP,"20,00 %","100,00 %"
alquiler autos,Concordancia amplia,Nada,Búsqueda,Villavicencio,alquiler de carros en villavicencio,1,1,"0,00",0 COP,"100,00 %",535 COP,535 COP,"100,00 %","100,00 %"
alquiler de autos,Concordancia amplia,Nada,Búsqueda,Villavicencio,alquiler de carros en villavicencio,1,1,"0,00",0 COP,"100,00 %",51 COP,51 COP,"100,00 %","100,00 %"
alquiler de carros,Concordancia amplia,Nada,Búsqueda,Villavicencio,alquiler de carros en villavicencio,1,4,"0,00",0 COP,"25,00 %",81 COP,81 COP,"50,00 %","75,00 %"
alquiler de carros baratos,Concordancia amplia,Nada,Búsqueda,Villavicencio,alquiler de carros en villavicencio,1,1,"0,00",0 COP,"100,00 %",162 COP,162 COP,"0,00 %","0,00 %"
car rental near me,Concordancia amplia,Nada,Búsqueda,Villavicencio,alquiler de carros en villavicencio,1,3,"0,00",0 COP,"33,33 %",1.015 COP,1.015 COP,"0,00 %","100,00 %"
carro alquiler,Concordancia amplia,Nada,Búsqueda,Villavicencio,alquiler de carros en villavicencio,1,1,"0,00",0 COP,"100,00 %",435 COP,435 COP,"0,00 %","100,00 %"
carros para alquilar,Concordancia amplia,Nada,Búsqueda,Villavicencio,alquiler de carros en villavicencio,1,1,"0,00",0 COP,"100,00 %",1.269 COP,1.269 COP,"0,00 %","100,00 %"
cuanto cuesta alquilar un carro,Concordancia amplia,Nada,Búsqueda,Villavicencio,alquiler de carros en villavicencio,1,1,"0,00",0 COP,"100,00 %",64 COP,64 COP,"100,00 %","100,00 %"
renta de carros,Concordancia amplia,Nada,Búsqueda,Villavicencio,alquiler de carros en villavicencio,1,1,"0,00",0 COP,"100,00 %",543 COP,543 COP,"0,00 %","100,00 %"
rentcar,Concordancia amplia,Nada,Búsqueda,Villavicencio,alquiler de carros en villavicencio,1,1,"0,00",0 COP,"100,00 %",524 COP,524 COP,"0,00 %","100,00 %"
alquiler autos villavicencio,Concordancia exacta (ligera variación),Nada,Búsqueda,Villavicencio,alquiler de carros en villavicencio,1,1,"0,00",0 COP,"100,00 %",249 COP,249 COP,"100,00 %","100,00 %"
alquiler de autos en villavicencio,Concordancia exacta (ligera variación),Nada,Búsqueda,Villavicencio,alquiler de carros en villavicencio,1,4,"0,00",0 COP,"25,00 %",272 COP,272 COP,"33,33 %","100,00 %"
alquiler de carros por dias en villavicencio,Concordancia exacta (ligera variación),Nada,Búsqueda,Villavicencio,alquiler de carros en villavicencio,1,2,"0,00",0 COP,"50,00 %",153 COP,153 COP,"100,00 %","100,00 %"
alquiler de vehículos villavicencio,Concordancia exacta (ligera variación),Nada,Búsqueda,Villavicencio,alquiler de carros en villavicencio,1,1,"0,00",0 COP,"100,00 %",218 COP,218 COP,"100,00 %","100,00 %"
carros en alquiler villavicencio,Concordancia exacta (ligera variación),Nada,Búsqueda,Villavicencio,alquiler de carros en villavicencio,1,2,"0,00",0 COP,"50,00 %",21 COP,21 COP,"100,00 %","100,00 %"
renta car villavicencio,Concordancia exacta (ligera variación),Nada,Búsqueda,Villavicencio,alquiler de carros en villavicencio,1,9,"0,00",0 COP,"11,11 %",409 COP,409 COP,"80,00 %","100,00 %"
alquiler camionetas villavicencio,Concordancia de frase (ligera variación),Nada,Búsqueda,Villavicencio,alquiler de carros en villavicencio,1,3,"0,00",0 COP,"33,33 %",315 COP,315 COP,"50,00 %","100,00 %"
alquiler carro villavicencio,Concordancia de frase (ligera variación),Nada,Búsqueda,Villavicencio,alquiler de carros en villavicencio,1,1,"0,00",0 COP,"100,00 %",621 COP,621 COP,"100,00 %","100,00 %"
alquiler de camionetas 4x4 en villavicencio,Concordancia de frase (ligera variación),Nada,Búsqueda,Villavicencio,alquiler de carros en villavicencio,1,1,"0,00",0 COP,"100,00 %",292 COP,292 COP,"0,00 %","100,00 %"
alquiler de camionetas villavicencio,Concordancia de frase (ligera variación),Nada,Búsqueda,Villavicencio,alquiler de carros en villavicencio,1,1,"0,00",0 COP,"100,00 %",31 COP,31 COP,"0,00 %","100,00 %"
carros en alquiler villavicencio,Concordancia de frase (ligera variación),Nada,Búsqueda,Villavicencio,alquiler de carros en villavicencio,1,1,"0,00",0 COP,"100,00 %",447 COP,447 COP,"100,00 %","100,00 %"
alquiler de carro en cartagena,Concordancia de frase,Añadido,Búsqueda,Cartagena unica Airport,alquiler de carros en cartagena,0,1,"0,00",0 COP,"0,00 %",—,0 COP,"0,00 %","100,00 %"
alquiler de carros en cartagena aeropuerto,Concordancia de frase,Nada,Búsqueda,Cartagena unica Airport,alquiler de carros en cartagena,0,1,"0,00",0 COP,"0,00 %",—,0 COP,"0,00 %","100,00 %"
alquiler de carros en cartagena crespo,Concordancia de frase,Nada,Búsqueda,Cartagena unica Airport,alquiler de carros en cartagena,0,1,"0,00",0 COP,"0,00 %",—,0 COP,"0,00 %","100,00 %"
alquilar auto,Concordancia amplia,Nada,Búsqueda,Cartagena unica Airport,alquiler de carros en cartagena,0,1,"0,00",0 COP,"0,00 %",—,0 COP,"0,00 %","100,00 %"
alquilar carro,Concordancia amplia,Nada,Búsqueda,Cartagena unica Airport,alquiler de carros en cartagena,0,2,"0,00",0 COP,"0,00 %",—,0 COP,"0,00 %","100,00 %"
alquilar carros,Concordancia amplia,Nada,Búsqueda,Cartagena unica Airport,alquiler de carros en cartagena,0,2,"0,00",0 COP,"0,00 %",—,0 COP,"100,00 %","100,00 %"
alquilar un coche,Concordancia amplia,Nada,Búsqueda,Cartagena unica Airport,alquiler de carros en cartagena,0,1,"0,00",0 COP,"0,00 %",—,0 COP,"0,00 %","100,00 %"
alquiler autos,Concordancia amplia,Nada,Búsqueda,Cartagena unica Airport,alquiler de carros en cartagena,0,3,"0,00",0 COP,"0,00 %",—,0 COP,"50,00 %","100,00 %"
alquiler coche,Concordancia amplia,Nada,Búsqueda,Cartagena unica Airport,alquiler de carros en cartagena,0,2,"0,00",0 COP,"0,00 %",—,0 COP,"0,00 %","100,00 %"
alquiler de camioneta doble cabina,Concordancia amplia,Nada,Búsqueda,Cartagena unica Airport,alquiler de carros en cartagena,0,2,"0,00",0 COP,"0,00 %",—,0 COP,"0,00 %","100,00 %"
alquiler de carro cerca de mi,Concordancia amplia,Nada,Búsqueda,Cartagena unica Airport,alquiler de carros en cartagena,0,3,"0,00",0 COP,"0,00 %",—,0 COP,"0,00 %","100,00 %"
alquiler de carro por dia,Concordancia amplia,Nada,Búsqueda,Cartagena unica Airport,alquiler de carros en cartagena,0,1,"0,00",0 COP,"0,00 %",—,0 COP,"0,00 %","100,00 %"
alquiler de coche,Concordancia amplia,Nada,Búsqueda,Cartagena unica Airport,alquiler de carros en cartagena,0,1,"0,00",0 COP,"0,00 %",—,0 COP,"0,00 %","100,00 %"
alquiler de un carro,Concordancia amplia,Nada,Búsqueda,Cartagena unica Airport,alquiler de carros en cartagena,0,1,"0,00",0 COP,"0,00 %",—,0 COP,"0,00 %","100,00 %"
alquiler de vehiculo,Concordancia amplia,Nada,Búsqueda,Cartagena unica Airport,alquiler de carros en cartagena,0,2,"0,00",0 COP,"0,00 %",—,0 COP,"0,00 %","100,00 %"
alquiler de vehiculos,Concordancia amplia,Nada,Búsqueda,Cartagena unica Airport,alquiler de carros en cartagena,0,5,"0,00",0 COP,"0,00 %",—,0 COP,"0,00 %","100,00 %"
alquiler de carros por dias,Concordancia amplia,Nada,Búsqueda,Armenia unica Airport,alquiler de carros en armenia,1,1,"0,00",0 COP,"100,00 %",360 COP,360 COP,"100,00 %","100,00 %"
alquiler de carros por día,Concordancia amplia,Nada,Búsqueda,Armenia unica Airport,alquiler de carros en armenia,1,1,"0,00",0 COP,"100,00 %",145 COP,145 COP,"0,00 %","100,00 %"
rent a car armenia,Concordancia amplia,Añadido,Búsqueda,Armenia unica Airport,alquiler de carros en armenia,1,1,"0,00",0 COP,"100,00 %",427 COP,427 COP,"100,00 %","100,00 %"
renta autos armenia,Concordancia amplia,Nada,Búsqueda,Armenia unica Airport,alquiler de carros en armenia,1,2,"0,00",0 COP,"50,00 %",450 COP,450 COP,"0,00 %","100,00 %"
renta car,Concordancia amplia,Nada,Búsqueda,Armenia unica Airport,alquiler de carros en armenia,1,7,"0,00",0 COP,"14,29 %",1.957 COP,1.957 COP,"40,00 %","100,00 %"
renta carro,Concordancia amplia,Nada,Búsqueda,Armenia unica Airport,alquiler de carros en armenia,1,4,"0,00",0 COP,"25,00 %",625 COP,625 COP,"66,67 %","66,67 %"
renta de carros,Concordancia amplia,Nada,Búsqueda,Armenia unica Airport,alquiler de carros en armenia,1,6,"0,00",0 COP,"16,67 %",520 COP,520 COP,"20,00 %","60,00 %"
rental car armenia,Concordancia amplia,Nada,Búsqueda,Armenia unica Airport,alquiler de carros en armenia,1,5,"0,00",0 COP,"20,00 %",835 COP,835 COP,"25,00 %","50,00 %"
alquiler auto armenia,Concordancia exacta (ligera variación),Nada,Búsqueda,Armenia unica Airport,alquiler de carros en armenia,1,1,"0,00",0 COP,"100,00 %",1.334 COP,1.334 COP,"100,00 %","100,00 %"
alquiler carros en armenia,Concordancia exacta (ligera variación),Nada,Búsqueda,Armenia unica Airport,alquiler de carros en armenia,1,8,"0,00",0 COP,"12,50 %",2.402 COP,2.402 COP,"0,00 %","100,00 %"
alquiler coche armenia colombia,Concordancia exacta (ligera variación),Nada,Búsqueda,Armenia unica Airport,alquiler de carros en armenia,1,2,"0,00",0 COP,"50,00 %",992 COP,992 COP,"0,00 %","100,00 %"
alquiler de carro armenia,Concordancia exacta (ligera variación),Nada,Búsqueda,Armenia unica Airport,alquiler de carros en armenia,1,13,"0,00",0 COP,"7,69 %",643 COP,643 COP,"0,00 %","66,67 %"
alquiler de vehiculos armenia,Concordancia exacta (ligera variación),Nada,Búsqueda,Armenia unica Airport,alquiler de carros en armenia,1,6,"0,00",0 COP,"16,67 %",287 COP,287 COP,"0,00 %","83,33 %"
alquiler de vehiculos en armenia,Concordancia exacta (ligera variación),Nada,Búsqueda,Armenia unica Airport,alquiler de carros en armenia,1,6,"0,00",0 COP,"16,67 %",543 COP,543 COP,"25,00 %","100,00 %"
alquiler de vehículos armenia,Concordancia exacta (ligera variación),Nada,Búsqueda,Armenia unica Airport,alquiler de carros en armenia,1,1,"0,00",0 COP,"100,00 %",166 COP,166 COP,"0,00 %","100,00 %"
carros alquiler armenia,Concordancia exacta (ligera variación),Nada,Búsqueda,Armenia unica Airport,alquiler de carros en armenia,1,5,"0,00",0 COP,"20,00 %",161 COP,161 COP,"20,00 %","100,00 %"
donde alquilar un carro en armenia,Concordancia exacta (ligera variación),Nada,Búsqueda,Armenia unica Airport,alquiler de carros en armenia,1,3,"0,00",0 COP,"33,33 %",892 COP,892 COP,"33,33 %","100,00 %"
renta de carro armenia,Concordancia exacta (ligera variación),Nada,Búsqueda,Armenia unica Airport,alquiler de carros en armenia,1,3,"0,00",0 COP,"33,33 %",980 COP,980 COP,"0,00 %","66,67 %"
renta de carros en armenia colombia,Concordancia exacta (ligera variación),Nada,Búsqueda,Armenia unica Airport,alquiler de carros en armenia,1,2,"0,50",1.004 COP,"50,00 %",502 COP,502 COP,"0,00 %","100,00 %"
rental cars armenia,Concordancia exacta (ligera variación),Nada,Búsqueda,Armenia unica Airport,alquiler de carros en armenia,1,2,"0,00",0 COP,"50,00 %",1.187 COP,1.187 COP,"0,00 %","100,00 %"
rentar carro armenia,Concordancia exacta (ligera variación),Nada,Búsqueda,Armenia unica Airport,alquiler de carros en armenia,1,16,"0,00",0 COP,"6,25 %",1.337 COP,1.337 COP,"0,00 %","85,71 %"
alquilar carro en armenia colombia,Concordancia de frase (ligera variación),Nada,Búsqueda,Armenia unica Airport,alquiler de carros en armenia,1,2,"0,00",0 COP,"50,00 %",961 COP,961 COP,"0,00 %","100,00 %"
alquiler carro aeropuerto armenia,Concordancia de frase (ligera variación),Nada,Búsqueda,Armenia unica Airport,alquiler de carros en armenia,1,3,"0,00",0 COP,"33,33 %",1.450 COP,1.450 COP,"0,00 %","66,67 %"
car rental armenia colombia,Concordancia de frase (ligera variación),Nada,Búsqueda,Armenia unica Airport,alquiler de carros en armenia,1,1,"0,00",0 COP,"100,00 %",560 COP,560 COP,"0,00 %","100,00 %"
alquilatucarro com,Concordancia amplia,Nada,Búsqueda,Medellin,alquiler de carros medellin,1,1,"0,00",0 COP,"100,00 %",190 COP,190 COP,"100,00 %","100,00 %"
alquiler auto por día,Concordancia amplia,Nada,Búsqueda,Medellin,alquiler de carros medellin,1,2,"0,00",0 COP,"50,00 %",1.270 COP,1.270 COP,"0,00 %","100,00 %"
alquiler camioneta,Concordancia amplia,Nada,Búsqueda,Medellin,alquiler de carros medellin,1,2,"0,00",0 COP,"50,00 %",247 COP,247 COP,"50,00 %","100,00 %"
alquiler de carro,Concordancia amplia,Nada,Búsqueda,Medellin,alquiler de carros medellin,1,8,"0,00",0 COP,"12,50 %",2.917 COP,2.917 COP,"14,29 %","57,14 %"
alquiler de vehiculos,Concordancia amplia,Nada,Búsqueda,Medellin,alquiler de carros medellin,1,5,"0,00",0 COP,"20,00 %",2.070 COP,2.070 COP,"0,00 %","100,00 %"
como rentar un auto,Concordancia amplia,Nada,Búsqueda,Medellin,alquiler de carros medellin,1,1,"0,00",0 COP,"100,00 %",922 COP,922 COP,"0,00 %","100,00 %"
donde puedo alquilar un carro,Concordancia amplia,Nada,Búsqueda,Medellin,alquiler de carros medellin,1,2,"0,00",0 COP,"50,00 %",585 COP,585 COP,"0,00 %","50,00 %"
grand renta car,Concordancia amplia,Nada,Búsqueda,Medellin,alquiler de carros medellin,1,6,"0,00",0 COP,"16,67 %",2.382 COP,2.382 COP,"25,00 %","100,00 %"
promociones alquiler de autos,Concordancia amplia,Nada,Búsqueda,Medellin,alquiler de carros medellin,1,1,"0,00",0 COP,"100,00 %",266 COP,266 COP,"0,00 %","100,00 %"
rent cars,Concordancia amplia,Nada,Búsqueda,Medellin,alquiler de carros medellin,1,2,"0,00",0 COP,"50,00 %",1.044 COP,1.044 COP,"50,00 %","50,00 %"
renta de camionetas,Concordancia amplia,Nada,Búsqueda,Medellin,alquiler de carros medellin,1,2,"0,00",0 COP,"50,00 %",1.156 COP,1.156 COP,"0,00 %","100,00 %"
renta de carro,Concordancia amplia,Nada,Búsqueda,Medellin,alquiler de carros medellin,1,5,"0,00",0 COP,"20,00 %",1.557 COP,1.557 COP,"0,00 %","50,00 %"
renta de carros en colombia,Concordancia amplia,Nada,Búsqueda,Medellin,alquiler de carros medellin,1,1,"0,00",0 COP,"100,00 %",1.290 COP,1.290 COP,"0,00 %","100,00 %"
renta de carros sin deposito,Concordancia amplia,Nada,Búsqueda,Medellin,alquiler de carros medellin,1,2,"0,00",0 COP,"50,00 %",3.138 COP,3.138 COP,"0,00 %","100,00 %"
renta de vehiculo,Concordancia amplia,Nada,Búsqueda,Medellin,alquiler de carros medellin,1,2,"0,00",0 COP,"50,00 %",926 COP,926 COP,"0,00 %","100,00 %"
alquilar coche en medellin colombia,Concordancia exacta (ligera variación),Nada,Búsqueda,Medellin,alquiler de carros medellin,1,1,"0,00",0 COP,"100,00 %",1.119 COP,1.119 COP,"0,00 %","100,00 %"
alquiler de automóviles en medellín,Concordancia exacta (ligera variación),Nada,Búsqueda,Medellin,alquiler de carros medellin,1,1,"0,00",0 COP,"100,00 %",519 COP,519 COP,"0,00 %","100,00 %"
camionetas alquiler bogota,Concordancia de frase (ligera variación),Nada,Búsqueda,Bogota,alquiler de carros bogota,1,3,"0,00",0 COP,"33,33 %",330 COP,330 COP,"33,33 %","33,33 %"
economy rent a car bogota,Concordancia de frase (ligera variación),Nada,Búsqueda,Bogota,alquiler de carros bogota,1,2,"0,00",0 COP,"50,00 %",648 COP,648 COP,"0,00 %","100,00 %"
rent a car aeropuerto el dorado,Concordancia de frase (ligera variación),Nada,Búsqueda,Bogota,alquiler de carros bogota,1,2,"0,00",0 COP,"50,00 %",528 COP,528 COP,"0,00 %","100,00 %"
rent a car fontibon,Concordancia de frase (ligera variación),Nada,Búsqueda,Bogota,alquiler de carros bogota,1,7,"0,00",0 COP,"14,29 %",268 COP,268 COP,"60,00 %","80,00 %"
renta camionetas bogota,Concordancia de frase (ligera variación),Nada,Búsqueda,Bogota,alquiler de carros bogota,1,4,"0,00",0 COP,"25,00 %",1.392 COP,1.392 COP,"0,00 %","50,00 %"
renta carros bogota aeropuerto,Concordancia de frase (ligera variación),Nada,Búsqueda,Bogota,alquiler de carros bogota,1,5,"0,00",0 COP,"20,00 %",474 COP,474 COP,"0,00 %","60,00 %"
renta de carros bogota,Concordancia de frase (ligera variación),Añadido,Búsqueda,Bogota,alquiler de carros bogota,1,5,"0,00",0 COP,"20,00 %",204 COP,204 COP,"0,00 %","100,00 %"
renta de carros bogota aeropuerto,Concordancia de frase (ligera variación),Nada,Búsqueda,Bogota,alquiler de carros bogota,1,2,"0,00",0 COP,"50,00 %",889 COP,889 COP,"0,00 %","50,00 %"
rentafacil bogota,Concordancia de frase (ligera variación),Nada,Búsqueda,Bogota,alquiler de carros bogota,1,2,"0,00",0 COP,"50,00 %",779 COP,779 COP,"0,00 %","100,00 %"
rentar camioneta bogota,Concordancia de frase (ligera variación),Nada,Búsqueda,Bogota,alquiler de carros bogota,1,4,"0,00",0 COP,"25,00 %",526 COP,526 COP,"0,00 %","66,67 %"
rentar carro en bogota aeropuerto,Concordancia de frase (ligera variación),Nada,Búsqueda,Bogota,alquiler de carros bogota,1,1,"0,00",0 COP,"100,00 %",1.739 COP,1.739 COP,"0,00 %","100,00 %"
alquiler de carro manizales,Concordancia de frase,Nada,Búsqueda,Manizales,alquiler de carros manizales,1,2,"1,00",315 COP,"50,00 %",315 COP,315 COP,"0,00 %","100,00 %"
alquiler de carros manizales economicos,Concordancia de frase,Nada,Búsqueda,Manizales,alquiler de carros manizales,1,1,"0,00",0 COP,"100,00 %",212 COP,212 COP,"0,00 %","100,00 %"
alquiler de carros manizales mall plaza,Concordancia de frase,Nada,Búsqueda,Manizales,alquiler de carros manizales,1,8,"0,00",0 COP,"12,50 %",305 COP,305 COP,"40,00 %","100,00 %"
alquila tu carro,Concordancia amplia,Nada,Búsqueda,Manizales,alquiler de carros manizales,1,2,"0,99",24 COP,"50,00 %",24 COP,24 COP,"100,00 %","100,00 %"
alquilar carro,Concordancia amplia,Nada,Búsqueda,Manizales,alquiler de carros manizales,1,3,"0,00",0 COP,"33,33 %",43 COP,43 COP,"0,00 %","100,00 %"
alquilar carros,Concordancia amplia,Nada,Búsqueda,Manizales,alquiler de carros manizales,1,4,"0,00",0 COP,"25,00 %",1.242 COP,1.242 COP,"0,00 %","100,00 %"
alquilatucarro,Concordancia amplia,Nada,Búsqueda,Manizales,alquiler de carros manizales,1,2,"0,00",0 COP,"50,00 %",295 COP,295 COP,"100,00 %","100,00 %"
alquiler carro,Concordancia amplia,Nada,Búsqueda,Manizales,alquiler de carros manizales,1,5,"0,00",0 COP,"20,00 %",224 COP,224 COP,"0,00 %","100,00 %"
alquiler de vehiculos,Concordancia amplia,Nada,Búsqueda,Manizales,alquiler de carros manizales,1,1,"0,00",0 COP,"100,00 %",244 COP,244 COP,"0,00 %","100,00 %"
arrendar carros,Concordancia amplia,Nada,Búsqueda,Manizales,alquiler de carros manizales,1,1,"0,00",0 COP,"100,00 %",427 COP,427 COP,"100,00 %","100,00 %"
car rental near me,Concordancia amplia,Nada,Búsqueda,Manizales,alquiler de carros manizales,1,3,"0,00",0 COP,"33,33 %",1.156 COP,1.156 COP,"0,00 %","100,00 %"
costo de alquiler de carro,Concordancia amplia,Nada,Búsqueda,Manizales,alquiler de carros manizales,1,1,"0,00",0 COP,"100,00 %",16 COP,16 COP,"100,00 %","100,00 %"
cuanto vale el alquiler de un carro,Concordancia amplia,Nada,Búsqueda,Manizales,alquiler de carros manizales,1,1,"0,00",0 COP,"100,00 %",26 COP,26 COP,"0,00 %","100,00 %"
donde se puede alquilar un carro,Concordancia amplia,Nada,Búsqueda,Manizales,alquiler de carros manizales,1,1,"0,00",0 COP,"100,00 %",245 COP,245 COP,"0,00 %","100,00 %"
rentacar,Concordancia amplia,Nada,Búsqueda,Manizales,alquiler de carros manizales,1,2,"0,00",0 COP,"50,00 %",770 COP,770 COP,"50,00 %","100,00 %"
rentar auto,Concordancia amplia,Nada,Búsqueda,Manizales,alquiler de carros manizales,1,3,"0,03",48.585 COP,"33,33 %",1.221 COP,1.221 COP,"0,00 %","100,00 %"
rentar carro,Concordancia amplia,Nada,Búsqueda,Manizales,alquiler de carros manizales,1,4,"0,00",0 COP,"25,00 %",802 COP,802 COP,"50,00 %","100,00 %"
rentas de carro cerca de mi,Concordancia amplia,Nada,Búsqueda,Manizales,alquiler de carros manizales,1,1,"0,00",0 COP,"100,00 %",1.879 COP,1.879 COP,"0,00 %","100,00 %"
alquiler de autos en manizales colombia,Concordancia exacta (ligera variación),Nada,Búsqueda,Manizales,alquiler de carros manizales,1,6,"0,00",0 COP,"16,67 %",580 COP,580 COP,"0,00 %","75,00 %"
alquiler de carros manizales económicos,Concordancia exacta (ligera variación),Nada,Búsqueda,Manizales,alquiler de carros manizales,1,5,"0,00",0 COP,"20,00 %",234 COP,234 COP,"50,00 %","100,00 %"
alquiler vehículos manizales,Concordancia exacta (ligera variación),Nada,Búsqueda,Manizales,alquiler de carros manizales,1,2,"0,00",0 COP,"50,00 %",181 COP,181 COP,"100,00 %","100,00 %"
carros alquiler manizales,Concordancia exacta (ligera variación),Nada,Búsqueda,Manizales,alquiler de carros manizales,1,3,"0,00",0 COP,"33,33 %",394 COP,394 COP,"50,00 %","100,00 %"
renta de carros manizales precios,Concordancia exacta (ligera variación),Nada,Búsqueda,Manizales,alquiler de carros manizales,1,6,"0,00",0 COP,"16,67 %",666 COP,666 COP,"20,00 %","80,00 %"
alquiler de camionetas en manizales,Concordancia de frase (ligera variación),Nada,Búsqueda,Manizales,alquiler de carros manizales,1,2,"0,00",0 COP,"50,00 %",83 COP,83 COP,"50,00 %","50,00 %"
manizales car rental,Concordancia de frase (ligera variación),Nada,Búsqueda,Manizales,alquiler de carros manizales,1,1,"0,00",0 COP,"100,00 %",250 COP,250 COP,"0,00 %","100,00 %"
alquilo mi carro,Concordancia amplia,Nada,Búsqueda,Medellin,alquiler carros medellin,1,2,"0,46",1.708 COP,"50,00 %",794 COP,794 COP,"50,00 %","50,00 %"
alquilar carro en medellin,Concordancia exacta (ligera variación),Nada,Búsqueda,Medellin,alquiler carros medellin,1,15,"0,00",0 COP,"6,67 %",536 COP,536 COP,"7,14 %","57,14 %"
alquilar carro medellin,Concordancia exacta (ligera variación),Nada,Búsqueda,Medellin,alquiler carros medellin,1,3,"0,00",0 COP,"33,33 %",881 COP,881 COP,"0,00 %","66,67 %"
alquilar un carro en medellin,Concordancia exacta (ligera variación),Nada,Búsqueda,Medellin,alquiler carros medellin,1,2,"0,00",0 COP,"50,00 %",1.013 COP,1.013 COP,"0,00 %","50,00 %"
alquiler carro en medellin,Concordancia exacta (ligera variación),Nada,Búsqueda,Medellin,alquiler carros medellin,1,8,"0,00",0 COP,"12,50 %",307 COP,307 COP,"0,00 %","83,33 %"
alquiler carro en medellin colombia,Concordancia exacta (ligera variación),Nada,Búsqueda,Medellin,alquiler carros medellin,1,1,"0,00",0 COP,"100,00 %",1.008 COP,1.008 COP,"0,00 %","100,00 %"
alquiler carros en medellin colombia,Concordancia exacta (ligera variación),Nada,Búsqueda,Medellin,alquiler carros medellin,1,2,"0,00",0 COP,"50,00 %",1.502 COP,1.502 COP,"0,00 %","100,00 %"
alquiler de carros en neiva aeropuerto,Concordancia de frase,Nada,Búsqueda,Neiva unica Airport,alquiler de carros en neiva,1,8,"0,00",0 COP,"12,50 %",2.224 COP,2.224 COP,"0,00 %","83,33 %"
alquiler de carro,Concordancia amplia,Nada,Búsqueda,Neiva unica Airport,alquiler de carros en neiva,1,5,"0,00",0 COP,"20,00 %",867 COP,867 COP,"25,00 %","100,00 %"
alquiler de vehiculos,Concordancia amplia,Nada,Búsqueda,Neiva unica Airport,alquiler de carros en neiva,1,2,"0,00",0 COP,"50,00 %",683 COP,683 COP,"0,00 %","100,00 %"
car rental,Concordancia amplia,Nada,Búsqueda,Neiva unica Airport,alquiler de carros en neiva,1,2,"0,00",0 COP,"50,00 %",1.115 COP,1.115 COP,"100,00 %","100,00 %"
car rental near me,Concordancia amplia,Nada,Búsqueda,Neiva unica Airport,alquiler de carros en neiva,1,4,"0,00",0 COP,"25,00 %",1.148 COP,1.148 COP,"0,00 %","100,00 %"
carros alquilados,Concordancia amplia,Nada,Búsqueda,Neiva unica Airport,alquiler de carros en neiva,1,1,"0,00",0 COP,"100,00 %",503 COP,503 COP,"100,00 %","100,00 %"
carros alquiler,Concordancia amplia,Nada,Búsqueda,Neiva unica Airport,alquiler de carros en neiva,1,2,"0,00",0 COP,"50,00 %",367 COP,367 COP,"0,00 %","100,00 %"
cuanto cuesta alquilar un carro,Concordancia amplia,Nada,Búsqueda,Neiva unica Airport,alquiler de carros en neiva,1,1,"0,00",0 COP,"100,00 %",51 COP,51 COP,"0,00 %","100,00 %"
renta de autos,Concordancia amplia,Nada,Búsqueda,Neiva unica Airport,alquiler de carros en neiva,1,1,"0,00",0 COP,"100,00 %",186 COP,186 COP,"100,00 %","100,00 %"
rental car,Concordancia amplia,Nada,Búsqueda,Neiva unica Airport,alquiler de carros en neiva,1,3,"0,00",0 COP,"33,33 %",278 COP,278 COP,"0,00 %","100,00 %"
rentar carro,Concordancia amplia,Nada,Búsqueda,Neiva unica Airport,alquiler de carros en neiva,1,3,"0,00",0 COP,"33,33 %",693 COP,693 COP,"50,00 %","100,00 %"
alquiler de vehiculos neiva,Concordancia exacta (ligera variación),Nada,Búsqueda,Neiva unica Airport,alquiler de carros en neiva,1,5,"0,00",0 COP,"20,00 %",763 COP,763 COP,"66,67 %","100,00 %"
alquiler de camionetas neiva,Concordancia de frase (ligera variación),Nada,Búsqueda,Neiva unica Airport,alquiler de carros en neiva,1,1,"0,00",0 COP,"100,00 %",211 COP,211 COP,"0,00 %","100,00 %"
alquiler de vehiculos en neiva,Concordancia de frase (ligera variación),Nada,Búsqueda,Neiva unica Airport,alquiler de carros en neiva,1,1,"0,00",0 COP,"100,00 %",731 COP,731 COP,"0,00 %","100,00 %"
alquilar carro en armenia,Concordancia amplia,Nada,Búsqueda,Armenia unica Airport,alquiler de carros en armenia,1,3,"0,00",0 COP,"33,33 %",893 COP,893 COP,"0,00 %","66,67 %"
alquiler de carro,Concordancia amplia,Nada,Búsqueda,Armenia unica Airport,alquiler de carros en armenia,1,3,"0,00",0 COP,"33,33 %",816 COP,816 COP,"0,00 %","100,00 %"
alquiler de carro en armenia,Concordancia amplia,Nada,Búsqueda,Armenia unica Airport,alquiler de carros en armenia,1,6,"1,00",1.343 COP,"16,67 %",1.343 COP,1.343 COP,"0,00 %","100,00 %"
alquiler de carros en el eje cafetero,Concordancia amplia,Nada,Búsqueda,Armenia unica Airport,alquiler de carros en armenia,1,1,"0,00",0 COP,"100,00 %",762 COP,762 COP,"0,00 %","100,00 %"
alquiler coche bogota colombia,Concordancia exacta (ligera variación),Nada,Búsqueda,Bogota,alquiler de carros bogota,1,1,"0,00",0 COP,"100,00 %",485 COP,485 COP,"100,00 %","100,00 %"
alquiler coches bogota,Concordancia exacta (ligera variación),Nada,Búsqueda,Bogota,alquiler de carros bogota,1,1,"0,00",0 COP,"100,00 %",1.596 COP,1.596 COP,"0,00 %","100,00 %"
alquiler de autos bogota economicos,Concordancia exacta (ligera variación),Nada,Búsqueda,Bogota,alquiler de carros bogota,1,4,"0,00",0 COP,"25,00 %",324 COP,324 COP,"0,00 %","66,67 %"
alquiler de carros baratos en bogota,Concordancia exacta (ligera variación),Nada,Búsqueda,Bogota,alquiler de carros bogota,1,2,"0,00",0 COP,"50,00 %",383 COP,383 COP,"100,00 %","100,00 %"
alquiler de carros bogota barato,Concordancia exacta (ligera variación),Nada,Búsqueda,Bogota,alquiler de carros bogota,1,2,"0,00",0 COP,"50,00 %",902 COP,902 COP,"0,00 %","50,00 %"
alquiler de carros bogota colombia,Concordancia exacta (ligera variación),Nada,Búsqueda,Bogota,alquiler de carros bogota,1,4,"0,00",0 COP,"25,00 %",407 COP,407 COP,"0,00 %","100,00 %"
alquiler de carros bogota para viajar,Concordancia exacta (ligera variación),Nada,Búsqueda,Bogota,alquiler de carros bogota,1,4,"0,00",0 COP,"25,00 %",521 COP,521 COP,"100,00 %","100,00 %"
alquiler de carros bogota precio,Concordancia exacta (ligera variación),Nada,Búsqueda,Bogota,alquiler de carros bogota,1,9,"0,00",0 COP,"11,11 %",66 COP,66 COP,"0,00 %","87,50 %"
alquiler de carros en bogota para viajar,Concordancia exacta (ligera variación),Nada,Búsqueda,Bogota,alquiler de carros bogota,1,6,"0,00",0 COP,"16,67 %",905 COP,905 COP,"0,00 %","100,00 %"
alquiler de carros por dias en bogota,Concordancia exacta (ligera variación),Nada,Búsqueda,Bogota,alquiler de carros bogota,1,10,"0,00",0 COP,"10,00 %",165 COP,165 COP,"12,50 %","87,50 %"
alquiler de un carro en bogota,Concordancia exacta (ligera variación),Nada,Búsqueda,Bogota,alquiler de carros bogota,1,6,"0,00",0 COP,"16,67 %",425 COP,425 COP,"0,00 %","40,00 %"
alquiler de vehiculo en bogota,Concordancia exacta (ligera variación),Nada,Búsqueda,Bogota,alquiler de carros bogota,1,4,"0,00",0 COP,"25,00 %",384 COP,384 COP,"0,00 %","100,00 %"
alquiler de vehiculos bogota economicos,Concordancia exacta (ligera variación),Nada,Búsqueda,Bogota,alquiler de carros bogota,1,2,"0,00",0 COP,"50,00 %",761 COP,761 COP,"0,00 %","50,00 %"
alquiler de vehiculos en bogotá,Concordancia exacta (ligera variación),Nada,Búsqueda,Bogota,alquiler de carros bogota,1,1,"0,00",0 COP,"100,00 %",1.862 COP,1.862 COP,"0,00 %","100,00 %"
arriendo carro bogota,Concordancia exacta (ligera variación),Nada,Búsqueda,Bogota,alquiler de carros bogota,1,3,"0,00",0 COP,"33,33 %",644 COP,644 COP,"0,00 %","66,67 %"
bogota renta car,Concordancia exacta (ligera variación),Nada,Búsqueda,Bogota,alquiler de carros bogota,1,2,"0,00",0 COP,"50,00 %",561 COP,561 COP,"0,00 %","100,00 %"
car rental bogota,Concordancia exacta (ligera variación),Nada,Búsqueda,Bogota,alquiler de carros bogota,1,8,"0,00",0 COP,"12,50 %",534 COP,534 COP,"0,00 %","57,14 %"
carro alquiler bogota,Concordancia exacta (ligera variación),Nada,Búsqueda,Bogota,alquiler de carros bogota,1,8,"0,00",0 COP,"12,50 %",997 COP,997 COP,"0,00 %","85,71 %"
carros alquiler bogota,Concordancia exacta (ligera variación),Nada,Búsqueda,Bogota,alquiler de carros bogota,1,21,"0,00",0 COP,"4,76 %",232 COP,232 COP,"12,50 %","93,75 %"
carros para alquilar en bogota,Concordancia exacta (ligera variación),Nada,Búsqueda,Bogota,alquiler de carros bogota,1,10,"0,00",0 COP,"10,00 %",301 COP,301 COP,"0,00 %","88,89 %"
carros para rentar bogota,Concordancia exacta (ligera variación),Nada,Búsqueda,Bogota,alquiler de carros bogota,1,5,"0,00",0 COP,"20,00 %",716 COP,716 COP,"25,00 %","50,00 %"
carros renta bogota,Concordancia exacta (ligera variación),Nada,Búsqueda,Bogota,alquiler de carros bogota,1,1,"0,00",0 COP,"100,00 %",1.128 COP,1.128 COP,"0,00 %","100,00 %"
como rentar un carro en bogota,Concordancia exacta (ligera variación),Nada,Búsqueda,Bogota,alquiler de carros bogota,1,3,"0,00",0 COP,"33,33 %",382 COP,382 COP,"0,00 %","66,67 %"
cuanto cuesta alquilar un carro en bogota,Concordancia exacta (ligera variación),Nada,Búsqueda,Bogota,alquiler de carros bogota,1,12,"0,00",0 COP,"8,33 %",78 COP,78 COP,"0,00 %","81,82 %"
cuanto cuesta rentar un carro en bogota,Concordancia exacta (ligera variación),Nada,Búsqueda,Bogota,alquiler de carros bogota,1,3,"0,00",0 COP,"33,33 %",16 COP,16 COP,"0,00 %","66,67 %"
donde alquilar un carro en bogota,Concordancia exacta (ligera variación),Nada,Búsqueda,Bogota,alquiler de carros bogota,1,4,"0,00",0 COP,"25,00 %",698 COP,698 COP,"25,00 %","75,00 %"
donde puedo alquilar un carro en bogota,Concordancia exacta (ligera variación),Nada,Búsqueda,Bogota,alquiler de carros bogota,1,5,"0,00",0 COP,"20,00 %",2.934 COP,2.934 COP,"20,00 %","80,00 %"
empresas de alquiler de carros bogota,Concordancia exacta (ligera variación),Nada,Búsqueda,Bogota,alquiler de carros bogota,1,10,"0,00",0 COP,"10,00 %",2.459 COP,2.459 COP,"28,57 %","85,71 %"
precio alquiler carro bogota,Concordancia exacta (ligera variación),Nada,Búsqueda,Bogota,alquiler de carros bogota,1,3,"0,00",0 COP,"33,33 %",115 COP,115 COP,"0,00 %","100,00 %"
rent a car bogotá precios,Concordancia exacta (ligera variación),Nada,Búsqueda,Bogota,alquiler de carros bogota,1,1,"0,00",0 COP,"100,00 %",351 COP,351 COP,"0,00 %","100,00 %"
rent a car en bogota,Concordancia exacta (ligera variación),Nada,Búsqueda,Bogota,alquiler de carros bogota,1,3,"0,00",0 COP,"33,33 %",1.968 COP,1.968 COP,"0,00 %","66,67 %"
rent car bogota colombia,Concordancia exacta (ligera variación),Nada,Búsqueda,Bogota,alquiler de carros bogota,1,2,"0,00",0 COP,"50,00 %",931 COP,931 COP,"100,00 %","100,00 %"
renta auto bogota,Concordancia exacta (ligera variación),Nada,Búsqueda,Bogota,alquiler de carros bogota,1,2,"0,00",0 COP,"50,00 %",982 COP,982 COP,"0,00 %","100,00 %"
renta car bogota colombia,Concordancia exacta (ligera variación),Nada,Búsqueda,Bogota,alquiler de carros bogota,1,4,"0,00",0 COP,"25,00 %",459 COP,459 COP,"0,00 %","66,67 %"
renta carro bogota colombia,Concordancia exacta (ligera variación),Nada,Búsqueda,Bogota,alquiler de carros bogota,1,5,"0,00",0 COP,"20,00 %",1.404 COP,1.404 COP,"0,00 %","100,00 %"
renta carros en bogota,Concordancia exacta (ligera variación),Nada,Búsqueda,Bogota,alquiler de carros bogota,1,6,"0,00",0 COP,"16,67 %",903 COP,903 COP,"0,00 %","80,00 %"
renta de auto bogota,Concordancia exacta (ligera variación),Nada,Búsqueda,Bogota,alquiler de carros bogota,1,3,"0,00",0 COP,"33,33 %",1.011 COP,1.011 COP,"33,33 %","100,00 %"
renta de automoviles bogota,Concordancia exacta (ligera variación),Nada,Búsqueda,Bogota,alquiler de carros bogota,1,1,"0,00",0 COP,"100,00 %",213 COP,213 COP,"0,00 %","100,00 %"
renta de autos bogota colombia,Concordancia exacta (ligera variación),Nada,Búsqueda,Bogota,alquiler de carros bogota,1,2,"0,00",0 COP,"50,00 %",1.561 COP,1.561 COP,"0,00 %","100,00 %"
renta de autos en bogotá,Concordancia exacta (ligera variación),Nada,Búsqueda,Bogota,alquiler de carros bogota,1,1,"0,00",0 COP,"100,00 %",107 COP,107 COP,"0,00 %","100,00 %"
renta de carros en bogota precios,Concordancia exacta (ligera variación),Nada,Búsqueda,Bogota,alquiler de carros bogota,1,7,"0,00",0 COP,"14,29 %",982 COP,982 COP,"16,67 %","100,00 %"
renta de vehiculos en bogota,Concordancia exacta (ligera variación),Nada,Búsqueda,Bogota,alquiler de carros bogota,1,7,"0,00",0 COP,"14,29 %",724 COP,724 COP,"0,00 %","80,00 %"
renta de vehículos bogotá,Concordancia exacta (ligera variación),Nada,Búsqueda,Bogota,alquiler de carros bogota,1,4,"0,00",0 COP,"25,00 %",544 COP,544 COP,"0,00 %","100,00 %"
renta vehiculo bogota,Concordancia exacta (ligera variación),Nada,Búsqueda,Bogota,alquiler de carros bogota,1,4,"0,00",0 COP,"25,00 %",1.503 COP,1.503 COP,"0,00 %","100,00 %"
rentadora de carros en bogota,Concordancia exacta (ligera variación),Nada,Búsqueda,Bogota,alquiler de carros bogota,1,1,"0,00",0 COP,"100,00 %",957 COP,957 COP,"100,00 %","100,00 %"
rentadoras de carros bogota,Concordancia exacta (ligera variación),Nada,Búsqueda,Bogota,alquiler de carros bogota,1,4,"0,00",0 COP,"25,00 %",415 COP,415 COP,"0,00 %","66,67 %"
rentar carro en bogota barato,Concordancia exacta (ligera variación),Nada,Búsqueda,Bogota,alquiler de carros bogota,1,1,"0,00",0 COP,"100,00 %",1.168 COP,1.168 COP,"0,00 %","100,00 %"
rentar carro en bogota colombia,Concordancia exacta (ligera variación),Nada,Búsqueda,Bogota,alquiler de carros bogota,1,3,"0,00",0 COP,"33,33 %",303 COP,303 COP,"0,00 %","66,67 %"
rentar un carro en bogota colombia,Concordancia exacta (ligera variación),Nada,Búsqueda,Bogota,alquiler de carros bogota,1,1,"0,00",0 COP,"100,00 %",678 COP,678 COP,"0,00 %","100,00 %"
rento carro bogota,Concordancia exacta (ligera variación),Nada,Búsqueda,Bogota,alquiler de carros bogota,1,2,"0,00",0 COP,"50,00 %",1.826 COP,1.826 COP,"100,00 %","100,00 %"
alquila tu carro bogota,Concordancia de frase (ligera variación),Nada,Búsqueda,Bogota,alquiler de carros bogota,1,1,"1,58",270 COP,"100,00 %",427 COP,427 COP,"100,00 %","100,00 %"
alquiler carro 7 puestos bogota,Concordancia de frase (ligera variación),Nada,Búsqueda,Bogota,alquiler de carros bogota,1,5,"0,00",0 COP,"20,00 %",416 COP,416 COP,"20,00 %","60,00 %"
alquiler carro bogota aeropuerto,Concordancia de frase (ligera variación),Nada,Búsqueda,Bogota,alquiler de carros bogota,1,10,"0,00",0 COP,"10,00 %",1.407 COP,1.407 COP,"0,00 %","30,00 %"
alquiler carro bogotá aeropuerto,Concordancia de frase (ligera variación),Nada,Búsqueda,Bogota,alquiler de carros bogota,1,5,"0,00",0 COP,"20,00 %",1.308 COP,1.308 COP,"0,00 %","75,00 %"
alquiler carros aeropuerto bogota,Concordancia de frase (ligera variación),Nada,Búsqueda,Bogota,alquiler de carros bogota,1,3,"0,00",0 COP,"33,33 %",964 COP,964 COP,"0,00 %","100,00 %"
alquiler carros bogota,Concordancia de frase (ligera variación),Añadido,Búsqueda,Bogota,alquiler de carros bogota,1,1,"0,00",0 COP,"100,00 %",1.031 COP,1.031 COP,"0,00 %","100,00 %"
alquiler de camionetas en bogota,Concordancia de frase (ligera variación),Nada,Búsqueda,Bogota,alquiler de carros bogota,1,8,"0,00",0 COP,"12,50 %",356 COP,356 COP,"16,67 %","83,33 %"
alquiler de carros calle 80,Concordancia de frase (ligera variación),Nada,Búsqueda,Bogota,alquiler de carros bogota,1,3,"0,00",0 COP,"33,33 %",672 COP,672 COP,"33,33 %","100,00 %"
alquiler de toyota prado bogota,Concordancia de frase (ligera variación),Nada,Búsqueda,Bogota,alquiler de carros bogota,1,2,"0,00",0 COP,"50,00 %",513 COP,513 COP,"0,00 %","50,00 %"
alquiler toyota fortuner bogota,Concordancia de frase (ligera variación),Nada,Búsqueda,Bogota,alquiler de carros bogota,1,1,"0,00",0 COP,"100,00 %",188 COP,188 COP,"0,00 %","100,00 %"
alquiler toyota prado bogotá,Concordancia de frase (ligera variación),Nada,Búsqueda,Bogota,alquiler de carros bogota,1,4,"0,00",0 COP,"25,00 %",487 COP,487 COP,"0,00 %","66,67 %"
carros bogota,Concordancia amplia,Nada,Búsqueda,Bogota,alquiler de carros bogota,1,1,"0,00",0 COP,"100,00 %",701 COP,701 COP,"0,00 %","100,00 %"
carros en renta,Concordancia amplia,Nada,Búsqueda,Bogota,alquiler de carros bogota,1,16,"0,00",0 COP,"6,25 %",2.049 COP,2.049 COP,"27,27 %","100,00 %"
carros para rentar,Concordancia amplia,Nada,Búsqueda,Bogota,alquiler de carros bogota,1,4,"0,00",0 COP,"25,00 %",889 COP,889 COP,"0,00 %","100,00 %"
carros para rentar cerca de mi,Concordancia amplia,Nada,Búsqueda,Bogota,alquiler de carros bogota,1,1,"0,00",0 COP,"100,00 %",2.277 COP,2.277 COP,"0,00 %","100,00 %"
cars rental,Concordancia amplia,Nada,Búsqueda,Bogota,alquiler de carros bogota,1,1,"0,00",0 COP,"100,00 %",1.330 COP,1.330 COP,"0,00 %","0,00 %"
cotizar alquiler de auto,Concordancia amplia,Nada,Búsqueda,Bogota,alquiler de carros bogota,1,2,"0,00",0 COP,"50,00 %",393 COP,393 COP,"0,00 %","50,00 %"
cuanto cuesta el alquiler de un auto por dia,Concordancia amplia,Nada,Búsqueda,Bogota,alquiler de carros bogota,1,2,"0,00",0 COP,"50,00 %",181 COP,181 COP,"100,00 %","100,00 %"
cuanto cuesta rentar una camioneta,Concordancia amplia,Nada,Búsqueda,Bogota,alquiler de carros bogota,1,1,"0,00",0 COP,"100,00 %",182 COP,182 COP,"100,00 %","100,00 %"
donde puedo alquilar un carro,Concordancia amplia,Nada,Búsqueda,Bogota,alquiler de carros bogota,1,2,"0,00",0 COP,"50,00 %",287 COP,287 COP,"0,00 %","100,00 %"
donde rentan carros cerca de mi,Concordancia amplia,Nada,Búsqueda,Bogota,alquiler de carros bogota,1,2,"0,00",0 COP,"50,00 %",594 COP,594 COP,"0,00 %","50,00 %"
donde rentar un carro,Concordancia amplia,Nada,Búsqueda,Bogota,alquiler de carros bogota,1,1,"0,00",0 COP,"100,00 %",377 COP,377 COP,"0,00 %","100,00 %"
empresas de alquiler de carros,Concordancia amplia,Nada,Búsqueda,Bogota,alquiler de carros bogota,1,3,"0,00",0 COP,"33,33 %",710 COP,710 COP,"50,00 %","50,00 %"
green motions,Concordancia amplia,Nada,Búsqueda,Bogota,alquiler de carros bogota,1,2,"0,00",0 COP,"50,00 %",2.337 COP,2.337 COP,"100,00 %","100,00 %"
latam alquiler de autos,Concordancia amplia,Nada,Búsqueda,Bogota,alquiler de carros bogota,1,4,"0,00",0 COP,"25,00 %",702 COP,702 COP,"33,33 %","100,00 %"
llevateelmio,Concordancia amplia,Nada,Búsqueda,Bogota,alquiler de carros bogota,1,3,"0,00",0 COP,"33,33 %",1.885 COP,1.885 COP,"0,00 %","66,67 %"
momondo autos,Concordancia amplia,Nada,Búsqueda,Bogota,alquiler de carros bogota,1,1,"1,00",1.920 COP,"100,00 %",1.920 COP,1.920 COP,"100,00 %","100,00 %"
que vale el alquiler de un carro,Concordancia amplia,Nada,Búsqueda,Bogota,alquiler de carros bogota,1,3,"0,00",0 COP,"33,33 %",38 COP,38 COP,"0,00 %","66,67 %"
ren car,Concordancia amplia,Nada,Búsqueda,Bogota,alquiler de carros bogota,1,3,"0,00",0 COP,"33,33 %",571 COP,571 COP,"0,00 %","100,00 %"
rent a car abc,Concordancia amplia,Nada,Búsqueda,Bogota,alquiler de carros bogota,1,4,"0,00",0 COP,"25,00 %",406 COP,406 COP,"50,00 %","100,00 %"
rent a car cerca de mi,Concordancia amplia,Nada,Búsqueda,Bogota,alquiler de carros bogota,1,1,"0,00",0 COP,"100,00 %",1.211 COP,1.211 COP,"0,00 %","100,00 %"
rent a car sas,Concordancia amplia,Nada,Búsqueda,Bogota,alquiler de carros bogota,1,4,"0,00",0 COP,"25,00 %",2.405 COP,2.405 COP,"100,00 %","100,00 %"
rent de carros,Concordancia amplia,Nada,Búsqueda,Bogota,alquiler de carros bogota,1,2,"0,00",0 COP,"50,00 %",1.421 COP,1.421 COP,"50,00 %","50,00 %"
renta a car,Concordancia amplia,Nada,Búsqueda,Bogota,alquiler de carros bogota,1,6,"0,00",0 COP,"16,67 %",581 COP,581 COP,"20,00 %","100,00 %"
renta ar,Concordancia amplia,Nada,Búsqueda,Bogota,alquiler de carros bogota,1,2,"0,00",0 COP,"50,00 %",1.744 COP,1.744 COP,"0,00 %","100,00 %"
renta camionetas 4x4,Concordancia amplia,Nada,Búsqueda,Bogota,alquiler de carros bogota,1,2,"0,00",0 COP,"50,00 %",1.159 COP,1.159 COP,"100,00 %","100,00 %"
renta car express,Concordancia amplia,Nada,Búsqueda,Bogota,alquiler de carros bogota,1,4,"0,00",0 COP,"25,00 %",649 COP,649 COP,"33,33 %","100,00 %"
renta carro aeropuerto,Concordancia amplia,Nada,Búsqueda,Bogota,alquiler de carros bogota,1,1,"0,00",0 COP,"100,00 %",499 COP,499 COP,"0,00 %","100,00 %"
renta carros,Concordancia amplia,Nada,Búsqueda,Bogota,alquiler de carros bogota,1,27,"0,00",0 COP,"3,70 %",470 COP,470 COP,"3,85 %","61,54 %"
renta cars,Concordancia amplia,Nada,Búsqueda,Bogota,alquiler de carros bogota,1,7,"0,00",0 COP,"14,29 %",903 COP,903 COP,"14,29 %","85,71 %"
renta cart,Concordancia amplia,Nada,Búsqueda,Bogota,alquiler de carros bogota,1,10,"0,00",0 COP,"10,00 %",539 COP,539 COP,"44,44 %","88,89 %"
renta de auto,Concordancia amplia,Nada,Búsqueda,Bogota,alquiler de carros bogota,1,1,"0,00",0 COP,"100,00 %",363 COP,363 COP,"0,00 %","0,00 %"
renta de carros cerca,Concordancia amplia,Nada,Búsqueda,Bogota,alquiler de carros bogota,1,7,"0,00",0 COP,"14,29 %",421 COP,421 COP,"0,00 %","50,00 %"
renta de carros para salir de viaje,Concordancia amplia,Nada,Búsqueda,Bogota,alquiler de carros bogota,1,2,"0,00",0 COP,"50,00 %",280 COP,280 COP,"0,00 %","100,00 %"
renta de vehiculo por dia,Concordancia amplia,Nada,Búsqueda,Bogota,alquiler de carros bogota,1,3,"0,00",0 COP,"33,33 %",588 COP,588 COP,"0,00 %","100,00 %"
renta de vehiculos cerca de mi,Concordancia amplia,Nada,Búsqueda,Bogota,alquiler de carros bogota,1,2,"0,00",0 COP,"50,00 %",671 COP,671 COP,"0,00 %","100,00 %"
rentar auto,Concordancia amplia,Nada,Búsqueda,Bogota,alquiler de carros bogota,1,6,"0,00",0 COP,"16,67 %",1.464 COP,1.464 COP,"0,00 %","66,67 %"
rentar camionetas,Concordancia amplia,Nada,Búsqueda,Bogota,alquiler de carros bogota,1,1,"0,00",0 COP,"100,00 %",222 COP,222 COP,"0,00 %","0,00 %"
rentar car,Concordancia amplia,Nada,Búsqueda,Bogota,alquiler de carros bogota,1,11,"0,00",0 COP,"9,09 %",1.242 COP,1.242 COP,"22,22 %","88,89 %"
rentar carro bogota,Concordancia amplia,Añadido,Búsqueda,Bogota,alquiler de carros bogota,1,1,"0,00",0 COP,"100,00 %",259 COP,259 COP,"0,00 %","100,00 %"
rentar carro cerca de mi,Concordancia amplia,Nada,Búsqueda,Bogota,alquiler de carros bogota,1,2,"0,00",0 COP,"50,00 %",578 COP,578 COP,"0,00 %","100,00 %"
rentar vehiculo,Concordancia amplia,Nada,Búsqueda,Bogota,alquiler de carros bogota,1,6,"0,00",0 COP,"16,67 %",566 COP,566 COP,"0,00 %","80,00 %"
rentavo,Concordancia amplia,Nada,Búsqueda,Bogota,alquiler de carros bogota,1,1,"0,00",0 COP,"100,00 %",840 COP,840 COP,"0,00 %","100,00 %"
requisitos para alquilar un carro en colombia,Concordancia amplia,Nada,Búsqueda,Bogota,alquiler de carros bogota,1,2,"0,00",0 COP,"50,00 %",95 COP,95 COP,"50,00 %","100,00 %"
reservar carro,Concordancia amplia,Nada,Búsqueda,Bogota,alquiler de carros bogota,1,1,"0,00",0 COP,"100,00 %",1.414 COP,1.414 COP,"0,00 %","100,00 %"
reservar carros,Concordancia amplia,Nada,Búsqueda,Bogota,alquiler de carros bogota,1,2,"0,00",0 COP,"50,00 %",2.256 COP,2.256 COP,"0,00 %","100,00 %"
valor alquiler carro,Concordancia amplia,Nada,Búsqueda,Bogota,alquiler de carros bogota,1,1,"0,00",0 COP,"100,00 %",78 COP,78 COP,"0,00 %","100,00 %"
vehiculos en alquiler,Concordancia amplia,Nada,Búsqueda,Bogota,alquiler de carros bogota,1,1,"0,00",0 COP,"100,00 %",144 COP,144 COP,"0,00 %","100,00 %"
vehiculos en renta,Concordancia amplia,Nada,Búsqueda,Bogota,alquiler de carros bogota,1,1,"0,00",0 COP,"100,00 %",455 COP,455 COP,"0,00 %","100,00 %"
alquilar carro bogotá,Concordancia exacta (ligera variación),Nada,Búsqueda,Bogota,alquiler de carros bogota,1,2,"0,00",0 COP,"50,00 %",255 COP,255 COP,"0,00 %","100,00 %"
alquilar vehiculo bogota,Concordancia exacta (ligera variación),Nada,Búsqueda,Bogota,alquiler de carros bogota,1,8,"0,00",0 COP,"12,50 %",134 COP,134 COP,"0,00 %","83,33 %"
alquiler auto bogota,Concordancia exacta (ligera variación),Nada,Búsqueda,Bogota,alquiler de carros bogota,1,11,"0,00",0 COP,"9,09 %",1.809 COP,1.809 COP,"9,09 %","54,55 %"
alquiler carro en bogotá,Concordancia exacta (ligera variación),Nada,Búsqueda,Bogota,alquiler de carros bogota,1,4,"0,00",0 COP,"25,00 %",383 COP,383 COP,"66,67 %","66,67 %"
alquiler carro por dia bogota,Concordancia exacta (ligera variación),Nada,Búsqueda,Bogota,alquiler de carros bogota,1,5,"0,00",0 COP,"20,00 %",1.119 COP,1.119 COP,"33,33 %","100,00 %"
alquiler de vehiculos cerca de mi,Concordancia amplia,Nada,Búsqueda,Cartagena unica Airport,alquiler de carros en cartagena,0,2,"0,00",0 COP,"0,00 %",—,0 COP,"100,00 %","100,00 %"
alquiler fiat,Concordancia amplia,Nada,Búsqueda,Cartagena unica Airport,alquiler de carros en cartagena,0,1,"0,00",0 COP,"0,00 %",—,0 COP,"0,00 %","100,00 %"
alquiler suzuki swift,Concordancia amplia,Nada,Búsqueda,Cartagena unica Airport,alquiler de carros en cartagena,0,1,"0,00",0 COP,"0,00 %",—,0 COP,"0,00 %","100,00 %"
alquiler vehiculo,Concordancia amplia,Nada,Búsqueda,Cartagena unica Airport,alquiler de carros en cartagena,0,1,"0,00",0 COP,"0,00 %",—,0 COP,"0,00 %","100,00 %"
alquiler vehículo,Concordancia amplia,Nada,Búsqueda,Cartagena unica Airport,alquiler de carros en cartagena,0,1,"0,00",0 COP,"0,00 %",—,0 COP,"0,00 %","0,00 %"
aluguel de carro em cartagena,Concordancia amplia,Nada,Búsqueda,Cartagena unica Airport,alquiler de carros en cartagena,0,7,"0,00",0 COP,"0,00 %",—,0 COP,"60,00 %","100,00 %"
americar rent,Concordancia amplia,Nada,Búsqueda,Cartagena unica Airport,alquiler de carros en cartagena,0,3,"0,00",0 COP,"0,00 %",—,0 COP,"0,00 %","100,00 %"
alquiler de carros medellin poblado,Concordancia de frase (ligera variación),Nada,Búsqueda,Medellin,alquiler de carros en medellin,0,2,"0,00",0 COP,"0,00 %",—,0 COP,"0,00 %","0,00 %"
alquiler de carros medellín,Concordancia de frase (ligera variación),Nada,Búsqueda,Medellin,alquiler de carros en medellin,0,1,"0,00",0 COP,"0,00 %",—,0 COP,"0,00 %","100,00 %"
alquiler de vehiculos en medellin economicos,Concordancia de frase (ligera variación),Nada,Búsqueda,Medellin,alquiler de carros en medellin,0,4,"0,00",0 COP,"0,00 %",—,0 COP,"0,00 %","0,00 %"
gama car medellin,Concordancia de frase (ligera variación),Nada,Búsqueda,Medellin,alquiler de carros en medellin,0,1,"0,00",0 COP,"0,00 %",—,0 COP,"0,00 %","0,00 %"
rent a car medellin el poblado,Concordancia de frase (ligera variación),Nada,Búsqueda,Medellin,alquiler de carros en medellin,0,1,"0,00",0 COP,"0,00 %",—,0 COP,"0,00 %","100,00 %"
rent a car medellin poblado,Concordancia de frase (ligera variación),Nada,Búsqueda,Medellin,alquiler de carros en medellin,0,1,"0,00",0 COP,"0,00 %",—,0 COP,"0,00 %","0,00 %"
rent a car medellin telefono,Concordancia de frase (ligera variación),Nada,Búsqueda,Medellin,alquiler de carros en medellin,0,1,"0,00",0 COP,"0,00 %",—,0 COP,"0,00 %","0,00 %"
rent a car poblado,Concordancia de frase (ligera variación),Nada,Búsqueda,Medellin,alquiler de carros en medellin,0,3,"0,00",0 COP,"0,00 %",—,0 COP,"0,00 %","100,00 %"
renta car medellin aeropuerto,Concordancia de frase (ligera variación),Nada,Búsqueda,Medellin,alquiler de carros en medellin,0,1,"0,00",0 COP,"0,00 %",—,0 COP,"0,00 %","0,00 %"
renta car poblado,Concordancia de frase (ligera variación),Nada,Búsqueda,Medellin,alquiler de carros en medellin,0,2,"0,00",0 COP,"0,00 %",—,0 COP,"0,00 %","100,00 %"
renta carros medellin aeropuerto,Concordancia de frase (ligera variación),Nada,Búsqueda,Medellin,alquiler de carros en medellin,0,2,"0,00",0 COP,"0,00 %",—,0 COP,"0,00 %","100,00 %"
renta de autos medellin aeropuerto,Concordancia de frase (ligera variación),Nada,Búsqueda,Medellin,alquiler de carros en medellin,0,2,"0,00",0 COP,"0,00 %",—,0 COP,"0,00 %","100,00 %"
renta de carros en el poblado medellin,Concordancia de frase (ligera variación),Nada,Búsqueda,Medellin,alquiler de carros en medellin,0,2,"0,00",0 COP,"0,00 %",—,0 COP,"0,00 %","50,00 %"
renta de carros en medellin aeropuerto,Concordancia de frase (ligera variación),Nada,Búsqueda,Medellin,alquiler de carros en medellin,0,2,"0,00",0 COP,"0,00 %",—,0 COP,"0,00 %","100,00 %"
renta de carros en medellin economicos,Concordancia de frase (ligera variación),Nada,Búsqueda,Medellin,alquiler de carros en medellin,0,1,"0,00",0 COP,"0,00 %",—,0 COP,"0,00 %","0,00 %"
renta de carros medellin aeropuerto,Concordancia de frase (ligera variación),Nada,Búsqueda,Medellin,alquiler de carros en medellin,0,1,"0,00",0 COP,"0,00 %",—,0 COP,"0,00 %","0,00 %"
rentar carro medellin aeropuerto,Concordancia de frase (ligera variación),Nada,Búsqueda,Medellin,alquiler de carros en medellin,0,1,"0,00",0 COP,"0,00 %",—,0 COP,"0,00 %","0,00 %"
alquiler de carro bogota aeropuerto,Concordancia de frase,Nada,Búsqueda,Bogota,alquiler de carros bogota,0,4,"0,00",0 COP,"0,00 %",—,0 COP,"0,00 %","66,67 %"
alquiler de carro en bogotá aeropuerto,Concordancia de frase,Nada,Búsqueda,Bogota,alquiler de carros bogota,0,3,"0,00",0 COP,"0,00 %",—,0 COP,"0,00 %","66,67 %"
alquiler de carros 7 puestos bogotá,Concordancia de frase,Nada,Búsqueda,Bogota,alquiler de carros bogota,0,3,"0,00",0 COP,"0,00 %",—,0 COP,"66,67 %","100,00 %"
alquiler de carros aeropuerto bogota,Concordancia de frase,Nada,Búsqueda,Bogota,alquiler de carros bogota,0,2,"0,00",0 COP,"0,00 %",—,0 COP,"0,00 %","50,00 %"
alquiler de carros aeropuerto el dorado bogota,Concordancia de frase,Nada,Búsqueda,Bogota,alquiler de carros bogota,0,4,"0,00",0 COP,"0,00 %",—,0 COP,"0,00 %","25,00 %"
alquiler de carros automaticos bogota,Concordancia de frase,Nada,Búsqueda,Bogota,alquiler de carros bogota,0,2,"0,00",0 COP,"0,00 %",—,0 COP,"0,00 %","50,00 %"
alquiler de carros bogota 24 horas,Concordancia de frase,Nada,Búsqueda,Bogota,alquiler de carros bogota,0,1,"0,00",0 COP,"0,00 %",—,0 COP,"100,00 %","100,00 %"
alquiler de carros bogota colombia,Concordancia de frase,Nada,Búsqueda,Bogota,alquiler de carros bogota,0,1,"0,00",0 COP,"0,00 %",—,0 COP,"0,00 %","100,00 %"
alquiler de carros bogota economicos,Concordancia de frase,Nada,Búsqueda,Bogota,alquiler de carros bogota,0,1,"0,00",0 COP,"0,00 %",—,0 COP,"0,00 %","100,00 %"
alquiler de carros bogotá 24 horas,Concordancia de frase,Nada,Búsqueda,Bogota,alquiler de carros bogota,0,1,"0,00",0 COP,"0,00 %",—,0 COP,"100,00 %","100,00 %"
alquiler de carros bogotá baratos,Concordancia de frase,Nada,Búsqueda,Bogota,alquiler de carros bogota,0,6,"0,00",0 COP,"0,00 %",—,0 COP,"0,00 %","80,00 %"
alquiler de carros bogotá olx,Concordancia de frase,Nada,Búsqueda,Bogota,alquiler de carros bogota,0,1,"0,00",0 COP,"0,00 %",—,0 COP,"0,00 %","100,00 %"
alquiler de carros bogotá precios,Concordancia de frase,Añadido,Búsqueda,Bogota,alquiler de carros bogota,0,1,"0,00",0 COP,"0,00 %",—,0 COP,"0,00 %","100,00 %"
alquiler de carros economicos en bogota,Concordancia de frase,Nada,Búsqueda,Bogota,alquiler de carros bogota,0,1,"0,00",0 COP,"0,00 %",—,0 COP,"0,00 %","100,00 %"
alquiler de carros en bogota,Concordancia de frase,Nada,Búsqueda,Bogota,alquiler de carros bogota,0,3,"0,00",0 COP,"0,00 %",—,0 COP,"0,00 %","100,00 %"
alquiler de carros en bogota aeropuerto,Concordancia de frase,Nada,Búsqueda,Bogota,alquiler de carros bogota,0,5,"0,00",0 COP,"0,00 %",—,0 COP,"0,00 %","50,00 %"
alquiler de carros en bogota economicos,Concordancia de frase,Nada,Búsqueda,Bogota,alquiler de carros bogota,0,2,"0,00",0 COP,"0,00 %",—,0 COP,"0,00 %","50,00 %"
alquiler de carros en bogota sin deposito,Concordancia de frase,Nada,Búsqueda,Bogota,alquiler de carros bogota,0,2,"0,00",0 COP,"0,00 %",—,0 COP,"0,00 %","100,00 %"
alquiler de carros en el aeropuerto de bogota,Concordancia de frase,Nada,Búsqueda,Bogota,alquiler de carros bogota,0,1,"0,00",0 COP,"0,00 %",—,0 COP,"0,00 %","100,00 %"
alquiler de carros en suba bogota,Concordancia de frase,Nada,Búsqueda,Bogota,alquiler de carros bogota,0,1,"0,00",0 COP,"0,00 %",—,0 COP,"0,00 %","0,00 %"
alquiler de carros por horas bogotá,Concordancia de frase,Nada,Búsqueda,Bogota,alquiler de carros bogota,0,6,"0,00",0 COP,"0,00 %",—,0 COP,"25,00 %","100,00 %"
4 rent car,Concordancia amplia,Nada,Búsqueda,Bogota,alquiler de carros bogota,0,1,"0,00",0 COP,"0,00 %",—,0 COP,"100,00 %","100,00 %"
9 plazas alquiler,Concordancia amplia,Nada,Búsqueda,Bogota,alquiler de carros bogota,0,2,"0,00",0 COP,"0,00 %",—,0 COP,"50,00 %","100,00 %"
abs rent a car,Concordancia amplia,Nada,Búsqueda,Bogota,alquiler de carros bogota,0,2,"0,00",0 COP,"0,00 %",—,0 COP,"100,00 %","100,00 %"
advisor rental cars,Concordancia amplia,Nada,Búsqueda,Bogota,alquiler de carros bogota,0,1,"0,00",0 COP,"0,00 %",—,0 COP,"0,00 %","0,00 %"
agencia de alquiler de autos,Concordancia amplia,Nada,Búsqueda,Bogota,alquiler de carros bogota,0,1,"0,00",0 COP,"0,00 %",—,0 COP,"0,00 %","100,00 %"
agencia de alquiler de carro,Concordancia amplia,Nada,Búsqueda,Bogota,alquiler de carros bogota,0,1,"0,00",0 COP,"0,00 %",—,0 COP,"0,00 %","100,00 %"
agencias de alquiler de autos,Concordancia amplia,Nada,Búsqueda,Bogota,alquiler de carros bogota,0,2,"0,00",0 COP,"0,00 %",—,0 COP,"0,00 %","100,00 %"
agencias de alquiler de carros,Concordancia amplia,Nada,Búsqueda,Bogota,alquiler de carros bogota,0,1,"0,00",0 COP,"0,00 %",—,0 COP,"0,00 %","100,00 %"
agencias de renta de autos,Concordancia amplia,Nada,Búsqueda,Bogota,alquiler de carros bogota,0,1,"0,00",0 COP,"0,00 %",—,0 COP,"100,00 %","100,00 %"
agencias de renta de carros,Concordancia amplia,Nada,Búsqueda,Bogota,alquiler de carros bogota,0,1,"0,00",0 COP,"0,00 %",—,0 COP,"0,00 %","100,00 %"
agendautos,Concordancia amplia,Nada,Búsqueda,Bogota,alquiler de carros bogota,0,1,"0,00",0 COP,"0,00 %",—,0 COP,"100,00 %","100,00 %"
alamos carros bogota,Concordancia amplia,Nada,Búsqueda,Bogota,alquiler de carros bogota,0,1,"0,00",0 COP,"0,00 %",—,0 COP,"0,00 %","0,00 %"
alianza alquiler de autos,Concordancia amplia,Nada,Búsqueda,Bogota,alquiler de carros bogota,0,1,"0,00",0 COP,"0,00 %",—,0 COP,"100,00 %","100,00 %"
alkilaautos,Concordancia amplia,Nada,Búsqueda,Bogota,alquiler de carros bogota,0,2,"0,00",0 COP,"0,00 %",—,0 COP,"0,00 %","100,00 %"
alquila autos,Concordancia amplia,Nada,Búsqueda,Bogota,alquiler de carros bogota,0,3,"0,00",0 COP,"0,00 %",—,0 COP,"0,00 %","100,00 %"
alquila renta de autos,Concordancia amplia,Nada,Búsqueda,Bogota,alquiler de carros bogota,0,2,"0,00",0 COP,"0,00 %",—,0 COP,"100,00 %","100,00 %"
alquilar auto,Concordancia amplia,Nada,Búsqueda,Bogota,alquiler de carros bogota,0,5,"0,00",0 COP,"0,00 %",—,0 COP,"0,00 %","100,00 %"
alquilar camioneta 4x4,Concordancia amplia,Nada,Búsqueda,Bogota,alquiler de carros bogota,0,1,"0,00",0 COP,"0,00 %",—,0 COP,"0,00 %","100,00 %"
alquilar camioneta por dia,Concordancia amplia,Nada,Búsqueda,Bogota,alquiler de carros bogota,0,1,"0,00",0 COP,"0,00 %",—,0 COP,"0,00 %","0,00 %"
alquilar camionetas,Concordancia amplia,Nada,Búsqueda,Bogota,alquiler de carros bogota,0,1,"0,00",0 COP,"0,00 %",—,0 COP,"0,00 %","0,00 %"
alquilar carro por un dia,Concordancia amplia,Nada,Búsqueda,Bogota,alquiler de carros bogota,0,1,"0,00",0 COP,"0,00 %",—,0 COP,"0,00 %","100,00 %"
alquilar toyota land cruiser,Concordancia amplia,Nada,Búsqueda,Bogota,alquiler de carros bogota,0,1,"0,00",0 COP,"0,00 %",—,0 COP,"0,00 %","0,00 %"
alquilar un carro por un dia,Concordancia amplia,Nada,Búsqueda,Bogota,alquiler de carros bogota,0,3,"0,00",0 COP,"0,00 %",—,0 COP,"0,00 %","33,33 %"
alquilar un vehiculo,Concordancia amplia,Nada,Búsqueda,Bogota,alquiler de carros bogota,0,1,"0,00",0 COP,"0,00 %",—,0 COP,"0,00 %","100,00 %"
alquilar vehiculos,Concordancia amplia,Nada,Búsqueda,Bogota,alquiler de carros bogota,0,1,"0,00",0 COP,"0,00 %",—,0 COP,"0,00 %","0,00 %"
alquilar vehículo,Concordancia amplia,Nada,Búsqueda,Bogota,alquiler de carros bogota,0,1,"0,00",0 COP,"0,00 %",—,0 COP,"0,00 %","100,00 %"
alquilar vehículos,Concordancia amplia,Nada,Búsqueda,Bogota,alquiler de carros bogota,0,1,"0,00",0 COP,"0,00 %",—,0 COP,"0,00 %","100,00 %"
alquilauto,Concordancia amplia,Nada,Búsqueda,Bogota,alquiler de carros bogota,0,1,"0,00",0 COP,"0,00 %",—,0 COP,"0,00 %","100,00 %"
alquiler auto por dia,Concordancia amplia,Nada,Búsqueda,Bogota,alquiler de carros bogota,0,2,"0,00",0 COP,"0,00 %",—,0 COP,"0,00 %","100,00 %"
alquiler auto sin deposito,Concordancia amplia,Nada,Búsqueda,Bogota,alquiler de carros bogota,0,1,"0,00",0 COP,"0,00 %",—,0 COP,"0,00 %","0,00 %"
alquiler automovil,Concordancia amplia,Nada,Búsqueda,Bogota,alquiler de carros bogota,0,1,"0,00",0 COP,"0,00 %",—,0 COP,"0,00 %","100,00 %"
alquiler autos near me,Concordancia amplia,Nada,Búsqueda,Bogota,alquiler de carros bogota,0,2,"0,00",0 COP,"0,00 %",—,0 COP,"0,00 %","100,00 %"
alquiler camioneta 4x4,Concordancia amplia,Nada,Búsqueda,Bogota,alquiler de carros bogota,0,2,"0,00",0 COP,"0,00 %",—,0 COP,"50,00 %","100,00 %"
alquiler camioneta bogota,Concordancia amplia,Nada,Búsqueda,Bogota,alquiler de carros bogota,0,1,"0,00",0 COP,"0,00 %",—,0 COP,"0,00 %","100,00 %"
alquiler camioneta doble cabina,Concordancia amplia,Nada,Búsqueda,Bogota,alquiler de carros bogota,0,1,"0,00",0 COP,"0,00 %",—,0 COP,"0,00 %","100,00 %"
alquiler camioneta hilux,Concordancia amplia,Nada,Búsqueda,Bogota,alquiler de carros bogota,0,1,"0,00",0 COP,"0,00 %",—,0 COP,"0,00 %","100,00 %"
alquiler carro 4x4,Concordancia amplia,Nada,Búsqueda,Bogota,alquiler de carros bogota,0,1,"0,00",0 COP,"0,00 %",—,0 COP,"0,00 %","0,00 %"
alquiler carro 7 pasajeros,Concordancia amplia,Nada,Búsqueda,Bogota,alquiler de carros bogota,0,1,"0,00",0 COP,"0,00 %",—,0 COP,"0,00 %","0,00 %"
alquiler carro 8 puestos,Concordancia amplia,Nada,Búsqueda,Bogota,alquiler de carros bogota,0,1,"0,00",0 COP,"0,00 %",—,0 COP,"0,00 %","0,00 %"
alquiler carro automatico,Concordancia amplia,Nada,Búsqueda,Bogota,alquiler de carros bogota,0,1,"0,00",0 COP,"0,00 %",—,0 COP,"0,00 %","100,00 %"
alquiler carro barato,Concordancia amplia,Nada,Búsqueda,Bogota,alquiler de carros bogota,0,4,"0,00",0 COP,"0,00 %",—,0 COP,"50,00 %","100,00 %"
alquiler carro por día,Concordancia amplia,Nada,Búsqueda,Bogota,alquiler de carros bogota,0,1,"0,00",0 COP,"0,00 %",—,0 COP,"0,00 %","100,00 %"
alquiler carros baratos,Concordancia amplia,Nada,Búsqueda,Bogota,alquiler de carros bogota,0,1,"0,00",0 COP,"0,00 %",—,0 COP,"0,00 %","0,00 %"
alquiler carros economicos,Concordancia amplia,Nada,Búsqueda,Bogota,alquiler de carros bogota,0,2,"0,00",0 COP,"0,00 %",—,0 COP,"0,00 %","100,00 %"
alquiler de auto por dia,Concordancia amplia,Nada,Búsqueda,Bogota,alquiler de carros bogota,0,2,"0,00",0 COP,"0,00 %",—,0 COP,"50,00 %","50,00 %"
alquiler de auto por un dia,Concordancia amplia,Nada,Búsqueda,Bogota,alquiler de carros bogota,0,1,"0,00",0 COP,"0,00 %",—,0 COP,"0,00 %","100,00 %"
alquiler de automoviles,Concordancia amplia,Nada,Búsqueda,Bogota,alquiler de carros bogota,0,1,"0,00",0 COP,"0,00 %",—,0 COP,"0,00 %","100,00 %"
alquiler de automóviles,Concordancia amplia,Nada,Búsqueda,Bogota,alquiler de carros bogota,0,1,"0,00",0 COP,"0,00 %",—,0 COP,"0,00 %","0,00 %"
alquiler de autos cerca de mi,Concordancia amplia,Nada,Búsqueda,Bogota,alquiler de carros bogota,0,2,"0,00",0 COP,"0,00 %",—,0 COP,"0,00 %","50,00 %"
alquiler de autos económicos,Concordancia amplia,Nada,Búsqueda,Bogota,alquiler de carros bogota,0,1,"0,00",0 COP,"0,00 %",—,0 COP,"0,00 %","100,00 %"
alquiler de autos para 8 personas,Concordancia amplia,Nada,Búsqueda,Bogota,alquiler de carros bogota,0,1,"0,00",0 COP,"0,00 %",—,0 COP,"0,00 %","100,00 %"
alquiler de autos por dias,Concordancia amplia,Nada,Búsqueda,Bogota,alquiler de carros bogota,0,1,"0,00",0 COP,"0,00 %",—,0 COP,"0,00 %","100,00 %"
alquiler de camioneta para 7 personas,Concordancia amplia,Nada,Búsqueda,Bogota,alquiler de carros bogota,0,1,"0,00",0 COP,"0,00 %",—,0 COP,"0,00 %","0,00 %"
alquiler de camioneta por dia,Concordancia amplia,Nada,Búsqueda,Bogota,alquiler de carros bogota,0,2,"0,00",0 COP,"0,00 %",—,0 COP,"0,00 %","50,00 %"
alquiler de camioneta por día,Concordancia amplia,Nada,Búsqueda,Bogota,alquiler de carros bogota,0,1,"0,00",0 COP,"0,00 %",—,0 COP,"0,00 %","100,00 %"
alquiler de camionetas 4x4,Concordancia amplia,Nada,Búsqueda,Bogota,alquiler de carros bogota,0,1,"0,00",0 COP,"0,00 %",—,0 COP,"0,00 %","100,00 %"
alquiler de camionetas en bogota,Concordancia amplia,Nada,Búsqueda,Bogota,alquiler de carros bogota,0,5,"0,00",0 COP,"0,00 %",—,0 COP,"0,00 %","80,00 %"
alquiler de camionetas en bogotá,Concordancia amplia,Nada,Búsqueda,Bogota,alquiler de carros bogota,0,1,"0,00",0 COP,"0,00 %",—,0 COP,"0,00 %","0,00 %"
alquiler de camperos,Concordancia amplia,Nada,Búsqueda,Bogota,alquiler de carros bogota,0,1,"0,00",0 COP,"0,00 %",—,0 COP,"0,00 %","100,00 %"
alquiler de carro automatico,Concordancia amplia,Nada,Búsqueda,Bogota,alquiler de carros bogota,0,1,"0,00",0 COP,"0,00 %",—,0 COP,"0,00 %","100,00 %"
alquiler de carro barato,Concordancia amplia,Nada,Búsqueda,Bogota,alquiler de carros bogota,0,1,"0,00",0 COP,"0,00 %",—,0 COP,"0,00 %","0,00 %"
alquiler de carro baratos,Concordancia amplia,Nada,Búsqueda,Bogota,alquiler de carros bogota,0,1,"0,00",0 COP,"0,00 %",—,0 COP,"0,00 %","0,00 %"
alquiler de carro cerca de mi,Concordancia amplia,Nada,Búsqueda,Bogota,alquiler de carros bogota,0,5,"0,00",0 COP,"0,00 %",—,0 COP,"20,00 %","60,00 %"
alquiler de carro diario,Concordancia amplia,Nada,Búsqueda,Bogota,alquiler de carros bogota,0,1,"0,00",0 COP,"0,00 %",—,0 COP,"0,00 %","100,00 %"
alquiler de carro económico,Concordancia amplia,Nada,Búsqueda,Bogota,alquiler de carros bogota,0,1,"0,00",0 COP,"0,00 %",—,0 COP,"0,00 %","100,00 %"
alquiler de carro en bogota,Concordancia amplia,Añadido,Búsqueda,Bogota,alquiler de carros bogota,0,2,"0,00",0 COP,"0,00 %",—,0 COP,"0,00 %","100,00 %"
alquiler de carro near me,Concordancia amplia,Nada,Búsqueda,Bogota,alquiler de carros bogota,0,2,"0,00",0 COP,"0,00 %",—,0 COP,"0,00 %","100,00 %"
alquiler de carro para 7 personas,Concordancia amplia,Nada,Búsqueda,Bogota,alquiler de carros bogota,0,1,"0,00",0 COP,"0,00 %",—,0 COP,"0,00 %","100,00 %"
alquiler de carro para 8 personas,Concordancia amplia,Nada,Búsqueda,Bogota,alquiler de carros bogota,0,1,"0,00",0 COP,"0,00 %",—,0 COP,"0,00 %","0,00 %"
alquiler de carro para viajar,Concordancia amplia,Nada,Búsqueda,Bogota,alquiler de carros bogota,0,1,"0,00",0 COP,"0,00 %",—,0 COP,"0,00 %","100,00 %"
alquiler de carro para viaje,Concordancia amplia,Nada,Búsqueda,Bogota,alquiler de carros bogota,0,2,"0,00",0 COP,"0,00 %",—,0 COP,"100,00 %","100,00 %"
alquiler de carro por dias,Concordancia amplia,Nada,Búsqueda,Bogota,alquiler de carros bogota,0,3,"0,00",0 COP,"0,00 %",—,0 COP,"0,00 %","66,67 %"
alquiler de carro por horas,Concordancia amplia,Nada,Búsqueda,Bogota,alquiler de carros bogota,0,4,"0,00",0 COP,"0,00 %",—,0 COP,"0,00 %","100,00 %"
alquiler de carro por un dia,Concordancia amplia,Nada,Búsqueda,Bogota,alquiler de carros bogota,0,2,"0,00",0 COP,"0,00 %",—,0 COP,"0,00 %","50,00 %"
alquiler de carro por un día,Concordancia amplia,Nada,Búsqueda,Bogota,alquiler de carros bogota,0,1,"0,00",0 COP,"0,00 %",—,0 COP,"0,00 %","0,00 %"
alquiler de carro sin deposito,Concordancia amplia,Nada,Búsqueda,Bogota,alquiler de carros bogota,0,2,"0,00",0 COP,"0,00 %",—,0 COP,"0,00 %","100,00 %"
alquiler de carros 24 horas,Concordancia amplia,Nada,Búsqueda,Bogota,alquiler de carros bogota,0,4,"0,00",0 COP,"0,00 %",—,0 COP,"33,33 %","100,00 %"
alquiler de carros 4x4,Concordancia amplia,Nada,Búsqueda,Bogota,alquiler de carros bogota,0,3,"0,00",0 COP,"0,00 %",—,0 COP,"0,00 %","100,00 %"
alquiler de carros cerca de mi,Concordancia amplia,Nada,Búsqueda,Bogota,alquiler de carros bogota,0,4,"0,00",0 COP,"0,00 %",—,0 COP,"25,00 %","75,00 %"
alquiler de carros cerca de mi ubicación,Concordancia amplia,Nada,Búsqueda,Bogota,alquiler de carros bogota,0,2,"0,00",0 COP,"0,00 %",—,0 COP,"50,00 %","50,00 %"
alquiler de carros economicos,Concordancia amplia,Nada,Búsqueda,Bogota,alquiler de carros bogota,0,1,"0,00",0 COP,"0,00 %",—,0 COP,"0,00 %","0,00 %"
alquiler de carros en,Concordancia amplia,Nada,Búsqueda,Bogota,alquiler de carros bogota,0,1,"0,00",0 COP,"0,00 %",—,0 COP,"0,00 %","0,00 %"
alquiler de carros en el aeropuerto,Concordancia amplia,Nada,Búsqueda,Bogota,alquiler de carros bogota,0,4,"0,00",0 COP,"0,00 %",—,0 COP,"50,00 %","100,00 %"
alquiler de carros mensual,Concordancia amplia,Nada,Búsqueda,Bogota,alquiler de carros bogota,0,1,"0,00",0 COP,"0,00 %",—,0 COP,"0,00 %","0,00 %"
alquiler de carros para trabajar en aplicaciones,Concordancia amplia,Nada,Búsqueda,Bogota,alquiler de carros bogota,0,1,"0,00",0 COP,"0,00 %",—,0 COP,"0,00 %","0,00 %"
alquiler de carros para viajar,Concordancia amplia,Nada,Búsqueda,Bogota,alquiler de carros bogota,0,4,"0,00",0 COP,"0,00 %",—,0 COP,"0,00 %","33,33 %"
alquiler de carros para viajes,Concordancia amplia,Nada,Búsqueda,Bogota,alquiler de carros bogota,0,1,"0,00",0 COP,"0,00 %",—,0 COP,"100,00 %","100,00 %"
alquiler de carros particulares,Concordancia amplia,Nada,Búsqueda,Bogota,alquiler de carros bogota,0,1,"0,00",0 COP,"0,00 %",—,0 COP,"0,00 %","100,00 %"
alquiler de carros por dia,Concordancia amplia,Nada,Búsqueda,Bogota,alquiler de carros bogota,0,3,"0,00",0 COP,"0,00 %",—,0 COP,"0,00 %","50,00 %"
alquiler de carros por dias,Concordancia amplia,Nada,Búsqueda,Bogota,alquiler de carros bogota,0,5,"0,00",0 COP,"0,00 %",—,0 COP,"20,00 %","80,00 %"
alquiler de carros por horas,Concordancia amplia,Nada,Búsqueda,Bogota,alquiler de carros bogota,0,1,"0,00",0 COP,"0,00 %",—,0 COP,"0,00 %","100,00 %"
alquiler de carros por mes,Concordancia amplia,Nada,Búsqueda,Bogota,alquiler de carros bogota,0,1,"0,00",0 COP,"0,00 %",—,0 COP,"0,00 %","0,00 %"
alquiler de carros por un dia,Concordancia amplia,Nada,Búsqueda,Bogota,alquiler de carros bogota,0,4,"0,00",0 COP,"0,00 %",—,0 COP,"0,00 %","100,00 %"
alquiler de carros rent a car,Concordancia amplia,Nada,Búsqueda,Bogota,alquiler de carros bogota,0,3,"0,00",0 COP,"0,00 %",—,0 COP,"0,00 %","50,00 %"
alquiler de carros toyota,Concordancia amplia,Nada,Búsqueda,Bogota,alquiler de carros bogota,0,1,"0,00",0 COP,"0,00 %",—,0 COP,"0,00 %","0,00 %"
alquiler de coche económico,Concordancia amplia,Nada,Búsqueda,Bogota,alquiler de carros bogota,0,2,"0,00",0 COP,"0,00 %",—,0 COP,"0,00 %","100,00 %"
alquiler de duster,Concordancia amplia,Nada,Búsqueda,Bogota,alquiler de carros bogota,0,1,"0,00",0 COP,"0,00 %",—,0 COP,"0,00 %","100,00 %"
alquiler de nissan,Concordancia amplia,Nada,Búsqueda,Bogota,alquiler de carros bogota,0,1,"0,00",0 COP,"0,00 %",—,0 COP,"0,00 %","100,00 %"
alquiler de toyota prado,Concordancia amplia,Nada,Búsqueda,Bogota,alquiler de carros bogota,0,1,"0,00",0 COP,"0,00 %",—,0 COP,"0,00 %","100,00 %"
alquiler de un carro,Concordancia amplia,Nada,Búsqueda,Bogota,alquiler de carros bogota,0,5,"0,00",0 COP,"0,00 %",—,0 COP,"0,00 %","60,00 %"
alquiler de vehiculos baratos,Concordancia amplia,Nada,Búsqueda,Bogota,alquiler de carros bogota,0,7,"0,00",0 COP,"0,00 %",—,0 COP,"0,00 %","100,00 %"
alquiler de vehiculos economicos,Concordancia amplia,Nada,Búsqueda,Bogota,alquiler de carros bogota,0,1,"0,00",0 COP,"0,00 %",—,0 COP,"0,00 %","100,00 %"
alquiler de vehiculos por dias,Concordancia amplia,Nada,Búsqueda,Bogota,alquiler de carros bogota,0,1,"0,00",0 COP,"0,00 %",—,0 COP,"0,00 %","100,00 %"
alquiler de vehiculos por horas,Concordancia amplia,Nada,Búsqueda,Bogota,alquiler de carros bogota,0,2,"0,00",0 COP,"0,00 %",—,0 COP,"0,00 %","100,00 %"
alquiler de vehículos en el aeropuerto,Concordancia amplia,Nada,Búsqueda,Bogota,alquiler de carros bogota,0,2,"0,00",0 COP,"0,00 %",—,0 COP,"0,00 %","100,00 %"
alquiler de vehículos por días,Concordancia amplia,Nada,Búsqueda,Bogota,alquiler de carros bogota,0,1,"0,00",0 COP,"0,00 %",—,0 COP,"0,00 %","100,00 %"
alquiler duster,Concordancia amplia,Nada,Búsqueda,Bogota,alquiler de carros bogota,0,1,"0,00",0 COP,"0,00 %",—,0 COP,"100,00 %","100,00 %"
alquiler duster 4x4,Concordancia amplia,Nada,Búsqueda,Bogota,alquiler de carros bogota,0,1,"0,00",0 COP,"0,00 %",—,0 COP,"0,00 %","100,00 %"
alquiler kangoo,Concordancia amplia,Nada,Búsqueda,Bogota,alquiler de carros bogota,0,1,"0,00",0 COP,"0,00 %",—,0 COP,"0,00 %","100,00 %"
alquiler kangoo por dia,Concordancia amplia,Nada,Búsqueda,Bogota,alquiler de carros bogota,0,1,"0,00",0 COP,"0,00 %",—,0 COP,"0,00 %","100,00 %"
alquiler toyota,Concordancia amplia,Nada,Búsqueda,Bogota,alquiler de carros bogota,0,1,"0,00",0 COP,"0,00 %",—,0 COP,"0,00 %","0,00 %"
alquiler toyota fortuner,Concordancia amplia,Nada,Búsqueda,Bogota,alquiler de carros bogota,0,1,"0,00",0 COP,"0,00 %",—,0 COP,"0,00 %","100,00 %"
alquiler toyota hilux 4x4,Concordancia amplia,Nada,Búsqueda,Bogota,alquiler de carros bogota,0,3,"0,00",0 COP,"0,00 %",—,0 COP,"0,00 %","100,00 %"
alquiler toyota prado,Concordancia amplia,Nada,Búsqueda,Bogota,alquiler de carros bogota,0,2,"0,00",0 COP,"0,00 %",—,0 COP,"0,00 %","50,00 %"
alquiler vehiculo,Concordancia amplia,Nada,Búsqueda,Bogota,alquiler de carros bogota,0,6,"0,00",0 COP,"0,00 %",—,0 COP,"0,00 %","66,67 %"
alquiler vehiculo cerca de mi,Concordancia amplia,Nada,Búsqueda,Bogota,alquiler de carros bogota,0,2,"0,00",0 COP,"0,00 %",—,0 COP,"0,00 %","100,00 %"
alquiler vehiculo por dias,Concordancia amplia,Nada,Búsqueda,Bogota,alquiler de carros bogota,0,1,"0,00",0 COP,"0,00 %",—,0 COP,"0,00 %","0,00 %"
alquiler vehiculos aeropuerto,Concordancia amplia,Nada,Búsqueda,Bogota,alquiler de carros bogota,0,2,"0,00",0 COP,"0,00 %",—,0 COP,"0,00 %","50,00 %"
alquiler vehículos,Concordancia amplia,Nada,Búsqueda,Bogota,alquiler de carros bogota,0,3,"0,00",0 COP,"0,00 %",—,0 COP,"0,00 %","100,00 %"
alquileres de autos,Concordancia amplia,Nada,Búsqueda,Bogota,alquiler de carros bogota,0,5,"0,00",0 COP,"0,00 %",—,0 COP,"0,00 %","75,00 %"
america car central,Concordancia amplia,Nada,Búsqueda,Bogota,alquiler de carros bogota,0,1,"0,00",0 COP,"0,00 %",—,0 COP,"0,00 %","100,00 %"
american renta car,Concordancia amplia,Nada,Búsqueda,Bogota,alquiler de carros bogota,0,1,"0,00",0 COP,"0,00 %",—,0 COP,"0,00 %","0,00 %"
aplicacion arriendo de autos,Concordancia amplia,Nada,Búsqueda,Bogota,alquiler de carros bogota,0,1,"0,00",0 COP,"0,00 %",—,0 COP,"0,00 %","100,00 %"
aplicacion para alquiler de autos,Concordancia amplia,Nada,Búsqueda,Bogota,alquiler de carros bogota,0,1,"0,00",0 COP,"0,00 %",—,0 COP,"0,00 %","0,00 %"
aplicaciones para alquiler de coches,Concordancia amplia,Nada,Búsqueda,Bogota,alquiler de carros bogota,0,1,"0,00",0 COP,"0,00 %",—,0 COP,"0,00 %","100,00 %"
aplicaciones para rentar carros,Concordancia amplia,Nada,Búsqueda,Bogota,alquiler de carros bogota,0,2,"0,00",0 COP,"0,00 %",—,0 COP,"0,00 %","50,00 %"
app alquiler de autos,Concordancia amplia,Nada,Búsqueda,Bogota,alquiler de carros bogota,0,1,"0,00",0 COP,"0,00 %",—,0 COP,"0,00 %","100,00 %"
app alquiler de carros,Concordancia amplia,Nada,Búsqueda,Bogota,alquiler de carros bogota,0,1,"0,00",0 COP,"0,00 %",—,0 COP,"0,00 %","100,00 %"
app para rentar carro,Concordancia amplia,Nada,Búsqueda,Bogota,alquiler de carros bogota,0,1,"0,00",0 COP,"0,00 %",—,0 COP,"0,00 %","100,00 %"
apps para rentar autos,Concordancia amplia,Nada,Búsqueda,Bogota,alquiler de carros bogota,0,1,"0,00",0 COP,"0,00 %",—,0 COP,"0,00 %","0,00 %"
arrenda car,Concordancia amplia,Nada,Búsqueda,Bogota,alquiler de carros bogota,0,2,"0,00",0 COP,"0,00 %",—,0 COP,"0,00 %","100,00 %"
arrendamiento carro,Concordancia amplia,Nada,Búsqueda,Bogota,alquiler de carros bogota,0,1,"0,00",0 COP,"0,00 %",—,0 COP,"0,00 %","0,00 %"
arrendamiento de carro,Concordancia amplia,Nada,Búsqueda,Bogota,alquiler de carros bogota,0,1,"0,00",0 COP,"0,00 %",—,0 COP,"0,00 %","100,00 %"
arrendamiento de vehiculo,Concordancia amplia,Nada,Búsqueda,Bogota,alquiler de carros bogota,0,2,"0,00",0 COP,"0,00 %",—,0 COP,"0,00 %","100,00 %"
arrendamiento de vehiculos,Concordancia amplia,Nada,Búsqueda,Bogota,alquiler de carros bogota,0,2,"0,00",0 COP,"0,00 %",—,0 COP,"50,00 %","50,00 %"
arrendar auto,Concordancia amplia,Nada,Búsqueda,Bogota,alquiler de carros bogota,0,3,"0,00",0 COP,"0,00 %",—,0 COP,"0,00 %","33,33 %"
arrendar camioneta,Concordancia amplia,Nada,Búsqueda,Bogota,alquiler de carros bogota,0,1,"0,00",0 COP,"0,00 %",—,0 COP,"0,00 %","0,00 %"
arrendar carro,Concordancia amplia,Nada,Búsqueda,Bogota,alquiler de carros bogota,0,4,"0,00",0 COP,"0,00 %",—,0 COP,"0,00 %","75,00 %"
arrendar un vehiculo,Concordancia amplia,Nada,Búsqueda,Bogota,alquiler de carros bogota,0,1,"0,00",0 COP,"0,00 %",—,0 COP,"0,00 %","0,00 %"
arriendo auto,Concordancia amplia,Nada,Búsqueda,Bogota,alquiler de carros bogota,0,1,"0,00",0 COP,"0,00 %",—,0 COP,"100,00 %","100,00 %"
arriendo autos,Concordancia amplia,Nada,Búsqueda,Bogota,alquiler de carros bogota,0,3,"0,00",0 COP,"0,00 %",—,0 COP,"0,00 %","100,00 %"
arriendo carro,Concordancia amplia,Nada,Búsqueda,Bogota,alquiler de carros bogota,0,4,"0,00",0 COP,"0,00 %",—,0 COP,"0,00 %","75,00 %"
arriendo carros,Concordancia amplia,Nada,Búsqueda,Bogota,alquiler de carros bogota,0,1,"0,00",0 COP,"0,00 %",—,0 COP,"0,00 %","100,00 %"
arriendo de carro,Concordancia amplia,Nada,Búsqueda,Bogota,alquiler de carros bogota,0,1,"0,00",0 COP,"0,00 %",—,0 COP,"100,00 %","100,00 %"
arriendo de carros,Concordancia amplia,Nada,Búsqueda,Bogota,alquiler de carros bogota,0,6,"0,00",0 COP,"0,00 %",—,0 COP,"0,00 %","40,00 %"
arriendo de un auto,Concordancia amplia,Nada,Búsqueda,Bogota,alquiler de carros bogota,0,1,"0,00",0 COP,"0,00 %",—,0 COP,"0,00 %","100,00 %"
arriendo de vehículo,Concordancia amplia,Nada,Búsqueda,Bogota,alquiler de carros bogota,0,1,"0,00",0 COP,"0,00 %",—,0 COP,"0,00 %","100,00 %"
arriendo vehiculos,Concordancia amplia,Nada,Búsqueda,Bogota,alquiler de carros bogota,0,1,"0,00",0 COP,"0,00 %",—,0 COP,"0,00 %","100,00 %"
auto mieten bogota,Concordancia amplia,Nada,Búsqueda,Bogota,alquiler de carros bogota,0,1,"0,00",0 COP,"0,00 %",—,0 COP,"0,00 %","0,00 %"
autos en renta,Concordancia amplia,Nada,Búsqueda,Bogota,alquiler de carros bogota,0,1,"0,00",0 COP,"0,00 %",—,0 COP,"0,00 %","0,00 %"
avianca alquiler de autos,Concordancia amplia,Nada,Búsqueda,Bogota,alquiler de carros bogota,0,1,"0,00",0 COP,"0,00 %",—,0 COP,"0,00 %","0,00 %"
ayg rent a car,Concordancia amplia,Nada,Búsqueda,Bogota,alquiler de carros bogota,0,2,"0,00",0 COP,"0,00 %",—,0 COP,"0,00 %","100,00 %"
baratisimo rent a car,Concordancia amplia,Nada,Búsqueda,Bogota,alquiler de carros bogota,0,1,"0,00",0 COP,"0,00 %",—,0 COP,"0,00 %","100,00 %"
blin renta car ltda,Concordancia amplia,Nada,Búsqueda,Bogota,alquiler de carros bogota,0,2,"0,00",0 COP,"0,00 %",—,0 COP,"0,00 %","50,00 %"
bogota medellin carro,Concordancia amplia,Nada,Búsqueda,Bogota,alquiler de carros bogota,0,2,"0,00",0 COP,"0,00 %",—,0 COP,"0,00 %","100,00 %"
camioneta en alquiler,Concordancia amplia,Nada,Búsqueda,Bogota,alquiler de carros bogota,0,6,"0,00",0 COP,"0,00 %",—,0 COP,"33,33 %","100,00 %"
camioneta en renta para 8 personas,Concordancia amplia,Nada,Búsqueda,Bogota,alquiler de carros bogota,0,1,"0,00",0 COP,"0,00 %",—,0 COP,"0,00 %","0,00 %"
para alquilar un carro que se necesita,Concordancia amplia,Nada,Búsqueda,Medellin,alquiler de carros en medellin,0,2,"0,00",0 COP,"0,00 %",—,0 COP,"0,00 %","50,00 %"
play rent a car,Concordancia amplia,Nada,Búsqueda,Medellin,alquiler de carros en medellin,0,1,"0,00",0 COP,"0,00 %",—,0 COP,"100,00 %","100,00 %"
precio alquiler de carro,Concordancia amplia,Nada,Búsqueda,Medellin,alquiler de carros en medellin,0,1,"0,00",0 COP,"0,00 %",—,0 COP,"0,00 %","0,00 %"
rencar,Concordancia amplia,Nada,Búsqueda,Medellin,alquiler de carros en medellin,0,8,"0,00",0 COP,"0,00 %",—,0 COP,"12,50 %","100,00 %"
rencard,Concordancia amplia,Nada,Búsqueda,Medellin,alquiler de carros en medellin,0,1,"0,00",0 COP,"0,00 %",—,0 COP,"0,00 %","100,00 %"
rencart,Concordancia amplia,Nada,Búsqueda,Medellin,alquiler de carros en medellin,0,1,"0,00",0 COP,"0,00 %",—,0 COP,"0,00 %","100,00 %"
rent,Concordancia amplia,Nada,Búsqueda,Medellin,alquiler de carros en medellin,0,1,"0,00",0 COP,"0,00 %",—,0 COP,"100,00 %","100,00 %"
rent a car copacabana,Concordancia amplia,Nada,Búsqueda,Medellin,alquiler de carros en medellin,0,1,"0,00",0 COP,"0,00 %",—,0 COP,"0,00 %","100,00 %"
renta autos col,Concordancia amplia,Nada,Búsqueda,Medellin,alquiler de carros en medellin,0,6,"0,00",0 COP,"0,00 %",—,0 COP,"0,00 %","80,00 %"
renta camioneta 7 pasajeros,Concordancia amplia,Nada,Búsqueda,Medellin,alquiler de carros en medellin,0,1,"0,00",0 COP,"0,00 %",—,0 COP,"0,00 %","100,00 %"
renta car express,Concordancia amplia,Nada,Búsqueda,Medellin,alquiler de carros en medellin,0,1,"0,00",0 COP,"0,00 %",—,0 COP,"0,00 %","0,00 %"
renta carro,Concordancia amplia,Nada,Búsqueda,Medellin,alquiler de carros en medellin,0,4,"0,00",0 COP,"0,00 %",—,0 COP,"0,00 %","33,33 %"
renta de auto,Concordancia amplia,Nada,Búsqueda,Medellin,alquiler de carros en medellin,0,1,"0,00",0 COP,"0,00 %",—,0 COP,"0,00 %","0,00 %"
renta de autos,Concordancia amplia,Nada,Búsqueda,Medellin,alquiler de carros en medellin,0,2,"0,00",0 COP,"0,00 %",—,0 COP,"0,00 %","100,00 %"
renta de carros,Concordancia amplia,Nada,Búsqueda,Medellin,alquiler de carros en medellin,0,18,"0,00",0 COP,"0,00 %",—,0 COP,"0,00 %","64,71 %"
renta de carros cerca de mi,Concordancia amplia,Nada,Búsqueda,Medellin,alquiler de carros en medellin,0,2,"0,00",0 COP,"0,00 %",—,0 COP,"0,00 %","50,00 %"
renta de carros economicos,Concordancia amplia,Nada,Búsqueda,Medellin,alquiler de carros en medellin,0,1,"0,00",0 COP,"0,00 %",—,0 COP,"0,00 %","100,00 %"
renta tu auto,Concordancia amplia,Nada,Búsqueda,Medellin,alquiler de carros en medellin,0,1,"0,00",0 COP,"0,00 %",—,0 COP,"0,00 %","100,00 %"
renta vehiculos,Concordancia amplia,Nada,Búsqueda,Medellin,alquiler de carros en medellin,0,2,"0,00",0 COP,"0,00 %",—,0 COP,"0,00 %","50,00 %"
rentacar aeropuerto,Concordancia amplia,Nada,Búsqueda,Medellin,alquiler de carros en medellin,0,2,"0,00",0 COP,"0,00 %",—,0 COP,"0,00 %","100,00 %"
rentacarmedellin co,Concordancia amplia,Nada,Búsqueda,Medellin,alquiler de carros en medellin,0,1,"0,00",0 COP,"0,00 %",—,0 COP,"100,00 %","100,00 %"
rentadora de carros,Concordancia amplia,Nada,Búsqueda,Medellin,alquiler de carros en medellin,0,2,"0,00",0 COP,"0,00 %",—,0 COP,"0,00 %","100,00 %"
rentadoras,Concordancia amplia,Nada,Búsqueda,Medellin,alquiler de carros en medellin,0,1,"0,00",0 COP,"0,00 %",—,0 COP,"0,00 %","100,00 %"
rentautoscol,Concordancia amplia,Nada,Búsqueda,Medellin,alquiler de carros en medellin,0,1,"0,00",0 COP,"0,00 %",—,0 COP,"0,00 %","100,00 %"
renticar,Concordancia amplia,Nada,Búsqueda,Medellin,alquiler de carros en medellin,0,2,"0,00",0 COP,"0,00 %",—,0 COP,"0,00 %","100,00 %"
tarifas alquiler de autos,Concordancia amplia,Nada,Búsqueda,Medellin,alquiler de carros en medellin,0,1,"0,00",0 COP,"0,00 %",—,0 COP,"0,00 %","100,00 %"
universorentacar,Concordancia amplia,Nada,Búsqueda,Medellin,alquiler de carros en medellin,0,2,"0,00",0 COP,"0,00 %",—,0 COP,"0,00 %","100,00 %"
vehiculo para rentar,Concordancia amplia,Nada,Búsqueda,Medellin,alquiler de carros en medellin,0,1,"0,00",0 COP,"0,00 %",—,0 COP,"0,00 %","0,00 %"
vehiculos en alquiler,Concordancia amplia,Nada,Búsqueda,Medellin,alquiler de carros en medellin,0,1,"0,00",0 COP,"0,00 %",—,0 COP,"0,00 %","100,00 %"
alquila renta de autos medellin,Concordancia exacta (ligera variación),Nada,Búsqueda,Medellin,alquiler de carros en medellin,0,1,"0,00",0 COP,"0,00 %",—,0 COP,"0,00 %","100,00 %"
alquilar auto en medellin,Concordancia exacta (ligera variación),Nada,Búsqueda,Medellin,alquiler de carros en medellin,0,2,"0,00",0 COP,"0,00 %",—,0 COP,"0,00 %","100,00 %"
alquilar carro en medellin precio,Concordancia exacta (ligera variación),Nada,Búsqueda,Medellin,alquiler de carros en medellin,0,1,"0,00",0 COP,"0,00 %",—,0 COP,"0,00 %","0,00 %"
alquilar carros en medellin,Concordancia exacta (ligera variación),Nada,Búsqueda,Medellin,alquiler de carros en medellin,0,1,"0,00",0 COP,"0,00 %",—,0 COP,"0,00 %","0,00 %"
alquilar carros medellin,Concordancia exacta (ligera variación),Nada,Búsqueda,Medellin,alquiler de carros en medellin,0,3,"0,00",0 COP,"0,00 %",—,0 COP,"0,00 %","33,33 %"
alquilar vehiculo en medellin,Concordancia exacta (ligera variación),Nada,Búsqueda,Medellin,alquiler de carros en medellin,0,2,"0,00",0 COP,"0,00 %",—,0 COP,"0,00 %","50,00 %"
alquiler auto medellin,Concordancia exacta (ligera variación),Nada,Búsqueda,Medellin,alquiler de carros en medellin,0,3,"0,00",0 COP,"0,00 %",—,0 COP,"0,00 %","50,00 %"
alquiler autos medellín,Concordancia exacta (ligera variación),Nada,Búsqueda,Medellin,alquiler de carros en medellin,0,2,"0,00",0 COP,"0,00 %",—,0 COP,"0,00 %","0,00 %"
alquiler carro en medellin,Concordancia exacta (ligera variación),Nada,Búsqueda,Medellin,alquiler de carros en medellin,0,6,"0,00",0 COP,"0,00 %",—,0 COP,"0,00 %","80,00 %"
alquiler carro en medellin colombia,Concordancia exacta (ligera variación),Nada,Búsqueda,Medellin,alquiler de carros en medellin,0,2,"0,00",0 COP,"0,00 %",—,0 COP,"0,00 %","100,00 %"
alquiler carro medellin precios,Concordancia exacta (ligera variación),Nada,Búsqueda,Medellin,alquiler de carros en medellin,0,2,"0,00",0 COP,"0,00 %",—,0 COP,"0,00 %","100,00 %"
alquiler carro medellín,Concordancia exacta (ligera variación),Nada,Búsqueda,Medellin,alquiler de carros en medellin,0,2,"0,00",0 COP,"0,00 %",—,0 COP,"0,00 %","50,00 %"
alquiler carros en medellin colombia,Concordancia exacta (ligera variación),Nada,Búsqueda,Medellin,alquiler de carros en medellin,0,1,"0,00",0 COP,"0,00 %",—,0 COP,"0,00 %","0,00 %"
alquiler carros medellin colombia,Concordancia exacta (ligera variación),Nada,Búsqueda,Medellin,alquiler de carros en medellin,0,1,"0,00",0 COP,"0,00 %",—,0 COP,"0,00 %","0,00 %"
alquiler coche medellin,Concordancia exacta (ligera variación),Nada,Búsqueda,Medellin,alquiler de carros en medellin,0,2,"0,00",0 COP,"0,00 %",—,0 COP,"0,00 %","100,00 %"
alquiler de autos en medellin,Concordancia exacta (ligera variación),Nada,Búsqueda,Medellin,alquiler de carros en medellin,0,4,"0,00",0 COP,"0,00 %",—,0 COP,"0,00 %","33,33 %"
alquiler de autos en medellín,Concordancia exacta (ligera variación),Nada,Búsqueda,Medellin,alquiler de carros en medellin,0,4,"0,00",0 COP,"0,00 %",—,0 COP,"0,00 %","100,00 %"
alquiler de autos medellin,Concordancia exacta (ligera variación),Nada,Búsqueda,Medellin,alquiler de carros en medellin,0,23,"0,00",0 COP,"0,00 %",—,0 COP,"5,26 %","52,63 %"
alquiler de autos medellín,Concordancia exacta (ligera variación),Nada,Búsqueda,Medellin,alquiler de carros en medellin,0,3,"0,00",0 COP,"0,00 %",—,0 COP,"0,00 %","100,00 %"
alquiler de carro en medellin colombia,Concordancia exacta (ligera variación),Nada,Búsqueda,Medellin,alquiler de carros en medellin,0,2,"0,00",0 COP,"0,00 %",—,0 COP,"0,00 %","50,00 %"
alquiler de carro en medellín,Concordancia exacta (ligera variación),Nada,Búsqueda,Medellin,alquiler de carros en medellin,0,1,"0,00",0 COP,"0,00 %",—,0 COP,"0,00 %","100,00 %"
alquiler de carros baratos en medellin,Concordancia exacta (ligera variación),Nada,Búsqueda,Medellin,alquiler de carros en medellin,0,1,"0,00",0 COP,"0,00 %",—,0 COP,"0,00 %","0,00 %"
alquiler de carros en medellin baratos,Concordancia exacta (ligera variación),Nada,Búsqueda,Medellin,alquiler de carros en medellin,0,1,"0,00",0 COP,"0,00 %",—,0 COP,"0,00 %","100,00 %"
alquiler de carros en medellín por días,Concordancia exacta (ligera variación),Nada,Búsqueda,Medellin,alquiler de carros en medellin,0,6,"0,00",0 COP,"0,00 %",—,0 COP,"0,00 %","66,67 %"
alquiler de carros en medellín precios,Concordancia exacta (ligera variación),Nada,Búsqueda,Medellin,alquiler de carros en medellin,0,3,"0,00",0 COP,"0,00 %",—,0 COP,"0,00 %","50,00 %"
alquiler de carros medellin precios,Concordancia exacta (ligera variación),Nada,Búsqueda,Medellin,alquiler de carros en medellin,0,7,"0,00",0 COP,"0,00 %",—,0 COP,"0,00 %","28,57 %"
alquiler de coche en medellin,Concordancia exacta (ligera variación),Nada,Búsqueda,Medellin,alquiler de carros en medellin,0,2,"0,00",0 COP,"0,00 %",—,0 COP,"0,00 %","100,00 %"
alquiler de coches en medellin,Concordancia exacta (ligera variación),Nada,Búsqueda,Medellin,alquiler de carros en medellin,0,1,"0,00",0 COP,"0,00 %",—,0 COP,"0,00 %","100,00 %"
alquiler de coches en medellin colombia,Concordancia exacta (ligera variación),Nada,Búsqueda,Medellin,alquiler de carros en medellin,0,1,"0,00",0 COP,"0,00 %",—,0 COP,"0,00 %","0,00 %"
alquiler de vehiculo medellin,Concordancia exacta (ligera variación),Nada,Búsqueda,Medellin,alquiler de carros en medellin,0,2,"0,00",0 COP,"0,00 %",—,0 COP,"0,00 %","100,00 %"
alquiler de vehículo en medellín,Concordancia exacta (ligera variación),Nada,Búsqueda,Medellin,alquiler de carros en medellin,0,3,"0,00",0 COP,"0,00 %",—,0 COP,"0,00 %","66,67 %"
alquiler de vehículos en medellín,Concordancia exacta (ligera variación),Nada,Búsqueda,Medellin,alquiler de carros en medellin,0,7,"0,00",0 COP,"0,00 %",—,0 COP,"0,00 %","28,57 %"
alquiler de vehículos medellin,Concordancia exacta (ligera variación),Nada,Búsqueda,Medellin,alquiler de carros en medellin,0,1,"0,00",0 COP,"0,00 %",—,0 COP,"0,00 %","0,00 %"
alquiler de vehículos medellín,Concordancia exacta (ligera variación),Nada,Búsqueda,Medellin,alquiler de carros en medellin,0,2,"0,00",0 COP,"0,00 %",—,0 COP,"0,00 %","0,00 %"
alquiler vehiculo en medellin,Concordancia exacta (ligera variación),Nada,Búsqueda,Medellin,alquiler de carros en medellin,0,1,"0,00",0 COP,"0,00 %",—,0 COP,"0,00 %","0,00 %"
alquiler vehículos medellin,Concordancia exacta (ligera variación),Nada,Búsqueda,Medellin,alquiler de carros en medellin,0,1,"0,00",0 COP,"0,00 %",—,0 COP,"0,00 %","0,00 %"
alquileres de carros en medellin,Concordancia exacta (ligera variación),Nada,Búsqueda,Medellin,alquiler de carros en medellin,0,1,"0,00",0 COP,"0,00 %",—,0 COP,"0,00 %","100,00 %"
arrendar carro medellin,Concordancia exacta (ligera variación),Nada,Búsqueda,Medellin,alquiler de carros en medellin,0,3,"0,00",0 COP,"0,00 %",—,0 COP,"0,00 %","50,00 %"
arriendo carro medellin,Concordancia exacta (ligera variación),Nada,Búsqueda,Medellin,alquiler de carros en medellin,0,2,"0,00",0 COP,"0,00 %",—,0 COP,"0,00 %","100,00 %"
arriendo carros medellin,Concordancia exacta (ligera variación),Nada,Búsqueda,Medellin,alquiler de carros en medellin,0,1,"0,00",0 COP,"0,00 %",—,0 COP,"0,00 %","0,00 %"
arriendo de auto en medellin,Concordancia exacta (ligera variación),Nada,Búsqueda,Medellin,alquiler de carros en medellin,0,1,"0,00",0 COP,"0,00 %",—,0 COP,"0,00 %","100,00 %"
autos en alquiler medellin,Concordancia exacta (ligera variación),Nada,Búsqueda,Medellin,alquiler de carros en medellin,0,1,"0,00",0 COP,"0,00 %",—,0 COP,"0,00 %","0,00 %"
car rental medellin,Concordancia exacta (ligera variación),Nada,Búsqueda,Medellin,alquiler de carros en medellin,0,6,"0,00",0 COP,"0,00 %",—,0 COP,"0,00 %","50,00 %"
car rental medellín,Concordancia exacta (ligera variación),Nada,Búsqueda,Medellin,alquiler de carros en medellin,0,2,"0,00",0 COP,"0,00 %",—,0 COP,"0,00 %","0,00 %"
carro alquiler medellin,Concordancia exacta (ligera variación),Nada,Búsqueda,Medellin,alquiler de carros en medellin,0,4,"0,00",0 COP,"0,00 %",—,0 COP,"0,00 %","50,00 %"
carro en alquiler medellin,Concordancia exacta (ligera variación),Nada,Búsqueda,Medellin,alquiler de carros en medellin,0,3,"0,00",0 COP,"0,00 %",—,0 COP,"0,00 %","33,33 %"
carros alquilados medellin,Concordancia exacta (ligera variación),Nada,Búsqueda,Medellin,alquiler de carros en medellin,0,1,"0,00",0 COP,"0,00 %",—,0 COP,"0,00 %","0,00 %"
carros alquiler medellin,Concordancia exacta (ligera variación),Nada,Búsqueda,Medellin,alquiler de carros en medellin,0,9,"0,00",0 COP,"0,00 %",—,0 COP,"0,00 %","71,43 %"
carros en alquiler en medellin,Concordancia exacta (ligera variación),Nada,Búsqueda,Medellin,alquiler de carros en medellin,0,1,"0,00",0 COP,"0,00 %",—,0 COP,"0,00 %","0,00 %"
carros en alquiler medellin,Concordancia exacta (ligera variación),Nada,Búsqueda,Medellin,alquiler de carros en medellin,0,3,"0,00",0 COP,"0,00 %",—,0 COP,"0,00 %","33,33 %"
carros rentados medellin,Concordancia exacta (ligera variación),Nada,Búsqueda,Medellin,alquiler de carros en medellin,0,2,"0,00",0 COP,"0,00 %",—,0 COP,"0,00 %","100,00 %"
cuanto vale alquilar un carro en medellin,Concordancia exacta (ligera variación),Nada,Búsqueda,Medellin,alquiler de carros en medellin,0,1,"0,00",0 COP,"0,00 %",—,0 COP,"0,00 %","100,00 %"
cuanto vale rentar un carro en medellin,Concordancia exacta (ligera variación),Nada,Búsqueda,Medellin,alquiler de carros en medellin,0,1,"0,00",0 COP,"0,00 %",—,0 COP,"0,00 %","100,00 %"
donde alquilar carros en medellin,Concordancia exacta (ligera variación),Nada,Búsqueda,Medellin,alquiler de carros en medellin,0,2,"0,00",0 COP,"0,00 %",—,0 COP,"0,00 %","100,00 %"
donde rentar carros en medellin,Concordancia exacta (ligera variación),Nada,Búsqueda,Medellin,alquiler de carros en medellin,0,2,"0,00",0 COP,"0,00 %",—,0 COP,"100,00 %","100,00 %"
medellin alquiler de carros,Concordancia exacta (ligera variación),Nada,Búsqueda,Medellin,alquiler de carros en medellin,0,1,"0,00",0 COP,"0,00 %",—,0 COP,"0,00 %","100,00 %"
medellin rent a car,Concordancia exacta (ligera variación),Nada,Búsqueda,Medellin,alquiler de carros en medellin,0,4,"0,00",0 COP,"0,00 %",—,0 COP,"33,33 %","100,00 %"
rent a car medellin alquiler de carros en medellin antioquia,Concordancia exacta (ligera variación),Nada,Búsqueda,Medellin,alquiler de carros en medellin,0,1,"0,00",0 COP,"0,00 %",—,0 COP,"0,00 %","100,00 %"
rent a car medellin colombia,Concordancia exacta (ligera variación),Nada,Búsqueda,Medellin,alquiler de carros en medellin,0,1,"0,00",0 COP,"0,00 %",—,0 COP,"0,00 %","0,00 %"
rent a car medellín,Concordancia exacta (ligera variación),Nada,Búsqueda,Medellin,alquiler de carros en medellin,0,6,"0,00",0 COP,"0,00 %",—,0 COP,"0,00 %","60,00 %"
rent car medellín,Concordancia exacta (ligera variación),Nada,Búsqueda,Medellin,alquiler de carros en medellin,0,1,"0,00",0 COP,"0,00 %",—,0 COP,"0,00 %","100,00 %"
renta auto medellin,Concordancia exacta (ligera variación),Nada,Búsqueda,Medellin,alquiler de carros en medellin,0,1,"0,00",0 COP,"0,00 %",—,0 COP,"0,00 %","0,00 %"
renta car en medellin,Concordancia exacta (ligera variación),Nada,Búsqueda,Medellin,alquiler de carros en medellin,0,1,"0,00",0 COP,"0,00 %",—,0 COP,"0,00 %","100,00 %"
renta carros medellín,Concordancia exacta (ligera variación),Nada,Búsqueda,Medellin,alquiler de carros en medellin,0,1,"0,00",0 COP,"0,00 %",—,0 COP,"0,00 %","0,00 %"
renta cars medellin,Concordancia exacta (ligera variación),Nada,Búsqueda,Medellin,alquiler de carros en medellin,0,3,"0,00",0 COP,"0,00 %",—,0 COP,"0,00 %","66,67 %"
renta de autos en medellin,Concordancia exacta (ligera variación),Nada,Búsqueda,Medellin,alquiler de carros en medellin,0,5,"0,00",0 COP,"0,00 %",—,0 COP,"0,00 %","40,00 %"
renta de carro medellin,Concordancia exacta (ligera variación),Nada,Búsqueda,Medellin,alquiler de carros en medellin,0,6,"0,00",0 COP,"0,00 %",—,0 COP,"0,00 %","40,00 %"
renta de carros en medellín,Concordancia exacta (ligera variación),Nada,Búsqueda,Medellin,alquiler de carros en medellin,0,1,"0,00",0 COP,"0,00 %",—,0 COP,"0,00 %","0,00 %"
renta vehiculo medellin,Concordancia exacta (ligera variación),Nada,Búsqueda,Medellin,alquiler de carros en medellin,0,2,"0,00",0 COP,"0,00 %",—,0 COP,"50,00 %","50,00 %"
renta vehiculos medellin,Concordancia exacta (ligera variación),Nada,Búsqueda,Medellin,alquiler de carros en medellin,0,9,"0,00",0 COP,"0,00 %",—,0 COP,"0,00 %","33,33 %"
rentacar en medellin,Concordancia exacta (ligera variación),Nada,Búsqueda,Medellin,alquiler de carros en medellin,0,6,"0,00",0 COP,"0,00 %",—,0 COP,"0,00 %","50,00 %"
rentacar medellin,Concordancia exacta (ligera variación),Nada,Búsqueda,Medellin,alquiler de carros en medellin,0,1,"0,00",0 COP,"0,00 %",—,0 COP,"0,00 %","0,00 %"
rentacar medellín,Concordancia exacta (ligera variación),Nada,Búsqueda,Medellin,alquiler de carros en medellin,0,21,"0,00",0 COP,"0,00 %",—,0 COP,"10,53 %","42,11 %"
rentadora de carros medellin,Concordancia exacta (ligera variación),Nada,Búsqueda,Medellin,alquiler de carros en medellin,0,1,"0,00",0 COP,"0,00 %",—,0 COP,"0,00 %","100,00 %"
rentadoras de carros en medellin,Concordancia exacta (ligera variación),Nada,Búsqueda,Medellin,alquiler de carros en medellin,0,1,"0,00",0 COP,"0,00 %",—,0 COP,"0,00 %","0,00 %"
rentar auto en medellin,Concordancia exacta (ligera variación),Nada,Búsqueda,Medellin,alquiler de carros en medellin,0,1,"0,00",0 COP,"0,00 %",—,0 COP,"0,00 %","0,00 %"
rentar carro en medellin,Concordancia exacta (ligera variación),Nada,Búsqueda,Medellin,alquiler de carros en medellin,0,8,"0,00",0 COP,"0,00 %",—,0 COP,"0,00 %","25,00 %"
rentar carro en medellin colombia,Concordancia exacta (ligera variación),Nada,Búsqueda,Medellin,alquiler de carros en medellin,0,2,"0,00",0 COP,"0,00 %",—,0 COP,"0,00 %","100,00 %"
rentar carros en medellin,Concordancia exacta (ligera variación),Nada,Búsqueda,Medellin,alquiler de carros en medellin,0,5,"0,00",0 COP,"0,00 %",—,0 COP,"0,00 %","60,00 %"
rentar carros medellin,Concordancia exacta (ligera variación),Nada,Búsqueda,Medellin,alquiler de carros en medellin,0,9,"0,00",0 COP,"0,00 %",—,0 COP,"0,00 %","42,86 %"
rentar un carro medellin,Concordancia exacta (ligera variación),Nada,Búsqueda,Medellin,alquiler de carros en medellin,0,2,"0,00",0 COP,"0,00 %",—,0 COP,"100,00 %","100,00 %"
rentar vehiculo en medellin,Concordancia exacta (ligera variación),Nada,Búsqueda,Medellin,alquiler de carros en medellin,0,2,"0,00",0 COP,"0,00 %",—,0 COP,"50,00 %","100,00 %"
rentas de carros en medellin,Concordancia exacta (ligera variación),Nada,Búsqueda,Medellin,alquiler de carros en medellin,0,5,"0,00",0 COP,"0,00 %",—,0 COP,"0,00 %","50,00 %"
rentas de carros medellin,Concordancia exacta (ligera variación),Nada,Búsqueda,Medellin,alquiler de carros en medellin,0,1,"0,00",0 COP,"0,00 %",—,0 COP,"0,00 %","0,00 %"
alquiler camioneta 7 puestos medellín,Concordancia de frase (ligera variación),Nada,Búsqueda,Medellin,alquiler de carros en medellin,0,1,"0,00",0 COP,"0,00 %",—,0 COP,"0,00 %","100,00 %"
alquiler carro 7 puestos medellin,Concordancia de frase (ligera variación),Nada,Búsqueda,Medellin,alquiler de carros en medellin,0,1,"0,00",0 COP,"0,00 %",—,0 COP,"0,00 %","100,00 %"
alquiler carro medellin aeropuerto,Concordancia de frase (ligera variación),Nada,Búsqueda,Medellin,alquiler de carros en medellin,0,4,"0,00",0 COP,"0,00 %",—,0 COP,"0,00 %","50,00 %"
alquiler carro mensual medellin,Concordancia de frase (ligera variación),Nada,Búsqueda,Medellin,alquiler de carros en medellin,0,1,"0,00",0 COP,"0,00 %",—,0 COP,"0,00 %","0,00 %"
alquiler carros medellin economicos,Concordancia de frase (ligera variación),Nada,Búsqueda,Medellin,alquiler de carros en medellin,0,4,"0,00",0 COP,"0,00 %",—,0 COP,"0,00 %","100,00 %"
alquiler de autos economicos en medellin,Concordancia de frase (ligera variación),Nada,Búsqueda,Medellin,alquiler de carros en medellin,0,3,"0,00",0 COP,"0,00 %",—,0 COP,"0,00 %","0,00 %"
alquiler de autos medellin aeropuerto,Concordancia de frase (ligera variación),Nada,Búsqueda,Medellin,alquiler de carros en medellin,0,1,"0,00",0 COP,"0,00 %",—,0 COP,"0,00 %","0,00 %"
alquiler de camionetas en medellin,Concordancia de frase (ligera variación),Nada,Búsqueda,Medellin,alquiler de carros en medellin,0,2,"0,00",0 COP,"0,00 %",—,0 COP,"0,00 %","0,00 %"
alquiler de camionetas medellín,Concordancia de frase (ligera variación),Nada,Búsqueda,Medellin,alquiler de carros en medellin,0,4,"0,00",0 COP,"0,00 %",—,0 COP,"50,00 %","100,00 %"
alquiler de carros aeropuerto medellin,Concordancia de frase (ligera variación),Nada,Búsqueda,Medellin,alquiler de carros en medellin,0,1,"0,00",0 COP,"0,00 %",—,0 COP,"0,00 %","0,00 %"
app para rentar autos,Concordancia amplia,Nada,Búsqueda,Cartagena unica Airport,alquiler de carros en cartagena,0,1,"0,00",0 COP,"0,00 %",—,0 COP,"0,00 %","100,00 %"
arrendamiento de carro,Concordancia amplia,Nada,Búsqueda,Cartagena unica Airport,alquiler de carros en cartagena,0,1,"0,00",0 COP,"0,00 %",—,0 COP,"0,00 %","0,00 %"
arrendamiento de vehiculos,Concordancia amplia,Nada,Búsqueda,Cartagena unica Airport,alquiler de carros en cartagena,0,1,"0,00",0 COP,"0,00 %",—,0 COP,"0,00 %","100,00 %"
arrendamiento de vehículos,Concordancia amplia,Nada,Búsqueda,Cartagena unica Airport,alquiler de carros en cartagena,0,1,"0,00",0 COP,"0,00 %",—,0 COP,"0,00 %","0,00 %"
arrendar carro,Concordancia amplia,Nada,Búsqueda,Cartagena unica Airport,alquiler de carros en cartagena,0,2,"0,00",0 COP,"0,00 %",—,0 COP,"0,00 %","100,00 %"
arriendo de carros,Concordancia amplia,Nada,Búsqueda,Cartagena unica Airport,alquiler de carros en cartagena,0,1,"0,00",0 COP,"0,00 %",—,0 COP,"0,00 %","100,00 %"
autos arrendamiento,Concordancia amplia,Nada,Búsqueda,Cartagena unica Airport,alquiler de carros en cartagena,0,1,"0,00",0 COP,"0,00 %",—,0 COP,"0,00 %","100,00 %"
autos cartagena,Concordancia amplia,Nada,Búsqueda,Cartagena unica Airport,alquiler de carros en cartagena,0,1,"0,00",0 COP,"0,00 %",—,0 COP,"0,00 %","100,00 %"
autos en alquiler,Concordancia amplia,Nada,Búsqueda,Cartagena unica Airport,alquiler de carros en cartagena,0,1,"0,00",0 COP,"0,00 %",—,0 COP,"0,00 %","100,00 %"
camioneta para alquilar,Concordancia amplia,Nada,Búsqueda,Cartagena unica Airport,alquiler de carros en cartagena,0,1,"0,00",0 COP,"0,00 %",—,0 COP,"0,00 %","0,00 %"
car rent,Concordancia amplia,Nada,Búsqueda,Cartagena unica Airport,alquiler de carros en cartagena,0,1,"0,00",0 COP,"0,00 %",—,0 COP,"0,00 %","100,00 %"
car rental,Concordancia amplia,Nada,Búsqueda,Cartagena unica Airport,alquiler de carros en cartagena,0,1,"0,00",0 COP,"0,00 %",—,0 COP,"0,00 %","0,00 %"
car rental cartagena,Concordancia amplia,Nada,Búsqueda,Cartagena unica Airport,alquiler de carros en cartagena,0,3,"0,00",0 COP,"0,00 %",—,0 COP,"0,00 %","50,00 %"
car rental in cartagena colombia,Concordancia amplia,Nada,Búsqueda,Cartagena unica Airport,alquiler de carros en cartagena,0,2,"0,00",0 COP,"0,00 %",—,0 COP,"0,00 %","100,00 %"
carro alquiler,Concordancia amplia,Nada,Búsqueda,Cartagena unica Airport,alquiler de carros en cartagena,0,1,"0,00",0 COP,"0,00 %",—,0 COP,"0,00 %","0,00 %"
carro cartagena,Concordancia amplia,Nada,Búsqueda,Cartagena unica Airport,alquiler de carros en cartagena,0,6,"0,00",0 COP,"0,00 %",—,0 COP,"0,00 %","83,33 %"
carros baratos cartagena,Concordancia amplia,Nada,Búsqueda,Cartagena unica Airport,alquiler de carros en cartagena,0,1,"0,00",0 COP,"0,00 %",—,0 COP,"0,00 %","0,00 %"
carros en renta,Concordancia amplia,Nada,Búsqueda,Cartagena unica Airport,alquiler de carros en cartagena,0,2,"0,00",0 COP,"0,00 %",—,0 COP,"50,00 %","100,00 %"
cartagena rent a car,Concordancia amplia,Nada,Búsqueda,Cartagena unica Airport,alquiler de carros en cartagena,0,2,"0,00",0 COP,"0,00 %",—,0 COP,"0,00 %","100,00 %"
coches en cartagena,Concordancia amplia,Nada,Búsqueda,Cartagena unica Airport,alquiler de carros en cartagena,0,1,"0,00",0 COP,"0,00 %",—,0 COP,"0,00 %","100,00 %"
como rentar un carro en colombia,Concordancia amplia,Nada,Búsqueda,Cartagena unica Airport,alquiler de carros en cartagena,0,2,"0,00",0 COP,"0,00 %",—,0 COP,"0,00 %","100,00 %"
cotizar rent a car,Concordancia amplia,Nada,Búsqueda,Cartagena unica Airport,alquiler de carros en cartagena,0,1,"0,00",0 COP,"0,00 %",—,0 COP,"0,00 %","100,00 %"
cuanto cuesta alquilar un carro en colombia,Concordancia amplia,Nada,Búsqueda,Cartagena unica Airport,alquiler de carros en cartagena,0,1,"0,00",0 COP,"0,00 %",—,0 COP,"0,00 %","100,00 %"
cuanto cuesta un alquiler de carro en colombia,Concordancia amplia,Nada,Búsqueda,Cartagena unica Airport,alquiler de carros en cartagena,0,1,"0,00",0 COP,"0,00 %",—,0 COP,"0,00 %","100,00 %"
cuanto vale alquilar un carro en colombia,Concordancia amplia,Nada,Búsqueda,Cartagena unica Airport,alquiler de carros en cartagena,0,1,"0,00",0 COP,"0,00 %",—,0 COP,"0,00 %","100,00 %"
cuanto vale rentar un auto,Concordancia amplia,Nada,Búsqueda,Cartagena unica Airport,alquiler de carros en cartagena,0,1,"0,00",0 COP,"0,00 %",—,0 COP,"0,00 %","100,00 %"
cuanto vale un alquiler de un carro en colombia,Concordancia amplia,Nada,Búsqueda,Cartagena unica Airport,alquiler de carros en cartagena,0,2,"0,00",0 COP,"0,00 %",—,0 COP,"0,00 %","100,00 %"
cuánto vale el alquiler de un carro en colombia,Concordancia amplia,Nada,Búsqueda,Cartagena unica Airport,alquiler de carros en cartagena,0,1,"0,00",0 COP,"0,00 %",—,0 COP,"0,00 %","100,00 %"
empresa de alquiler de carros,Concordancia amplia,Nada,Búsqueda,Cartagena unica Airport,alquiler de carros en cartagena,0,1,"0,00",0 COP,"0,00 %",—,0 COP,"0,00 %","100,00 %"
empresa de transporte en cartagena,Concordancia amplia,Nada,Búsqueda,Cartagena unica Airport,alquiler de carros en cartagena,0,1,"0,00",0 COP,"0,00 %",—,0 COP,"0,00 %","100,00 %"
empresas que alquilan carros,Concordancia amplia,Nada,Búsqueda,Cartagena unica Airport,alquiler de carros en cartagena,0,1,"0,00",0 COP,"0,00 %",—,0 COP,"0,00 %","100,00 %"
greenmotion colombia,Concordancia amplia,Nada,Búsqueda,Cartagena unica Airport,alquiler de carros en cartagena,0,1,"0,00",0 COP,"0,00 %",—,0 COP,"0,00 %","100,00 %"
que cuesta el alquiler de un carro,Concordancia amplia,Nada,Búsqueda,Cartagena unica Airport,alquiler de carros en cartagena,0,1,"0,00",0 COP,"0,00 %",—,0 COP,"0,00 %","100,00 %"
que se necesita para alquilar un carro en colombia,Concordancia amplia,Nada,Búsqueda,Cartagena unica Airport,alquiler de carros en cartagena,0,1,"0,00",0 COP,"0,00 %",—,0 COP,"0,00 %","100,00 %"
que vale alquilar un carro,Concordancia amplia,Nada,Búsqueda,Cartagena unica Airport,alquiler de carros en cartagena,0,1,"0,00",0 COP,"0,00 %",—,0 COP,"0,00 %","100,00 %"
rating colombia alquiler de carros,Concordancia amplia,Nada,Búsqueda,Cartagena unica Airport,alquiler de carros en cartagena,0,1,"0,00",0 COP,"0,00 %",—,0 COP,"0,00 %","0,00 %"
rencar,Concordancia amplia,Nada,Búsqueda,Cartagena unica Airport,alquiler de carros en cartagena,0,3,"0,00",0 COP,"0,00 %",—,0 COP,"50,00 %","100,00 %"
rent car com,Concordancia amplia,Nada,Búsqueda,Cartagena unica Airport,alquiler de carros en cartagena,0,1,"0,00",0 COP,"0,00 %",—,0 COP,"0,00 %","100,00 %"
rent cartagena,Concordancia amplia,Nada,Búsqueda,Cartagena unica Airport,alquiler de carros en cartagena,0,1,"0,00",0 COP,"0,00 %",—,0 COP,"100,00 %","100,00 %"
renta autos,Concordancia amplia,Nada,Búsqueda,Cartagena unica Airport,alquiler de carros en cartagena,0,1,"0,00",0 COP,"0,00 %",—,0 COP,"0,00 %","100,00 %"
renta carro,Concordancia amplia,Nada,Búsqueda,Cartagena unica Airport,alquiler de carros en cartagena,0,1,"0,00",0 COP,"0,00 %",—,0 COP,"0,00 %","100,00 %"
renta carros,Concordancia amplia,Nada,Búsqueda,Cartagena unica Airport,alquiler de carros en cartagena,0,3,"0,00",0 COP,"0,00 %",—,0 COP,"33,33 %","100,00 %"
renta cars,Concordancia amplia,Nada,Búsqueda,Cartagena unica Airport,alquiler de carros en cartagena,0,1,"0,00",0 COP,"0,00 %",—,0 COP,"0,00 %","100,00 %"
renta de auto,Concordancia amplia,Nada,Búsqueda,Cartagena unica Airport,alquiler de carros en cartagena,0,1,"0,00",0 COP,"0,00 %",—,0 COP,"0,00 %","100,00 %"
renta de autos,Concordancia amplia,Nada,Búsqueda,Cartagena unica Airport,alquiler de carros en cartagena,0,1,"0,00",0 COP,"0,00 %",—,0 COP,"0,00 %","100,00 %"
renta de carro,Concordancia amplia,Nada,Búsqueda,Cartagena unica Airport,alquiler de carros en cartagena,0,4,"0,00",0 COP,"0,00 %",—,0 COP,"0,00 %","75,00 %"
renta de carro en colombia,Concordancia amplia,Nada,Búsqueda,Cartagena unica Airport,alquiler de carros en cartagena,0,1,"0,00",0 COP,"0,00 %",—,0 COP,"0,00 %","100,00 %"
renta de carros cerca de mi,Concordancia amplia,Nada,Búsqueda,Cartagena unica Airport,alquiler de carros en cartagena,0,4,"0,00",0 COP,"0,00 %",—,0 COP,"50,00 %","100,00 %"
renta de carros cerca de mi ubicación,Concordancia amplia,Nada,Búsqueda,Cartagena unica Airport,alquiler de carros en cartagena,0,2,"0,00",0 COP,"0,00 %",—,0 COP,"0,00 %","100,00 %"
renta de carros cerca de mí,Concordancia amplia,Nada,Búsqueda,Cartagena unica Airport,alquiler de carros en cartagena,0,1,"0,00",0 COP,"0,00 %",—,0 COP,"0,00 %","100,00 %"
renta de vehiculos,Concordancia amplia,Nada,Búsqueda,Cartagena unica Airport,alquiler de carros en cartagena,0,3,"0,00",0 COP,"0,00 %",—,0 COP,"0,00 %","100,00 %"
rentadora de carro,Concordancia amplia,Nada,Búsqueda,Cartagena unica Airport,alquiler de carros en cartagena,0,1,"0,00",0 COP,"0,00 %",—,0 COP,"0,00 %","100,00 %"
rental car,Concordancia amplia,Nada,Búsqueda,Cartagena unica Airport,alquiler de carros en cartagena,0,3,"0,00",0 COP,"0,00 %",—,0 COP,"0,00 %","66,67 %"
rental cars,Concordancia amplia,Nada,Búsqueda,Cartagena unica Airport,alquiler de carros en cartagena,0,1,"0,00",0 COP,"0,00 %",—,0 COP,"0,00 %","100,00 %"
rental colombia,Concordancia amplia,Nada,Búsqueda,Cartagena unica Airport,alquiler de carros en cartagena,0,1,"0,00",0 COP,"0,00 %",—,0 COP,"100,00 %","100,00 %"
rentalcar,Concordancia amplia,Nada,Búsqueda,Cartagena unica Airport,alquiler de carros en cartagena,0,3,"0,00",0 COP,"0,00 %",—,0 COP,"0,00 %","100,00 %"
rentar carro cerca de mi,Concordancia amplia,Nada,Búsqueda,Cartagena unica Airport,alquiler de carros en cartagena,0,1,"0,00",0 COP,"0,00 %",—,0 COP,"0,00 %","100,00 %"
rentar carro colombia,Concordancia amplia,Nada,Búsqueda,Cartagena unica Airport,alquiler de carros en cartagena,0,1,"0,00",0 COP,"0,00 %",—,0 COP,"0,00 %","100,00 %"
rentas de autos,Concordancia amplia,Nada,Búsqueda,Cartagena unica Airport,alquiler de carros en cartagena,0,1,"0,00",0 COP,"0,00 %",—,0 COP,"0,00 %","100,00 %"
rentautos,Concordancia amplia,Nada,Búsqueda,Cartagena unica Airport,alquiler de carros en cartagena,0,1,"0,00",0 COP,"0,00 %",—,0 COP,"0,00 %","0,00 %"
rents,Concordancia amplia,Nada,Búsqueda,Cartagena unica Airport,alquiler de carros en cartagena,0,1,"0,00",0 COP,"0,00 %",—,0 COP,"100,00 %","100,00 %"
requisitos para alquilar un carro en colombia,Concordancia amplia,Nada,Búsqueda,Cartagena unica Airport,alquiler de carros en cartagena,0,1,"0,00",0 COP,"0,00 %",—,0 COP,"0,00 %","100,00 %"
sm renta,Concordancia amplia,Nada,Búsqueda,Cartagena unica Airport,alquiler de carros en cartagena,0,1,"0,00",0 COP,"0,00 %",—,0 COP,"0,00 %","0,00 %"
su auto cartagena,Concordancia amplia,Nada,Búsqueda,Cartagena unica Airport,alquiler de carros en cartagena,0,2,"0,00",0 COP,"0,00 %",—,0 COP,"0,00 %","100,00 %"
super auto cartagena,Concordancia amplia,Nada,Búsqueda,Cartagena unica Airport,alquiler de carros en cartagena,0,1,"0,00",0 COP,"0,00 %",—,0 COP,"0,00 %","100,00 %"
transporte cartagena,Concordancia amplia,Nada,Búsqueda,Cartagena unica Airport,alquiler de carros en cartagena,0,3,"0,00",0 COP,"0,00 %",—,0 COP,"0,00 %","0,00 %"
transporte en cartagena,Concordancia amplia,Nada,Búsqueda,Cartagena unica Airport,alquiler de carros en cartagena,0,2,"0,00",0 COP,"0,00 %",—,0 COP,"0,00 %","100,00 %"
transportes en cartagena,Concordancia amplia,Nada,Búsqueda,Cartagena unica Airport,alquiler de carros en cartagena,0,1,"0,00",0 COP,"0,00 %",—,0 COP,"0,00 %","0,00 %"
turollrentacar,Concordancia amplia,Nada,Búsqueda,Cartagena unica Airport,alquiler de carros en cartagena,0,4,"0,00",0 COP,"0,00 %",—,0 COP,"66,67 %","100,00 %"
vaya rent a car,Concordancia amplia,Nada,Búsqueda,Cartagena unica Airport,alquiler de carros en cartagena,0,1,"0,00",0 COP,"0,00 %",—,0 COP,"0,00 %","0,00 %"
vehiculos alquiler baratos,Concordancia amplia,Nada,Búsqueda,Cartagena unica Airport,alquiler de carros en cartagena,0,1,"0,00",0 COP,"0,00 %",—,0 COP,"100,00 %","100,00 %"
alquilar auto cartagena,Concordancia exacta (ligera variación),Nada,Búsqueda,Cartagena unica Airport,alquiler de carros en cartagena,0,3,"0,00",0 COP,"0,00 %",—,0 COP,"0,00 %","100,00 %"
alquilar coche cartagena,Concordancia exacta (ligera variación),Nada,Búsqueda,Cartagena unica Airport,alquiler de carros en cartagena,0,1,"0,00",0 COP,"0,00 %",—,0 COP,"0,00 %","100,00 %"
alquilar coche en cartagena,Concordancia exacta (ligera variación),Nada,Búsqueda,Cartagena unica Airport,alquiler de carros en cartagena,0,1,"0,00",0 COP,"0,00 %",—,0 COP,"0,00 %","100,00 %"
alquiler auto en cartagena,Concordancia exacta (ligera variación),Nada,Búsqueda,Cartagena unica Airport,alquiler de carros en cartagena,0,2,"0,00",0 COP,"0,00 %",—,0 COP,"0,00 %","100,00 %"
alquiler autos cartagena,Concordancia exacta (ligera variación),Nada,Búsqueda,Cartagena unica Airport,alquiler de carros en cartagena,0,15,"0,00",0 COP,"0,00 %",—,0 COP,"0,00 %","100,00 %"
alquiler coche cartagena,Concordancia exacta (ligera variación),Nada,Búsqueda,Cartagena unica Airport,alquiler de carros en cartagena,0,4,"0,00",0 COP,"0,00 %",—,0 COP,"33,33 %","100,00 %"
alquiler coche en cartagena,Concordancia exacta (ligera variación),Nada,Búsqueda,Cartagena unica Airport,alquiler de carros en cartagena,0,1,"0,00",0 COP,"0,00 %",—,0 COP,"0,00 %","100,00 %"
alquiler coches cartagena,Concordancia exacta (ligera variación),Nada,Búsqueda,Cartagena unica Airport,alquiler de carros en cartagena,0,2,"0,00",0 COP,"0,00 %",—,0 COP,"0,00 %","100,00 %"
alquiler de auto cartagena,Concordancia exacta (ligera variación),Nada,Búsqueda,Cartagena unica Airport,alquiler de carros en cartagena,0,4,"0,00",0 COP,"0,00 %",—,0 COP,"0,00 %","75,00 %"
alquiler de automoviles en cartagena,Concordancia exacta (ligera variación),Nada,Búsqueda,Cartagena unica Airport,alquiler de carros en cartagena,0,1,"0,00",0 COP,"0,00 %",—,0 COP,"0,00 %","100,00 %"
alquiler de carro en cartagena precio,Concordancia exacta (ligera variación),Nada,Búsqueda,Cartagena unica Airport,alquiler de carros en cartagena,0,3,"0,00",0 COP,"0,00 %",—,0 COP,"0,00 %","50,00 %"
alquiler de carros baratos en cartagena,Concordancia exacta (ligera variación),Nada,Búsqueda,Cartagena unica Airport,alquiler de carros en cartagena,0,3,"0,00",0 COP,"0,00 %",—,0 COP,"50,00 %","50,00 %"
alquiler de coche cartagena,Concordancia exacta (ligera variación),Nada,Búsqueda,Cartagena unica Airport,alquiler de carros en cartagena,0,1,"0,00",0 COP,"0,00 %",—,0 COP,"0,00 %","0,00 %"
alquiler de coche en cartagena,Concordancia exacta (ligera variación),Nada,Búsqueda,Cartagena unica Airport,alquiler de carros en cartagena,0,2,"0,00",0 COP,"0,00 %",—,0 COP,"0,00 %","50,00 %"
alquiler de vehículo en cartagena,Concordancia exacta (ligera variación),Nada,Búsqueda,Cartagena unica Airport,alquiler de carros en cartagena,0,3,"0,00",0 COP,"0,00 %",—,0 COP,"0,00 %","66,67 %"
auto cartagena,Concordancia exacta (ligera variación),Nada,Búsqueda,Cartagena unica Airport,alquiler de carros en cartagena,0,1,"0,00",0 COP,"0,00 %",—,0 COP,"0,00 %","100,00 %"
carros alquiler cartagena,Concordancia exacta (ligera variación),Nada,Búsqueda,Cartagena unica Airport,alquiler de carros en cartagena,0,2,"0,00",0 COP,"0,00 %",—,0 COP,"0,00 %","100,00 %"
carros en alquiler en cartagena,Concordancia exacta (ligera variación),Nada,Búsqueda,Cartagena unica Airport,alquiler de carros en cartagena,0,1,"0,00",0 COP,"0,00 %",—,0 COP,"0,00 %","100,00 %"
cartagena alquiler de carros,Concordancia exacta (ligera variación),Nada,Búsqueda,Cartagena unica Airport,alquiler de carros en cartagena,0,1,"0,00",0 COP,"0,00 %",—,0 COP,"0,00 %","100,00 %"
cartagena rent a car,Concordancia exacta (ligera variación),Nada,Búsqueda,Cartagena unica Airport,alquiler de carros en cartagena,0,2,"0,00",0 COP,"0,00 %",—,0 COP,"0,00 %","100,00 %"
cuanto cuesta el alquiler de un carro en cartagena,Concordancia exacta (ligera variación),Nada,Búsqueda,Cartagena unica Airport,alquiler de carros en cartagena,0,1,"0,00",0 COP,"0,00 %",—,0 COP,"0,00 %","100,00 %"
cuanto vale rentar un carro en cartagena,Concordancia exacta (ligera variación),Nada,Búsqueda,Cartagena unica Airport,alquiler de carros en cartagena,0,3,"0,00",0 COP,"0,00 %",—,0 COP,"0,00 %","100,00 %"
renta carro en cartagena,Concordancia exacta (ligera variación),Nada,Búsqueda,Cartagena unica Airport,alquiler de carros en cartagena,0,3,"0,00",0 COP,"0,00 %",—,0 COP,"0,00 %","66,67 %"
renta de carros en cartagena precios,Concordancia exacta (ligera variación),Nada,Búsqueda,Cartagena unica Airport,alquiler de carros en cartagena,0,3,"0,00",0 COP,"0,00 %",—,0 COP,"0,00 %","66,67 %"
renta de coches cartagena,Concordancia exacta (ligera variación),Nada,Búsqueda,Cartagena unica Airport,alquiler de carros en cartagena,0,1,"0,00",0 COP,"0,00 %",—,0 COP,"0,00 %","100,00 %"
renta vehiculo cartagena,Concordancia exacta (ligera variación),Nada,Búsqueda,Cartagena unica Airport,alquiler de carros en cartagena,0,1,"0,00",0 COP,"0,00 %",—,0 COP,"0,00 %","100,00 %"
vehiculos de alquiler en cartagena,Concordancia exacta (ligera variación),Nada,Búsqueda,Cartagena unica Airport,alquiler de carros en cartagena,0,1,"0,00",0 COP,"0,00 %",—,0 COP,"0,00 %","100,00 %"
alquilar auto en cartagena de indias,Concordancia de frase (ligera variación),Nada,Búsqueda,Cartagena unica Airport,alquiler de carros en cartagena,0,1,"0,00",0 COP,"0,00 %",—,0 COP,"0,00 %","0,00 %"
alquiler autos cartagena colombia,Concordancia de frase (ligera variación),Nada,Búsqueda,Cartagena unica Airport,alquiler de carros en cartagena,0,2,"0,00",0 COP,"0,00 %",—,0 COP,"0,00 %","100,00 %"
alquiler autos en cartagena de indias,Concordancia de frase (ligera variación),Nada,Búsqueda,Cartagena unica Airport,alquiler de carros en cartagena,0,3,"0,00",0 COP,"0,00 %",—,0 COP,"0,00 %","66,67 %"
alquiler camionetas cartagena,Concordancia de frase (ligera variación),Nada,Búsqueda,Cartagena unica Airport,alquiler de carros en cartagena,0,4,"0,00",0 COP,"0,00 %",—,0 COP,"66,67 %","100,00 %"
alquiler carro cartagena colombia,Concordancia de frase (ligera variación),Nada,Búsqueda,Cartagena unica Airport,alquiler de carros en cartagena,0,4,"0,00",0 COP,"0,00 %",—,0 COP,"25,00 %","100,00 %"
alquiler carro en cartagena colombia,Concordancia de frase (ligera variación),Nada,Búsqueda,Cartagena unica Airport,alquiler de carros en cartagena,0,1,"0,00",0 COP,"0,00 %",—,0 COP,"0,00 %","100,00 %"
alquiler carros en cartagena colombia,Concordancia de frase (ligera variación),Nada,Búsqueda,Cartagena unica Airport,alquiler de carros en cartagena,0,4,"0,00",0 COP,"0,00 %",—,0 COP,"0,00 %","100,00 %"
alquiler de autos cartagena colombia,Concordancia de frase (ligera variación),Nada,Búsqueda,Cartagena unica Airport,alquiler de carros en cartagena,0,1,"0,00",0 COP,"0,00 %",—,0 COP,"0,00 %","100,00 %"
alquiler de camionetas en cartagena,Concordancia de frase (ligera variación),Nada,Búsqueda,Cartagena unica Airport,alquiler de carros en cartagena,0,2,"0,00",0 COP,"0,00 %",—,0 COP,"0,00 %","50,00 %"
alquiler de carros cartagena,Concordancia de frase (ligera variación),Añadido,Búsqueda,Cartagena unica Airport,alquiler de carros en cartagena,0,1,"0,00",0 COP,"0,00 %",—,0 COP,"0,00 %","100,00 %"
alquiler vehiculos cartagena colombia,Concordancia de frase (ligera variación),Nada,Búsqueda,Cartagena unica Airport,alquiler de carros en cartagena,0,1,"0,00",0 COP,"0,00 %",—,0 COP,"0,00 %","100,00 %"
arriendo auto cartagena de indias,Concordancia de frase (ligera variación),Nada,Búsqueda,Cartagena unica Airport,alquiler de carros en cartagena,0,1,"0,00",0 COP,"0,00 %",—,0 COP,"0,00 %","100,00 %"
cartagena rental cars,Concordancia de frase (ligera variación),Nada,Búsqueda,Cartagena unica Airport,alquiler de carros en cartagena,0,2,"0,00",0 COP,"0,00 %",—,0 COP,"0,00 %","50,00 %"
rent a car cartagena bocagrande,Concordancia de frase (ligera variación),Nada,Búsqueda,Cartagena unica Airport,alquiler de carros en cartagena,0,2,"0,00",0 COP,"0,00 %",—,0 COP,"0,00 %","100,00 %"
renta car cartagena colombia,Concordancia de frase (ligera variación),Nada,Búsqueda,Cartagena unica Airport,alquiler de carros en cartagena,0,1,"0,00",0 COP,"0,00 %",—,0 COP,"0,00 %","0,00 %"
renta carros en cartagena,Concordancia de frase (ligera variación),Nada,Búsqueda,Cartagena unica Airport,alquiler de carros en cartagena,0,2,"0,00",0 COP,"0,00 %",—,0 COP,"100,00 %","100,00 %"
renta de carro en cartagena colombia,Concordancia de frase (ligera variación),Nada,Búsqueda,Cartagena unica Airport,alquiler de carros en cartagena,0,2,"0,00",0 COP,"0,00 %",—,0 COP,"0,00 %","100,00 %"
renta de carros cartagena colombia,Concordancia de frase (ligera variación),Nada,Búsqueda,Cartagena unica Airport,alquiler de carros en cartagena,0,1,"0,00",0 COP,"0,00 %",—,0 COP,"0,00 %","100,00 %"
renta de carros en cartagena de indias,Concordancia de frase (ligera variación),Nada,Búsqueda,Cartagena unica Airport,alquiler de carros en cartagena,0,2,"0,00",0 COP,"0,00 %",—,0 COP,"0,00 %","100,00 %"
alquiler de carro en medellin aeropuerto,Concordancia de frase,Nada,Búsqueda,Medellin,alquiler de carros en medellin,0,3,"0,00",0 COP,"0,00 %",—,0 COP,"0,00 %","0,00 %"
alquiler de carros en medellin aeropuerto jose maria cordova,Concordancia de frase,Nada,Búsqueda,Medellin,alquiler de carros en medellin,0,1,"0,00",0 COP,"0,00 %",—,0 COP,"0,00 %","100,00 %"
alquiler de carros en medellin economicos,Concordancia de frase,Nada,Búsqueda,Medellin,alquiler de carros en medellin,0,3,"0,00",0 COP,"0,00 %",—,0 COP,"0,00 %","66,67 %"
alquila,Concordancia amplia,Nada,Búsqueda,Medellin,alquiler de carros en medellin,0,2,"0,00",0 COP,"0,00 %",—,0 COP,"50,00 %","100,00 %"
alquila carros,Concordancia amplia,Nada,Búsqueda,Medellin,alquiler de carros en medellin,0,1,"0,00",0 COP,"0,00 %",—,0 COP,"0,00 %","0,00 %"
alquilar autos,Concordancia amplia,Nada,Búsqueda,Medellin,alquiler de carros en medellin,0,1,"0,00",0 COP,"0,00 %",—,0 COP,"0,00 %","0,00 %"
alquilar carro,Concordancia amplia,Nada,Búsqueda,Medellin,alquiler de carros en medellin,0,9,"0,00",0 COP,"0,00 %",—,0 COP,"12,50 %","62,50 %"
alquilar carro en medellin,Concordancia amplia,Nada,Búsqueda,Medellin,alquiler de carros en medellin,0,1,"0,00",0 COP,"0,00 %",—,0 COP,"0,00 %","100,00 %"
alquilar carros,Concordancia amplia,Nada,Búsqueda,Medellin,alquiler de carros en medellin,0,1,"0,00",0 COP,"0,00 %",—,0 COP,"0,00 %","0,00 %"
alquilar un carro,Concordancia amplia,Nada,Búsqueda,Medellin,alquiler de carros en medellin,0,4,"0,00",0 COP,"0,00 %",—,0 COP,"0,00 %","33,33 %"
alquiler autos,Concordancia amplia,Nada,Búsqueda,Medellin,alquiler de carros en medellin,0,1,"0,00",0 COP,"0,00 %",—,0 COP,"0,00 %","100,00 %"
alquiler camioneta 7 puestos,Concordancia amplia,Nada,Búsqueda,Medellin,alquiler de carros en medellin,0,1,"0,00",0 COP,"0,00 %",—,0 COP,"0,00 %","0,00 %"
alquiler carro cerca de mi,Concordancia amplia,Nada,Búsqueda,Medellin,alquiler de carros en medellin,0,1,"0,00",0 COP,"0,00 %",—,0 COP,"0,00 %","0,00 %"
alquiler carro por un dia,Concordancia amplia,Nada,Búsqueda,Medellin,alquiler de carros en medellin,0,2,"0,00",0 COP,"0,00 %",—,0 COP,"0,00 %","100,00 %"
alquiler carros,Concordancia amplia,Nada,Búsqueda,Medellin,alquiler de carros en medellin,0,5,"0,00",0 COP,"0,00 %",—,0 COP,"0,00 %","50,00 %"
alquiler de auto,Concordancia amplia,Nada,Búsqueda,Medellin,alquiler de carros en medellin,0,1,"0,00",0 COP,"0,00 %",—,0 COP,"0,00 %","100,00 %"
alquiler de autos,Concordancia amplia,Nada,Búsqueda,Medellin,alquiler de carros en medellin,0,4,"0,00",0 COP,"0,00 %",—,0 COP,"0,00 %","75,00 %"
alquiler de autos baratos,Concordancia amplia,Nada,Búsqueda,Medellin,alquiler de carros en medellin,0,1,"0,00",0 COP,"0,00 %",—,0 COP,"0,00 %","100,00 %"
alquiler de camioneta,Concordancia amplia,Nada,Búsqueda,Medellin,alquiler de carros en medellin,0,1,"0,00",0 COP,"0,00 %",—,0 COP,"0,00 %","100,00 %"
alquiler de camioneta 7 puestos,Concordancia amplia,Nada,Búsqueda,Medellin,alquiler de carros en medellin,0,1,"0,00",0 COP,"0,00 %",—,0 COP,"0,00 %","100,00 %"
alquiler de camionetas,Concordancia amplia,Nada,Búsqueda,Medellin,alquiler de carros en medellin,0,1,"0,00",0 COP,"0,00 %",—,0 COP,"100,00 %","100,00 %"
alquiler de carro 7 puestos,Concordancia amplia,Nada,Búsqueda,Medellin,alquiler de carros en medellin,0,1,"0,00",0 COP,"0,00 %",—,0 COP,"0,00 %","0,00 %"
alquiler de carro barato,Concordancia amplia,Nada,Búsqueda,Medellin,alquiler de carros en medellin,0,1,"0,00",0 COP,"0,00 %",—,0 COP,"0,00 %","100,00 %"
alquiler de carros 7 puestos,Concordancia amplia,Nada,Búsqueda,Medellin,alquiler de carros en medellin,0,1,"0,00",0 COP,"0,00 %",—,0 COP,"0,00 %","0,00 %"
alquiler de carros baratos,Concordancia amplia,Nada,Búsqueda,Medellin,alquiler de carros en medellin,0,1,"0,00",0 COP,"0,00 %",—,0 COP,"0,00 %","100,00 %"
alquiler de carros cerca de mi,Concordancia amplia,Nada,Búsqueda,Medellin,alquiler de carros en medellin,0,1,"0,00",0 COP,"0,00 %",—,0 COP,"0,00 %","0,00 %"
alquiler de carros economicos,Concordancia amplia,Nada,Búsqueda,Medellin,alquiler de carros en medellin,0,2,"0,00",0 COP,"0,00 %",—,0 COP,"0,00 %","0,00 %"
alquiler de carros económicos,Concordancia amplia,Nada,Búsqueda,Medellin,alquiler de carros en medellin,0,2,"0,00",0 COP,"0,00 %",—,0 COP,"0,00 %","100,00 %"
alquiler de carros jose maria cordova,Concordancia amplia,Nada,Búsqueda,Medellin,alquiler de carros en medellin,0,3,"0,00",0 COP,"0,00 %",—,0 COP,"0,00 %","33,33 %"
alquiler de carros leo,Concordancia amplia,Nada,Búsqueda,Medellin,alquiler de carros en medellin,0,2,"0,00",0 COP,"0,00 %",—,0 COP,"0,00 %","100,00 %"
alquiler de kia sportage,Concordancia amplia,Nada,Búsqueda,Medellin,alquiler de carros en medellin,0,1,"0,00",0 COP,"0,00 %",—,0 COP,"0,00 %","0,00 %"
alquiler de vehiculos,Concordancia amplia,Nada,Búsqueda,Medellin,alquiler de carros en medellin,0,7,"0,00",0 COP,"0,00 %",—,0 COP,"0,00 %","83,33 %"
alquiler de vehiculos sin deposito,Concordancia amplia,Nada,Búsqueda,Medellin,alquiler de carros en medellin,0,1,"0,00",0 COP,"0,00 %",—,0 COP,"0,00 %","0,00 %"
alquiler de vehículos,Concordancia amplia,Nada,Búsqueda,Medellin,alquiler de carros en medellin,0,1,"0,00",0 COP,"0,00 %",—,0 COP,"0,00 %","0,00 %"
alquiler vehículo,Concordancia amplia,Nada,Búsqueda,Medellin,alquiler de carros en medellin,0,2,"0,00",0 COP,"0,00 %",—,0 COP,"0,00 %","100,00 %"
alquileres de autos,Concordancia amplia,Nada,Búsqueda,Medellin,alquiler de carros en medellin,0,2,"0,00",0 COP,"0,00 %",—,0 COP,"0,00 %","100,00 %"
app para rentar autos,Concordancia amplia,Nada,Búsqueda,Medellin,alquiler de carros en medellin,0,1,"0,00",0 COP,"0,00 %",—,0 COP,"0,00 %","100,00 %"
arrendar auto,Concordancia amplia,Nada,Búsqueda,Medellin,alquiler de carros en medellin,0,1,"0,00",0 COP,"0,00 %",—,0 COP,"0,00 %","100,00 %"
arrendar vehiculo,Concordancia amplia,Nada,Búsqueda,Medellin,alquiler de carros en medellin,0,2,"0,00",0 COP,"0,00 %",—,0 COP,"0,00 %","0,00 %"
arriendo carro,Concordancia amplia,Nada,Búsqueda,Medellin,alquiler de carros en medellin,0,1,"0,00",0 COP,"0,00 %",—,0 COP,"0,00 %","100,00 %"
arriendo carros,Concordancia amplia,Nada,Búsqueda,Medellin,alquiler de carros en medellin,0,1,"0,00",0 COP,"0,00 %",—,0 COP,"0,00 %","100,00 %"
arriendo de carros,Concordancia amplia,Nada,Búsqueda,Medellin,alquiler de carros en medellin,0,1,"0,00",0 COP,"0,00 %",—,0 COP,"0,00 %","100,00 %"
avento rent a car,Concordancia amplia,Nada,Búsqueda,Medellin,alquiler de carros en medellin,0,1,"0,00",0 COP,"0,00 %",—,0 COP,"0,00 %","100,00 %"
avento rentacar,Concordancia amplia,Nada,Búsqueda,Medellin,alquiler de carros en medellin,0,2,"0,00",0 COP,"0,00 %",—,0 COP,"100,00 %","100,00 %"
carros en alquiler,Concordancia amplia,Nada,Búsqueda,Medellin,alquiler de carros en medellin,0,1,"0,00",0 COP,"0,00 %",—,0 COP,"0,00 %","100,00 %"
como alquilar una camioneta,Concordancia amplia,Nada,Búsqueda,Medellin,alquiler de carros en medellin,0,1,"0,00",0 COP,"0,00 %",—,0 COP,"0,00 %","100,00 %"
cuanto alquilan un carro por dia,Concordancia amplia,Nada,Búsqueda,Medellin,alquiler de carros en medellin,0,1,"0,00",0 COP,"0,00 %",—,0 COP,"0,00 %","0,00 %"
driver rent a car,Concordancia amplia,Nada,Búsqueda,Medellin,alquiler de carros en medellin,0,1,"0,00",0 COP,"0,00 %",—,0 COP,"0,00 %","100,00 %"
dónde puedo rentar un auto,Concordancia amplia,Nada,Búsqueda,Medellin,alquiler de carros en medellin,0,1,"0,00",0 COP,"0,00 %",—,0 COP,"0,00 %","0,00 %"
empresas para rentar autos,Concordancia amplia,Nada,Búsqueda,Medellin,alquiler de carros en medellin,0,1,"0,00",0 COP,"0,00 %",—,0 COP,"0,00 %","0,00 %"
executive rentacar,Concordancia amplia,Nada,Búsqueda,Medellin,alquiler de carros en medellin,0,1,"0,00",0 COP,"0,00 %",—,0 COP,"0,00 %","0,00 %"
go rentacar,Concordancia amplia,Nada,Búsqueda,Medellin,alquiler de carros en medellin,0,2,"0,00",0 COP,"0,00 %",—,0 COP,"0,00 %","100,00 %"
grand renta car,Concordancia amplia,Nada,Búsqueda,Medellin,alquiler de carros en medellin,0,2,"0,00",0 COP,"0,00 %",—,0 COP,"0,00 %","50,00 %"
grandrentacar,Concordancia amplia,Nada,Búsqueda,Medellin,alquiler de carros en medellin,0,1,"0,00",0 COP,"0,00 %",—,0 COP,"0,00 %","100,00 %"
latam alquiler de autos,Concordancia amplia,Nada,Búsqueda,Medellin,alquiler de carros en medellin,0,1,"0,00",0 COP,"0,00 %",—,0 COP,"0,00 %","0,00 %"
loki alquiler de carros,Concordancia amplia,Nada,Búsqueda,Medellin,alquiler de carros en medellin,0,1,"0,00",0 COP,"0,00 %",—,0 COP,"0,00 %","100,00 %"
master rental car,Concordancia amplia,Nada,Búsqueda,Medellin,alquiler de carros en medellin,0,1,"0,00",0 COP,"0,00 %",—,0 COP,"0,00 %","0,00 %"
multi car,Concordancia amplia,Nada,Búsqueda,Medellin,alquiler de carros en medellin,0,1,"0,00",0 COP,"0,00 %",—,0 COP,"0,00 %","100,00 %"
camioneta renta,Concordancia amplia,Nada,Búsqueda,Bogota,alquiler de carros bogota,0,1,"0,00",0 COP,"0,00 %",—,0 COP,"100,00 %","100,00 %"
camionetas para alquilar sin chofer,Concordancia amplia,Nada,Búsqueda,Bogota,alquiler de carros bogota,0,1,"0,00",0 COP,"0,00 %",—,0 COP,"0,00 %","100,00 %"
car rent,Concordancia amplia,Nada,Búsqueda,Bogota,alquiler de carros bogota,0,4,"0,00",0 COP,"0,00 %",—,0 COP,"33,33 %","66,67 %"
car rent sale,Concordancia amplia,Nada,Búsqueda,Bogota,alquiler de carros bogota,0,1,"0,00",0 COP,"0,00 %",—,0 COP,"0,00 %","0,00 %"
car rentals,Concordancia amplia,Nada,Búsqueda,Bogota,alquiler de carros bogota,0,1,"0,00",0 COP,"0,00 %",—,0 COP,"0,00 %","100,00 %"
carrent,Concordancia amplia,Nada,Búsqueda,Bogota,alquiler de carros bogota,0,1,"0,00",0 COP,"0,00 %",—,0 COP,"0,00 %","100,00 %"
carro,Concordancia amplia,Nada,Búsqueda,Bogota,alquiler de carros bogota,0,1,"0,00",0 COP,"0,00 %",—,0 COP,"0,00 %","100,00 %"
alquiler de autos en bogota aeropuerto,Concordancia de frase (ligera variación),Nada,Búsqueda,Bogota,alquiler de carros bogota,0,1,"0,00",0 COP,"0,00 %",—,0 COP,"0,00 %","0,00 %"
alquiler de autos en el aeropuerto el dorado bogota,Concordancia de frase (ligera variación),Nada,Búsqueda,Bogota,alquiler de carros bogota,0,1,"0,00",0 COP,"0,00 %",—,0 COP,"0,00 %","100,00 %"
alquiler de camioneta bogota,Concordancia de frase (ligera variación),Nada,Búsqueda,Bogota,alquiler de carros bogota,0,3,"0,00",0 COP,"0,00 %",—,0 COP,"0,00 %","50,00 %"
alquiler de camioneta en bogota,Concordancia de frase (ligera variación),Nada,Búsqueda,Bogota,alquiler de carros bogota,0,1,"0,00",0 COP,"0,00 %",—,0 COP,"0,00 %","0,00 %"
alquiler de camionetas 4x4 bogota,Concordancia de frase (ligera variación),Nada,Búsqueda,Bogota,alquiler de carros bogota,0,2,"0,00",0 COP,"0,00 %",—,0 COP,"0,00 %","0,00 %"
alquiler de camionetas 4x4 bogotá,Concordancia de frase (ligera variación),Nada,Búsqueda,Bogota,alquiler de carros bogota,0,1,"0,00",0 COP,"0,00 %",—,0 COP,"0,00 %","0,00 %"
alquiler de camionetas 4x4 en bogotá,Concordancia de frase (ligera variación),Nada,Búsqueda,Bogota,alquiler de carros bogota,0,2,"0,00",0 COP,"0,00 %",—,0 COP,"0,00 %","0,00 %"
alquiler de camionetas bogotá,Concordancia de frase (ligera variación),Nada,Búsqueda,Bogota,alquiler de carros bogota,0,2,"0,00",0 COP,"0,00 %",—,0 COP,"50,00 %","50,00 %"
alquiler de camionetas en bogotá,Concordancia de frase (ligera variación),Nada,Búsqueda,Bogota,alquiler de carros bogota,0,1,"0,00",0 COP,"0,00 %",—,0 COP,"0,00 %","0,00 %"
alquiler de carros aeropuerto el dorado,Concordancia de frase (ligera variación),Nada,Búsqueda,Bogota,alquiler de carros bogota,0,1,"0,00",0 COP,"0,00 %",—,0 COP,"0,00 %","0,00 %"
alquiler de vehiculos aeropuerto el dorado bogota,Concordancia de frase (ligera variación),Nada,Búsqueda,Bogota,alquiler de carros bogota,0,1,"0,00",0 COP,"0,00 %",—,0 COP,"0,00 %","100,00 %"
alquiler de vehiculos bogota,Concordancia de frase (ligera variación),Añadido,Búsqueda,Bogota,alquiler de carros bogota,0,1,"0,00",0 COP,"0,00 %",—,0 COP,"0,00 %","0,00 %"
alquiler toyota prado bogota,Concordancia de frase (ligera variación),Nada,Búsqueda,Bogota,alquiler de carros bogota,0,1,"0,00",0 COP,"0,00 %",—,0 COP,"0,00 %","0,00 %"
alquiler vehiculos bogota aeropuerto,Concordancia de frase (ligera variación),Nada,Búsqueda,Bogota,alquiler de carros bogota,0,2,"0,00",0 COP,"0,00 %",—,0 COP,"0,00 %","100,00 %"
andes auto rental bogota,Concordancia de frase (ligera variación),Nada,Búsqueda,Bogota,alquiler de carros bogota,0,1,"0,00",0 COP,"0,00 %",—,0 COP,"0,00 %","0,00 %"
camionetas en alquiler bogota,Concordancia de frase (ligera variación),Nada,Búsqueda,Bogota,alquiler de carros bogota,0,1,"0,00",0 COP,"0,00 %",—,0 COP,"0,00 %","100,00 %"
como alquilar un carro en bogota,Concordancia de frase (ligera variación),Nada,Búsqueda,Bogota,alquiler de carros bogota,0,2,"0,00",0 COP,"0,00 %",—,0 COP,"0,00 %","100,00 %"
cuanto cuesta rentar un carro en bogota,Concordancia de frase (ligera variación),Nada,Búsqueda,Bogota,alquiler de carros bogota,0,1,"0,00",0 COP,"0,00 %",—,0 COP,"0,00 %","100,00 %"
mex rent a car bogota,Concordancia de frase (ligera variación),Nada,Búsqueda,Bogota,alquiler de carros bogota,0,1,"0,00",0 COP,"0,00 %",—,0 COP,"100,00 %","100,00 %"
rent a car aeropuerto bogota,Concordancia de frase (ligera variación),Nada,Búsqueda,Bogota,alquiler de carros bogota,0,1,"0,00",0 COP,"0,00 %",—,0 COP,"0,00 %","100,00 %"
rent a car bogota aeropuerto el dorado,Concordancia de frase (ligera variación),Nada,Búsqueda,Bogota,alquiler de carros bogota,0,1,"0,00",0 COP,"0,00 %",—,0 COP,"100,00 %","100,00 %"
rent a car bogota telefono,Concordancia de frase (ligera variación),Nada,Búsqueda,Bogota,alquiler de carros bogota,0,1,"0,00",0 COP,"0,00 %",—,0 COP,"0,00 %","100,00 %"
renta de autos en bogota aeropuerto,Concordancia de frase (ligera variación),Nada,Búsqueda,Bogota,alquiler de carros bogota,0,1,"0,00",0 COP,"0,00 %",—,0 COP,"0,00 %","100,00 %"
renta de carros aeropuerto el dorado,Concordancia de frase (ligera variación),Nada,Búsqueda,Bogota,alquiler de carros bogota,0,4,"0,00",0 COP,"0,00 %",—,0 COP,"0,00 %","75,00 %"
renta de carros bogota norte,Concordancia de frase (ligera variación),Nada,Búsqueda,Bogota,alquiler de carros bogota,0,1,"0,00",0 COP,"0,00 %",—,0 COP,"0,00 %","100,00 %"
renta de carros en bogota aeropuerto,Concordancia de frase (ligera variación),Nada,Búsqueda,Bogota,alquiler de carros bogota,0,1,"0,00",0 COP,"0,00 %",—,0 COP,"0,00 %","100,00 %"
renta de carros en bogota economico,Concordancia de frase (ligera variación),Nada,Búsqueda,Bogota,alquiler de carros bogota,0,1,"0,00",0 COP,"0,00 %",—,0 COP,"0,00 %","0,00 %"
renta de carros en bogotá aeropuerto,Concordancia de frase (ligera variación),Nada,Búsqueda,Bogota,alquiler de carros bogota,0,1,"0,00",0 COP,"0,00 %",—,0 COP,"0,00 %","100,00 %"
rentadora de carros lets sas,Concordancia de frase (ligera variación),Nada,Búsqueda,Bogota,alquiler de carros bogota,0,2,"0,00",0 COP,"0,00 %",—,0 COP,"0,00 %","50,00 %"
rental cars bogota,Concordancia de frase (ligera variación),Nada,Búsqueda,Bogota,alquiler de carros bogota,0,1,"0,00",0 COP,"0,00 %",—,0 COP,"0,00 %","100,00 %"
rentar carro aeropuerto el dorado,Concordancia de frase (ligera variación),Nada,Búsqueda,Bogota,alquiler de carros bogota,0,1,"0,00",0 COP,"0,00 %",—,0 COP,"0,00 %","100,00 %"
rentar carro automatico en bogota,Concordancia de frase (ligera variación),Nada,Búsqueda,Bogota,alquiler de carros bogota,0,1,"0,00",0 COP,"0,00 %",—,0 COP,"0,00 %","100,00 %"
rentar carro bogota,Concordancia de frase (ligera variación),Añadido,Búsqueda,Bogota,alquiler de carros bogota,0,2,"0,00",0 COP,"0,00 %",—,0 COP,"0,00 %","100,00 %"
rentar carro bogota aeropuerto,Concordancia de frase (ligera variación),Nada,Búsqueda,Bogota,alquiler de carros bogota,0,1,"0,00",0 COP,"0,00 %",—,0 COP,"0,00 %","100,00 %"
alquiler de carro en manizales,Concordancia de frase,Nada,Búsqueda,Manizales,alquiler de carros manizales,0,1,"0,00",0 COP,"0,00 %",—,0 COP,"0,00 %","100,00 %"
alquilar camioneta,Concordancia amplia,Nada,Búsqueda,Manizales,alquiler de carros manizales,0,1,"0,00",0 COP,"0,00 %",—,0 COP,"0,00 %","100,00 %"
alquiler auto,Concordancia amplia,Nada,Búsqueda,Manizales,alquiler de carros manizales,0,1,"0,00",0 COP,"0,00 %",—,0 COP,"0,00 %","0,00 %"
alquiler camioneta 4x4,Concordancia amplia,Nada,Búsqueda,Manizales,alquiler de carros manizales,0,1,"0,00",0 COP,"0,00 %",—,0 COP,"0,00 %","0,00 %"
alquiler de auto por dia,Concordancia amplia,Nada,Búsqueda,Manizales,alquiler de carros manizales,0,2,"0,00",0 COP,"0,00 %",—,0 COP,"0,00 %","100,00 %"
alquiler de carro,Concordancia amplia,Nada,Búsqueda,Manizales,alquiler de carros manizales,0,5,"0,00",0 COP,"0,00 %",—,0 COP,"0,00 %","50,00 %"
alquiler de carros automaticos,Concordancia amplia,Nada,Búsqueda,Manizales,alquiler de carros manizales,0,1,"0,00",0 COP,"0,00 %",—,0 COP,"0,00 %","100,00 %"
alquiler de carros economicos,Concordancia amplia,Nada,Búsqueda,Manizales,alquiler de carros manizales,0,2,"0,00",0 COP,"0,00 %",—,0 COP,"0,00 %","100,00 %"
alquiler de vehículo,Concordancia amplia,Nada,Búsqueda,Manizales,alquiler de carros manizales,0,1,"0,00",0 COP,"0,00 %",—,0 COP,"0,00 %","100,00 %"
alquiler vehiculo,Concordancia amplia,Nada,Búsqueda,Manizales,alquiler de carros manizales,0,1,"0,00",0 COP,"0,00 %",—,0 COP,"0,00 %","100,00 %"
car rental,Concordancia amplia,Nada,Búsqueda,Manizales,alquiler de carros manizales,0,3,"0,00",0 COP,"0,00 %",—,0 COP,"50,00 %","100,00 %"
car rental manizales colombia,Concordancia amplia,Nada,Búsqueda,Manizales,alquiler de carros manizales,0,2,"0,00",0 COP,"0,00 %",—,0 COP,"0,00 %","100,00 %"
carros en alquiler,Concordancia amplia,Nada,Búsqueda,Manizales,alquiler de carros manizales,0,1,"0,00",0 COP,"0,00 %",—,0 COP,"0,00 %","0,00 %"
cotizar alquiler de auto,Concordancia amplia,Nada,Búsqueda,Manizales,alquiler de carros manizales,0,1,"0,00",0 COP,"0,00 %",—,0 COP,"0,00 %","100,00 %"
cuanto cuesta alquilar un carro,Concordancia amplia,Nada,Búsqueda,Manizales,alquiler de carros manizales,0,1,"0,00",0 COP,"0,00 %",—,0 COP,"0,00 %","100,00 %"
cuanto vale rentar un carro,Concordancia amplia,Nada,Búsqueda,Manizales,alquiler de carros manizales,0,1,"0,00",0 COP,"0,00 %",—,0 COP,"0,00 %","0,00 %"
cuánto cuesta el alquiler de un carro en colombia,Concordancia amplia,Nada,Búsqueda,Manizales,alquiler de carros manizales,0,1,"0,00",0 COP,"0,00 %",—,0 COP,"0,00 %","100,00 %"
que se necesita para arrendar un auto,Concordancia amplia,Nada,Búsqueda,Manizales,alquiler de carros manizales,0,1,"0,00",0 COP,"0,00 %",—,0 COP,"0,00 %","0,00 %"
rent a car cerca de mi,Concordancia amplia,Nada,Búsqueda,Manizales,alquiler de carros manizales,0,1,"0,00",0 COP,"0,00 %",—,0 COP,"0,00 %","100,00 %"
rent car,Concordancia amplia,Nada,Búsqueda,Manizales,alquiler de carros manizales,0,2,"0,00",0 COP,"0,00 %",—,0 COP,"0,00 %","50,00 %"
renta a car,Concordancia amplia,Nada,Búsqueda,Manizales,alquiler de carros manizales,0,1,"0,00",0 COP,"0,00 %",—,0 COP,"0,00 %","100,00 %"
renta auto,Concordancia amplia,Nada,Búsqueda,Manizales,alquiler de carros manizales,0,1,"0,00",0 COP,"0,00 %",—,0 COP,"0,00 %","100,00 %"
renta carros,Concordancia amplia,Nada,Búsqueda,Manizales,alquiler de carros manizales,0,1,"0,00",0 COP,"0,00 %",—,0 COP,"0,00 %","100,00 %"
renta de autos,Concordancia amplia,Nada,Búsqueda,Manizales,alquiler de carros manizales,0,2,"0,00",0 COP,"0,00 %",—,0 COP,"0,00 %","100,00 %"
renta de autos por mes,Concordancia amplia,Nada,Búsqueda,Manizales,alquiler de carros manizales,0,1,"0,00",0 COP,"0,00 %",—,0 COP,"0,00 %","0,00 %"
renta de carros,Concordancia amplia,Nada,Búsqueda,Manizales,alquiler de carros manizales,0,3,"0,00",0 COP,"0,00 %",—,0 COP,"0,00 %","100,00 %"
renta de carros en colombia,Concordancia amplia,Nada,Búsqueda,Manizales,alquiler de carros manizales,0,2,"0,00",0 COP,"0,00 %",—,0 COP,"0,00 %","100,00 %"
rentaauto,Concordancia amplia,Nada,Búsqueda,Manizales,alquiler de carros manizales,0,1,"0,00",0 COP,"0,00 %",—,0 COP,"0,00 %","100,00 %"
rental car near me,Concordancia amplia,Nada,Búsqueda,Manizales,alquiler de carros manizales,0,1,"0,00",0 COP,"0,00 %",—,0 COP,"0,00 %","100,00 %"
requisitos para rentar un carro,Concordancia amplia,Nada,Búsqueda,Manizales,alquiler de carros manizales,0,1,"0,00",0 COP,"0,00 %",—,0 COP,"0,00 %","100,00 %"
alquiler coche manizales,Concordancia exacta (ligera variación),Nada,Búsqueda,Manizales,alquiler de carros manizales,0,1,"0,00",0 COP,"0,00 %",—,0 COP,"0,00 %","100,00 %"
alquiler de carros en manizales colombia,Concordancia exacta (ligera variación),Nada,Búsqueda,Manizales,alquiler de carros manizales,0,2,"0,00",0 COP,"0,00 %",—,0 COP,"0,00 %","100,00 %"
arriendo carros manizales,Concordancia exacta (ligera variación),Nada,Búsqueda,Manizales,alquiler de carros manizales,0,1,"0,00",0 COP,"0,00 %",—,0 COP,"100,00 %","100,00 %"
car rentals manizales,Concordancia exacta (ligera variación),Nada,Búsqueda,Manizales,alquiler de carros manizales,0,1,"0,00",0 COP,"0,00 %",—,0 COP,"0,00 %","100,00 %"
renta auto manizales,Concordancia exacta (ligera variación),Nada,Búsqueda,Manizales,alquiler de carros manizales,0,2,"0,00",0 COP,"0,00 %",—,0 COP,"0,00 %","100,00 %"
renta de carros en manizales colombia,Concordancia exacta (ligera variación),Nada,Búsqueda,Manizales,alquiler de carros manizales,0,3,"0,00",0 COP,"0,00 %",—,0 COP,"0,00 %","100,00 %"
rentar carro en manizales,Concordancia exacta (ligera variación),Nada,Búsqueda,Manizales,alquiler de carros manizales,0,3,"0,00",0 COP,"0,00 %",—,0 COP,"0,00 %","100,00 %"
alquiler de camionetas manizales,Concordancia de frase (ligera variación),Nada,Búsqueda,Manizales,alquiler de carros manizales,0,2,"0,00",0 COP,"0,00 %",—,0 COP,"0,00 %","0,00 %"
alquilar carro en medellin,Concordancia de frase,Nada,Búsqueda,Medellin,alquiler carros medellin,0,1,"0,00",0 COP,"0,00 %",—,0 COP,"0,00 %","100,00 %"
alquiler carro mensual medellin,Concordancia de frase,Nada,Búsqueda,Medellin,alquiler carros medellin,0,1,"0,00",0 COP,"0,00 %",—,0 COP,"0,00 %","100,00 %"
alquiler carros medellin economicos,Concordancia de frase,Nada,Búsqueda,Medellin,alquiler carros medellin,0,2,"0,00",0 COP,"0,00 %",—,0 COP,"0,00 %","50,00 %"
rentacargo,Concordancia amplia,Nada,Búsqueda,Medellin,alquiler carros medellin,0,2,"0,00",0 COP,"0,00 %",—,0 COP,"0,00 %","50,00 %"
alquilar carros en medellin,Concordancia exacta (ligera variación),Nada,Búsqueda,Medellin,alquiler carros medellin,0,1,"0,00",0 COP,"0,00 %",—,0 COP,"0,00 %","0,00 %"
alquiler carro medellín,Concordancia exacta (ligera variación),Nada,Búsqueda,Medellin,alquiler carros medellin,0,2,"0,00",0 COP,"0,00 %",—,0 COP,"0,00 %","100,00 %"
alquiler de carro en medellin,Concordancia exacta (ligera variación),Nada,Búsqueda,Medellin,alquiler carros medellin,0,1,"0,00",0 COP,"0,00 %",—,0 COP,"0,00 %","100,00 %"
arriendo carro medellin,Concordancia exacta (ligera variación),Nada,Búsqueda,Medellin,alquiler carros medellin,0,1,"0,00",0 COP,"0,00 %",—,0 COP,"0,00 %","100,00 %"
carro en alquiler medellin,Concordancia exacta (ligera variación),Nada,Búsqueda,Medellin,alquiler carros medellin,0,1,"0,00",0 COP,"0,00 %",—,0 COP,"0,00 %","0,00 %"
carros en alquiler medellin,Concordancia exacta (ligera variación),Nada,Búsqueda,Medellin,alquiler carros medellin,0,2,"0,00",0 COP,"0,00 %",—,0 COP,"0,00 %","100,00 %"
alquila carro,Concordancia amplia,Nada,Búsqueda,Neiva unica Airport,alquiler de carros en neiva,0,1,"0,00",0 COP,"0,00 %",—,0 COP,"0,00 %","100,00 %"
alquilar carro,Concordancia amplia,Nada,Búsqueda,Neiva unica Airport,alquiler de carros en neiva,0,6,"0,00",0 COP,"0,00 %",—,0 COP,"0,00 %","50,00 %"
alquilar carros,Concordancia amplia,Nada,Búsqueda,Neiva unica Airport,alquiler de carros en neiva,0,1,"0,00",0 COP,"0,00 %",—,0 COP,"0,00 %","100,00 %"
alquilar vehiculos,Concordancia amplia,Nada,Búsqueda,Neiva unica Airport,alquiler de carros en neiva,0,1,"0,00",0 COP,"0,00 %",—,0 COP,"0,00 %","0,00 %"
alquiler carro,Concordancia amplia,Nada,Búsqueda,Neiva unica Airport,alquiler de carros en neiva,0,3,"0,00",0 COP,"0,00 %",—,0 COP,"0,00 %","100,00 %"
alquiler carros,Concordancia amplia,Nada,Búsqueda,Neiva unica Airport,alquiler de carros en neiva,0,2,"0,00",0 COP,"0,00 %",—,0 COP,"0,00 %","50,00 %"
alquiler vehiculos,Concordancia amplia,Nada,Búsqueda,Neiva unica Airport,alquiler de carros en neiva,0,2,"0,00",0 COP,"0,00 %",—,0 COP,"0,00 %","100,00 %"
arriendo de autos,Concordancia amplia,Nada,Búsqueda,Neiva unica Airport,alquiler de carros en neiva,0,1,"0,00",0 COP,"0,00 %",—,0 COP,"0,00 %","100,00 %"
autos en alquiler,Concordancia amplia,Nada,Búsqueda,Neiva unica Airport,alquiler de carros en neiva,0,2,"0,00",0 COP,"0,00 %",—,0 COP,"100,00 %","100,00 %"
carros de renta cercas de mi,Concordancia amplia,Nada,Búsqueda,Neiva unica Airport,alquiler de carros en neiva,0,2,"0,00",0 COP,"0,00 %",—,0 COP,"0,00 %","100,00 %"
cuanto vale alquilar un carro en colombia,Concordancia amplia,Nada,Búsqueda,Neiva unica Airport,alquiler de carros en neiva,0,3,"0,00",0 COP,"0,00 %",—,0 COP,"0,00 %","100,00 %"
cuanto vale arrendar un auto,Concordancia amplia,Nada,Búsqueda,Neiva unica Airport,alquiler de carros en neiva,0,1,"0,00",0 COP,"0,00 %",—,0 COP,"0,00 %","100,00 %"
cuanto vale la alquilada de un carro,Concordancia amplia,Nada,Búsqueda,Neiva unica Airport,alquiler de carros en neiva,0,1,"0,00",0 COP,"0,00 %",—,0 COP,"0,00 %","100,00 %"
moviliza rent a car,Concordancia amplia,Nada,Búsqueda,Neiva unica Airport,alquiler de carros en neiva,0,1,"0,00",0 COP,"0,00 %",—,0 COP,"0,00 %","100,00 %"
rent car,Concordancia amplia,Nada,Búsqueda,Neiva unica Airport,alquiler de carros en neiva,0,1,"0,00",0 COP,"0,00 %",—,0 COP,"0,00 %","100,00 %"
renta a car,Concordancia amplia,Nada,Búsqueda,Neiva unica Airport,alquiler de carros en neiva,0,1,"0,00",0 COP,"0,00 %",—,0 COP,"0,00 %","100,00 %"
renta car cerca de mi,Concordancia amplia,Nada,Búsqueda,Neiva unica Airport,alquiler de carros en neiva,0,2,"0,00",0 COP,"0,00 %",—,0 COP,"0,00 %","100,00 %"
renta carros,Concordancia amplia,Nada,Búsqueda,Neiva unica Airport,alquiler de carros en neiva,0,1,"0,00",0 COP,"0,00 %",—,0 COP,"100,00 %","100,00 %"
renta renault,Concordancia amplia,Nada,Búsqueda,Neiva unica Airport,alquiler de carros en neiva,0,1,"0,00",0 COP,"0,00 %",—,0 COP,"0,00 %","100,00 %"
rentacar,Concordancia amplia,Nada,Búsqueda,Neiva unica Airport,alquiler de carros en neiva,0,2,"0,00",0 COP,"0,00 %",—,0 COP,"50,00 %","50,00 %"
alquiler de automóviles en neiva,Concordancia exacta (ligera variación),Nada,Búsqueda,Neiva unica Airport,alquiler de carros en neiva,0,2,"0,00",0 COP,"0,00 %",—,0 COP,"0,00 %","100,00 %"
carros para rentar en neiva,Concordancia exacta (ligera variación),Nada,Búsqueda,Neiva unica Airport,alquiler de carros en neiva,0,1,"0,00",0 COP,"0,00 %",—,0 COP,"0,00 %","100,00 %"
cuanto vale el alquiler de un carro en neiva,Concordancia exacta (ligera variación),Nada,Búsqueda,Neiva unica Airport,alquiler de carros en neiva,0,1,"0,00",0 COP,"0,00 %",—,0 COP,"0,00 %","0,00 %"
alquiler carro neiva,Concordancia de frase (ligera variación),Nada,Búsqueda,Neiva unica Airport,alquiler de carros en neiva,0,1,"0,00",0 COP,"0,00 %",—,0 COP,"0,00 %","100,00 %"
alquiler carros vehículos rentacar pote neiva,Concordancia de frase (ligera variación),Nada,Búsqueda,Neiva unica Airport,alquiler de carros en neiva,0,3,"0,00",0 COP,"0,00 %",—,0 COP,"33,33 %","66,67 %"
alquiler de camionetas en neiva,Concordancia de frase (ligera variación),Nada,Búsqueda,Neiva unica Airport,alquiler de carros en neiva,0,2,"0,00",0 COP,"0,00 %",—,0 COP,"0,00 %","100,00 %"
alquilar carro,Concordancia amplia,Nada,Búsqueda,Armenia unica Airport,alquiler de carros en armenia,0,1,"0,00",0 COP,"0,00 %",—,0 COP,"0,00 %","100,00 %"
alquilar carro armenia,Concordancia amplia,Nada,Búsqueda,Armenia unica Airport,alquiler de carros en armenia,0,1,"0,00",0 COP,"0,00 %",—,0 COP,"0,00 %","100,00 %"
alquiler autos armenia,Concordancia amplia,Nada,Búsqueda,Armenia unica Airport,alquiler de carros en armenia,0,1,"0,00",0 COP,"0,00 %",—,0 COP,"0,00 %","100,00 %"
alquiler carro en armenia,Concordancia amplia,Nada,Búsqueda,Armenia unica Airport,alquiler de carros en armenia,0,2,"0,00",0 COP,"0,00 %",—,0 COP,"0,00 %","50,00 %"
alquiler de autos,Concordancia amplia,Nada,Búsqueda,Armenia unica Airport,alquiler de carros en armenia,0,1,"0,00",0 COP,"0,00 %",—,0 COP,"0,00 %","100,00 %"
alquiler de carros cerca de mi,Concordancia amplia,Nada,Búsqueda,Armenia unica Airport,alquiler de carros en armenia,0,1,"0,00",0 COP,"0,00 %",—,0 COP,"0,00 %","100,00 %"
alquiler de carros eje cafetero,Concordancia amplia,Nada,Búsqueda,Armenia unica Airport,alquiler de carros en armenia,0,2,"0,00",0 COP,"0,00 %",—,0 COP,"0,00 %","100,00 %"
alquiler vehiculo,Concordancia amplia,Nada,Búsqueda,Armenia unica Airport,alquiler de carros en armenia,0,1,"0,00",0 COP,"0,00 %",—,0 COP,"0,00 %","100,00 %"
alquiler vehiculo armenia,Concordancia amplia,Nada,Búsqueda,Armenia unica Airport,alquiler de carros en armenia,0,1,"0,00",0 COP,"0,00 %",—,0 COP,"0,00 %","100,00 %"
alquiler vehiculos,Concordancia amplia,Nada,Búsqueda,Armenia unica Airport,alquiler de carros en armenia,0,1,"0,00",0 COP,"0,00 %",—,0 COP,"0,00 %","0,00 %"
alquiler vehiculos armenia,Concordancia amplia,Nada,Búsqueda,Armenia unica Airport,alquiler de carros en armenia,0,1,"0,00",0 COP,"0,00 %",—,0 COP,"0,00 %","100,00 %"
car rental near me,Concordancia amplia,Nada,Búsqueda,Armenia unica Airport,alquiler de carros en armenia,0,2,"0,00",0 COP,"0,00 %",—,0 COP,"0,00 %","100,00 %"
carlujos renta car,Concordancia amplia,Nada,Búsqueda,Armenia unica Airport,alquiler de carros en armenia,0,2,"0,00",0 COP,"0,00 %",—,0 COP,"100,00 %","100,00 %"
carro armenia,Concordancia amplia,Nada,Búsqueda,Armenia unica Airport,alquiler de carros en armenia,0,1,"0,00",0 COP,"0,00 %",—,0 COP,"0,00 %","100,00 %"
carros armenia,Concordancia amplia,Nada,Búsqueda,Armenia unica Airport,alquiler de carros en armenia,0,1,"0,00",0 COP,"0,00 %",—,0 COP,"0,00 %","0,00 %"
carros de alquiler,Concordancia amplia,Nada,Búsqueda,Armenia unica Airport,alquiler de carros en armenia,0,2,"0,00",0 COP,"0,00 %",—,0 COP,"0,00 %","100,00 %"
carros en renta,Concordancia amplia,Nada,Búsqueda,Armenia unica Airport,alquiler de carros en armenia,0,1,"0,00",0 COP,"0,00 %",—,0 COP,"0,00 %","100,00 %"
empresas de alquiler de carros en colombia,Concordancia amplia,Nada,Búsqueda,Armenia unica Airport,alquiler de carros en armenia,0,1,"0,00",0 COP,"0,00 %",—,0 COP,"0,00 %","0,00 %"
pedro renta,Concordancia amplia,Nada,Búsqueda,Armenia unica Airport,alquiler de carros en armenia,0,1,"0,00",0 COP,"0,00 %",—,0 COP,"0,00 %","0,00 %"
rent a car in armenia colombia,Concordancia amplia,Nada,Búsqueda,Armenia unica Airport,alquiler de carros en armenia,0,1,"0,00",0 COP,"0,00 %",—,0 COP,"0,00 %","100,00 %"
rent a car near me,Concordancia amplia,Nada,Búsqueda,Armenia unica Airport,alquiler de carros en armenia,0,1,"0,00",0 COP,"0,00 %",—,0 COP,"0,00 %","100,00 %"
renta cars,Concordancia amplia,Nada,Búsqueda,Armenia unica Airport,alquiler de carros en armenia,0,1,"0,00",0 COP,"0,00 %",—,0 COP,"0,00 %","100,00 %"
renta de autos armenia,Concordancia amplia,Nada,Búsqueda,Armenia unica Airport,alquiler de carros en armenia,0,2,"0,00",0 COP,"0,00 %",—,0 COP,"0,00 %","50,00 %"
renta de autos cerca de mi,Concordancia amplia,Nada,Búsqueda,Armenia unica Airport,alquiler de carros en armenia,0,3,"0,00",0 COP,"0,00 %",—,0 COP,"0,00 %","100,00 %"
rentar carro en armenia,Concordancia amplia,Nada,Búsqueda,Armenia unica Airport,alquiler de carros en armenia,0,4,"0,00",0 COP,"0,00 %",—,0 COP,"0,00 %","50,00 %"
alquilar carro en armenia colombia,Concordancia exacta (ligera variación),Nada,Búsqueda,Armenia unica Airport,alquiler de carros en armenia,0,2,"0,00",0 COP,"0,00 %",—,0 COP,"0,00 %","50,00 %"
alquiler autos armenia,Concordancia exacta (ligera variación),Nada,Búsqueda,Armenia unica Airport,alquiler de carros en armenia,0,4,"0,00",0 COP,"0,00 %",—,0 COP,"0,00 %","75,00 %"
alquiler carro en armenia,Concordancia exacta (ligera variación),Nada,Búsqueda,Armenia unica Airport,alquiler de carros en armenia,0,1,"0,00",0 COP,"0,00 %",—,0 COP,"0,00 %","0,00 %"
alquiler coches armenia,Concordancia exacta (ligera variación),Nada,Búsqueda,Armenia unica Airport,alquiler de carros en armenia,0,1,"0,00",0 COP,"0,00 %",—,0 COP,"0,00 %","100,00 %"
alquiler vehiculo armenia,Concordancia exacta (ligera variación),Nada,Búsqueda,Armenia unica Airport,alquiler de carros en armenia,0,1,"0,00",0 COP,"0,00 %",—,0 COP,"0,00 %","100,00 %"
alquiler vehiculos armenia,Concordancia exacta (ligera variación),Nada,Búsqueda,Armenia unica Airport,alquiler de carros en armenia,0,1,"0,00",0 COP,"0,00 %",—,0 COP,"0,00 %","100,00 %"
car rent armenia,Concordancia exacta (ligera variación),Nada,Búsqueda,Armenia unica Airport,alquiler de carros en armenia,0,1,"0,00",0 COP,"0,00 %",—,0 COP,"0,00 %","100,00 %"
rent car armenia,Concordancia exacta (ligera variación),Nada,Búsqueda,Armenia unica Airport,alquiler de carros en armenia,0,1,"0,00",0 COP,"0,00 %",—,0 COP,"0,00 %","100,00 %"
renta car armenia colombia,Concordancia exacta (ligera variación),Nada,Búsqueda,Armenia unica Airport,alquiler de carros en armenia,0,3,"0,00",0 COP,"0,00 %",—,0 COP,"0,00 %","100,00 %"
renta de auto en armenia,Concordancia exacta (ligera variación),Nada,Búsqueda,Armenia unica Airport,alquiler de carros en armenia,0,1,"0,00",0 COP,"0,00 %",—,0 COP,"0,00 %","100,00 %"
renta de autos en armenia,Concordancia exacta (ligera variación),Nada,Búsqueda,Armenia unica Airport,alquiler de carros en armenia,0,2,"0,00",0 COP,"0,00 %",—,0 COP,"0,00 %","50,00 %"
alquiler auto armenia,Concordancia de frase (ligera variación),Nada,Búsqueda,Armenia unica Airport,alquiler de carros en armenia,0,1,"0,00",0 COP,"0,00 %",—,0 COP,"0,00 %","100,00 %"
alquiler carro armenia aeropuerto,Concordancia de frase (ligera variación),Nada,Búsqueda,Armenia unica Airport,alquiler de carros en armenia,0,3,"0,00",0 COP,"0,00 %",—,0 COP,"0,00 %","100,00 %"
alquiler carros en armenia,Concordancia de frase (ligera variación),Nada,Búsqueda,Armenia unica Airport,alquiler de carros en armenia,0,2,"0,00",0 COP,"0,00 %",—,0 COP,"0,00 %","100,00 %"
alquiler coche armenia colombia,Concordancia de frase (ligera variación),Nada,Búsqueda,Armenia unica Airport,alquiler de carros en armenia,0,1,"0,00",0 COP,"0,00 %",—,0 COP,"0,00 %","100,00 %"
alquiler de camionetas armenia,Concordancia de frase (ligera variación),Nada,Búsqueda,Armenia unica Airport,alquiler de carros en armenia,0,1,"0,00",0 COP,"0,00 %",—,0 COP,"0,00 %","100,00 %"
alquiler de carros aeropuerto armenia,Concordancia de frase (ligera variación),Nada,Búsqueda,Armenia unica Airport,alquiler de carros en armenia,0,1,"0,00",0 COP,"0,00 %",—,0 COP,"0,00 %","100,00 %"
alquiler de carros armenia colombia,Concordancia de frase (ligera variación),Nada,Búsqueda,Armenia unica Airport,alquiler de carros en armenia,0,2,"0,00",0 COP,"0,00 %",—,0 COP,"0,00 %","100,00 %"
renta carro armenia,Concordancia de frase (ligera variación),Nada,Búsqueda,Armenia unica Airport,alquiler de carros en armenia,0,1,"0,00",0 COP,"0,00 %",—,0 COP,"0,00 %","100,00 %"
renta de autos en armenia,Concordancia de frase (ligera variación),Nada,Búsqueda,Armenia unica Airport,alquiler de carros en armenia,0,2,"0,00",0 COP,"0,00 %",—,0 COP,"0,00 %","100,00 %"
renta de carros armenia,Concordancia de frase (ligera variación),Añadido,Búsqueda,Armenia unica Airport,alquiler de carros en armenia,0,1,"0,00",0 COP,"0,00 %",—,0 COP,"0,00 %","0,00 %"
alquiler de carro en medellin aeropuerto,Concordancia de frase,Nada,Búsqueda,Medellin,alquiler de carros medellin,0,1,"0,00",0 COP,"0,00 %",—,0 COP,"0,00 %","100,00 %"
alquiler de carros en medellin baratos,Concordancia de frase,Nada,Búsqueda,Medellin,alquiler de carros medellin,0,1,"0,00",0 COP,"0,00 %",—,0 COP,"0,00 %","100,00 %"
alquiler de carros en medellín 24 horas,Concordancia de frase,Nada,Búsqueda,Medellin,alquiler de carros medellin,0,1,"0,00",0 COP,"0,00 %",—,0 COP,"0,00 %","100,00 %"
alquiler de carros en medellín económicos precios,Concordancia de frase,Nada,Búsqueda,Medellin,alquiler de carros medellin,0,5,"0,00",0 COP,"0,00 %",—,0 COP,"0,00 %","20,00 %"
alquiler de carros en medellín por días,Concordancia de frase,Nada,Búsqueda,Medellin,alquiler de carros medellin,0,1,"0,00",0 COP,"0,00 %",—,0 COP,"0,00 %","0,00 %"
acorent,Concordancia amplia,Nada,Búsqueda,Medellin,alquiler de carros medellin,0,1,"0,00",0 COP,"0,00 %",—,0 COP,"0,00 %","100,00 %"
alquila autos,Concordancia amplia,Nada,Búsqueda,Medellin,alquiler de carros medellin,0,1,"0,00",0 COP,"0,00 %",—,0 COP,"0,00 %","100,00 %"
alquila car,Concordancia amplia,Nada,Búsqueda,Medellin,alquiler de carros medellin,0,1,"0,00",0 COP,"0,00 %",—,0 COP,"0,00 %","100,00 %"
alquila renta de autos,Concordancia amplia,Nada,Búsqueda,Medellin,alquiler de carros medellin,0,1,"0,00",0 COP,"0,00 %",—,0 COP,"0,00 %","100,00 %"
alquilar carro,Concordancia amplia,Nada,Búsqueda,Medellin,alquiler de carros medellin,0,2,"0,00",0 COP,"0,00 %",—,0 COP,"0,00 %","50,00 %"
alquilar carros,Concordancia amplia,Nada,Búsqueda,Medellin,alquiler de carros medellin,0,2,"0,00",0 COP,"0,00 %",—,0 COP,"0,00 %","50,00 %"
alquiler carro,Concordancia amplia,Nada,Búsqueda,Medellin,alquiler de carros medellin,0,1,"0,00",0 COP,"0,00 %",—,0 COP,"0,00 %","100,00 %"
alquiler carro 7 puestos,Concordancia amplia,Nada,Búsqueda,Medellin,alquiler de carros medellin,0,1,"0,00",0 COP,"0,00 %",—,0 COP,"0,00 %","100,00 %"
alquiler carro dia,Concordancia amplia,Nada,Búsqueda,Medellin,alquiler de carros medellin,0,1,"0,00",0 COP,"0,00 %",—,0 COP,"100,00 %","100,00 %"
alquiler coche,Concordancia amplia,Nada,Búsqueda,Medellin,alquiler de carros medellin,0,1,"0,00",0 COP,"0,00 %",—,0 COP,"0,00 %","100,00 %"
alquiler coches,Concordancia amplia,Nada,Búsqueda,Medellin,alquiler de carros medellin,0,1,"0,00",0 COP,"0,00 %",—,0 COP,"0,00 %","100,00 %"
alquiler coches baratos,Concordancia amplia,Nada,Búsqueda,Medellin,alquiler de carros medellin,0,1,"0,00",0 COP,"0,00 %",—,0 COP,"0,00 %","100,00 %"
alquiler de auto,Concordancia amplia,Nada,Búsqueda,Medellin,alquiler de carros medellin,0,1,"0,00",0 COP,"0,00 %",—,0 COP,"0,00 %","100,00 %"
alquiler de autos,Concordancia amplia,Nada,Búsqueda,Medellin,alquiler de carros medellin,0,5,"0,00",0 COP,"0,00 %",—,0 COP,"0,00 %","66,67 %"
alquiler de carro por dias,Concordancia amplia,Nada,Búsqueda,Medellin,alquiler de carros medellin,0,1,"0,00",0 COP,"0,00 %",—,0 COP,"0,00 %","0,00 %"
alquiler de carro por mes,Concordancia amplia,Nada,Búsqueda,Medellin,alquiler de carros medellin,0,1,"0,00",0 COP,"0,00 %",—,0 COP,"0,00 %","100,00 %"
alquiler de carro por un día,Concordancia amplia,Nada,Búsqueda,Medellin,alquiler de carros medellin,0,1,"0,00",0 COP,"0,00 %",—,0 COP,"0,00 %","0,00 %"
alquiler de carros economicos,Concordancia amplia,Nada,Búsqueda,Medellin,alquiler de carros medellin,0,1,"0,00",0 COP,"0,00 %",—,0 COP,"0,00 %","100,00 %"
alquiler de carros en el oriente antioqueño,Concordancia amplia,Nada,Búsqueda,Medellin,alquiler de carros medellin,0,1,"0,00",0 COP,"0,00 %",—,0 COP,"0,00 %","0,00 %"
alquiler de carros leo,Concordancia amplia,Nada,Búsqueda,Medellin,alquiler de carros medellin,0,1,"0,00",0 COP,"0,00 %",—,0 COP,"0,00 %","100,00 %"
alquiler de carros por días,Concordancia amplia,Nada,Búsqueda,Medellin,alquiler de carros medellin,0,1,"0,00",0 COP,"0,00 %",—,0 COP,"0,00 %","100,00 %"
alquiler de carros por horas,Concordancia amplia,Nada,Búsqueda,Medellin,alquiler de carros medellin,0,2,"0,00",0 COP,"0,00 %",—,0 COP,"0,00 %","100,00 %"
alquiler de carros por un dia,Concordancia amplia,Nada,Búsqueda,Medellin,alquiler de carros medellin,0,1,"0,00",0 COP,"0,00 %",—,0 COP,"0,00 %","100,00 %"
alquiler de vehiculos economicos,Concordancia amplia,Nada,Búsqueda,Medellin,alquiler de carros medellin,0,1,"0,00",0 COP,"0,00 %",—,0 COP,"0,00 %","0,00 %"
alquiler de vehículo,Concordancia amplia,Nada,Búsqueda,Medellin,alquiler de carros medellin,0,1,"0,00",0 COP,"0,00 %",—,0 COP,"0,00 %","0,00 %"
alquiler de vehículos cerca de mi ubicación,Concordancia amplia,Nada,Búsqueda,Medellin,alquiler de carros medellin,0,1,"0,00",0 COP,"0,00 %",—,0 COP,"0,00 %","100,00 %"
alquiler vehiculo,Concordancia amplia,Nada,Búsqueda,Medellin,alquiler de carros medellin,0,1,"0,00",0 COP,"0,00 %",—,0 COP,"0,00 %","100,00 %"
alquiler vehiculos,Concordancia amplia,Nada,Búsqueda,Medellin,alquiler de carros medellin,0,2,"0,00",0 COP,"0,00 %",—,0 COP,"0,00 %","50,00 %"
alquileres de autos,Concordancia amplia,Nada,Búsqueda,Medellin,alquiler de carros medellin,0,1,"0,00",0 COP,"0,00 %",—,0 COP,"0,00 %","0,00 %"
ao rent a car,Concordancia amplia,Nada,Búsqueda,Medellin,alquiler de carros medellin,0,1,"0,00",0 COP,"0,00 %",—,0 COP,"0,00 %","100,00 %"
app alquiler de autos,Concordancia amplia,Nada,Búsqueda,Medellin,alquiler de carros medellin,0,1,"0,00",0 COP,"0,00 %",—,0 COP,"0,00 %","0,00 %"
arrendamiento de carros,Concordancia amplia,Nada,Búsqueda,Medellin,alquiler de carros medellin,0,2,"0,00",0 COP,"0,00 %",—,0 COP,"0,00 %","100,00 %"
arrendar un auto por dia,Concordancia amplia,Nada,Búsqueda,Medellin,alquiler de carros medellin,0,1,"0,00",0 COP,"0,00 %",—,0 COP,"0,00 %","0,00 %"
arriendo carro,Concordancia amplia,Nada,Búsqueda,Medellin,alquiler de carros medellin,0,1,"0,00",0 COP,"0,00 %",—,0 COP,"0,00 %","100,00 %"
arriendo de carros,Concordancia amplia,Nada,Búsqueda,Medellin,alquiler de carros medellin,0,1,"0,00",0 COP,"0,00 %",—,0 COP,"0,00 %","100,00 %"
auto alquiler,Concordancia amplia,Nada,Búsqueda,Medellin,alquiler de carros medellin,0,1,"0,00",0 COP,"0,00 %",—,0 COP,"0,00 %","0,00 %"
requisitos para rentar un carro en colombia,Concordancia amplia,Nada,Búsqueda,Bogota,alquiler de carros bogota,0,2,"0,00",0 COP,"0,00 %",—,0 COP,"0,00 %","100,00 %"
reserva de carro,Concordancia amplia,Nada,Búsqueda,Bogota,alquiler de carros bogota,0,1,"0,00",0 COP,"0,00 %",—,0 COP,"0,00 %","100,00 %"
restacar,Concordancia amplia,Nada,Búsqueda,Bogota,alquiler de carros bogota,0,1,"0,00",0 COP,"0,00 %",—,0 COP,"0,00 %","100,00 %"
reta car,Concordancia amplia,Nada,Búsqueda,Bogota,alquiler de carros bogota,0,1,"0,00",0 COP,"0,00 %",—,0 COP,"0,00 %","100,00 %"
royalrentacar,Concordancia amplia,Nada,Búsqueda,Bogota,alquiler de carros bogota,0,1,"0,00",0 COP,"0,00 %",—,0 COP,"0,00 %","100,00 %"
security rent car,Concordancia amplia,Nada,Búsqueda,Bogota,alquiler de carros bogota,0,2,"0,00",0 COP,"0,00 %",—,0 COP,"0,00 %","100,00 %"
skala rent a car,Concordancia amplia,Nada,Búsqueda,Bogota,alquiler de carros bogota,0,1,"0,00",0 COP,"0,00 %",—,0 COP,"0,00 %","100,00 %"
sura alquiler de autos,Concordancia amplia,Nada,Búsqueda,Bogota,alquiler de carros bogota,0,1,"0,00",0 COP,"0,00 %",—,0 COP,"0,00 %","0,00 %"
t&r 4x4,Concordancia amplia,Nada,Búsqueda,Bogota,alquiler de carros bogota,0,2,"0,00",0 COP,"0,00 %",—,0 COP,"0,00 %","50,00 %"
telefono rent a car,Concordancia amplia,Nada,Búsqueda,Bogota,alquiler de carros bogota,0,1,"0,00",0 COP,"0,00 %",—,0 COP,"0,00 %","100,00 %"
telefono renta car,Concordancia amplia,Nada,Búsqueda,Bogota,alquiler de carros bogota,0,1,"0,00",0 COP,"0,00 %",—,0 COP,"0,00 %","0,00 %"
teléfono de renta car,Concordancia amplia,Nada,Búsqueda,Bogota,alquiler de carros bogota,0,1,"0,00",0 COP,"0,00 %",—,0 COP,"0,00 %","100,00 %"
tres cordilleras rental car,Concordancia amplia,Nada,Búsqueda,Bogota,alquiler de carros bogota,0,1,"0,00",0 COP,"0,00 %",—,0 COP,"0,00 %","0,00 %"
turollrentacar,Concordancia amplia,Nada,Búsqueda,Bogota,alquiler de carros bogota,0,1,"0,00",0 COP,"0,00 %",—,0 COP,"100,00 %","100,00 %"
tuvan,Concordancia amplia,Nada,Búsqueda,Bogota,alquiler de carros bogota,0,1,"0,00",0 COP,"0,00 %",—,0 COP,"0,00 %","100,00 %"
u save,Concordancia amplia,Nada,Búsqueda,Bogota,alquiler de carros bogota,0,1,"0,00",0 COP,"0,00 %",—,0 COP,"0,00 %","0,00 %"
util renta de carros,Concordancia amplia,Nada,Búsqueda,Bogota,alquiler de carros bogota,0,1,"0,00",0 COP,"0,00 %",—,0 COP,"100,00 %","100,00 %"
uttilapp,Concordancia amplia,Nada,Búsqueda,Bogota,alquiler de carros bogota,0,2,"0,00",0 COP,"0,00 %",—,0 COP,"50,00 %","100,00 %"
vehiculos alquilados,Concordancia amplia,Nada,Búsqueda,Bogota,alquiler de carros bogota,0,2,"0,00",0 COP,"0,00 %",—,0 COP,"0,00 %","100,00 %"
vehículos en alquiler,Concordancia amplia,Nada,Búsqueda,Bogota,alquiler de carros bogota,0,1,"0,00",0 COP,"0,00 %",—,0 COP,"0,00 %","100,00 %"
agencias de alquiler de carros en bogota,Concordancia exacta (ligera variación),Nada,Búsqueda,Bogota,alquiler de carros bogota,0,3,"0,00",0 COP,"0,00 %",—,0 COP,"0,00 %","100,00 %"
alquilar coche bogota,Concordancia exacta (ligera variación),Nada,Búsqueda,Bogota,alquiler de carros bogota,0,1,"0,00",0 COP,"0,00 %",—,0 COP,"0,00 %","100,00 %"
alquilar coche en bogota,Concordancia exacta (ligera variación),Nada,Búsqueda,Bogota,alquiler de carros bogota,0,1,"0,00",0 COP,"0,00 %",—,0 COP,"0,00 %","0,00 %"
alquilar un carro bogota,Concordancia exacta (ligera variación),Nada,Búsqueda,Bogota,alquiler de carros bogota,0,3,"0,00",0 COP,"0,00 %",—,0 COP,"0,00 %","33,33 %"
alquiler auto en bogota,Concordancia exacta (ligera variación),Nada,Búsqueda,Bogota,alquiler de carros bogota,0,5,"0,00",0 COP,"0,00 %",—,0 COP,"0,00 %","80,00 %"
alquiler automovil bogota,Concordancia exacta (ligera variación),Nada,Búsqueda,Bogota,alquiler de carros bogota,0,2,"0,00",0 COP,"0,00 %",—,0 COP,"0,00 %","100,00 %"
alquiler autos en bogota,Concordancia exacta (ligera variación),Nada,Búsqueda,Bogota,alquiler de carros bogota,0,2,"0,00",0 COP,"0,00 %",—,0 COP,"0,00 %","100,00 %"
alquiler carro bogota barato,Concordancia exacta (ligera variación),Nada,Búsqueda,Bogota,alquiler de carros bogota,0,2,"0,00",0 COP,"0,00 %",—,0 COP,"0,00 %","100,00 %"
alquiler carro bogota por dia,Concordancia exacta (ligera variación),Nada,Búsqueda,Bogota,alquiler de carros bogota,0,2,"0,00",0 COP,"0,00 %",—,0 COP,"0,00 %","100,00 %"
alquiler carros bogota colombia,Concordancia exacta (ligera variación),Nada,Búsqueda,Bogota,alquiler de carros bogota,0,1,"0,00",0 COP,"0,00 %",—,0 COP,"0,00 %","100,00 %"
alquiler carros en bogota baratos,Concordancia exacta (ligera variación),Nada,Búsqueda,Bogota,alquiler de carros bogota,0,2,"0,00",0 COP,"0,00 %",—,0 COP,"0,00 %","100,00 %"
alquiler carros en bogota precios,Concordancia exacta (ligera variación),Nada,Búsqueda,Bogota,alquiler de carros bogota,0,1,"0,00",0 COP,"0,00 %",—,0 COP,"0,00 %","0,00 %"
alquiler coche bogota,Concordancia exacta (ligera variación),Nada,Búsqueda,Bogota,alquiler de carros bogota,0,10,"0,00",0 COP,"0,00 %",—,0 COP,"0,00 %","70,00 %"
alquiler coches en bogota,Concordancia exacta (ligera variación),Nada,Búsqueda,Bogota,alquiler de carros bogota,0,1,"0,00",0 COP,"0,00 %",—,0 COP,"0,00 %","100,00 %"
alquiler de auto en bogota precio,Concordancia exacta (ligera variación),Nada,Búsqueda,Bogota,alquiler de carros bogota,0,2,"0,00",0 COP,"0,00 %",—,0 COP,"0,00 %","100,00 %"
alquiler de automoviles en bogota,Concordancia exacta (ligera variación),Nada,Búsqueda,Bogota,alquiler de carros bogota,0,4,"0,00",0 COP,"0,00 %",—,0 COP,"0,00 %","25,00 %"
alquiler de autos bogota colombia,Concordancia exacta (ligera variación),Nada,Búsqueda,Bogota,alquiler de carros bogota,0,1,"0,00",0 COP,"0,00 %",—,0 COP,"0,00 %","100,00 %"
alquiler de autos en bogota colombia,Concordancia exacta (ligera variación),Nada,Búsqueda,Bogota,alquiler de carros bogota,0,1,"0,00",0 COP,"0,00 %",—,0 COP,"0,00 %","100,00 %"
alquiler de autos en bogota precios,Concordancia exacta (ligera variación),Nada,Búsqueda,Bogota,alquiler de carros bogota,0,1,"0,00",0 COP,"0,00 %",—,0 COP,"0,00 %","0,00 %"
alquiler de autos en bogotá,Concordancia exacta (ligera variación),Nada,Búsqueda,Bogota,alquiler de carros bogota,0,6,"0,00",0 COP,"0,00 %",—,0 COP,"16,67 %","50,00 %"
alquiler de autos en bogotá colombia,Concordancia exacta (ligera variación),Nada,Búsqueda,Bogota,alquiler de carros bogota,0,2,"0,00",0 COP,"0,00 %",—,0 COP,"0,00 %","100,00 %"
alquiler de carro bogota por dias,Concordancia exacta (ligera variación),Nada,Búsqueda,Bogota,alquiler de carros bogota,0,2,"0,00",0 COP,"0,00 %",—,0 COP,"0,00 %","100,00 %"
alquiler de carro en bogota economico,Concordancia exacta (ligera variación),Nada,Búsqueda,Bogota,alquiler de carros bogota,0,1,"0,00",0 COP,"0,00 %",—,0 COP,"0,00 %","0,00 %"
alquiler de carros para viajar bogotá,Concordancia exacta (ligera variación),Nada,Búsqueda,Bogota,alquiler de carros bogota,0,3,"0,00",0 COP,"0,00 %",—,0 COP,"0,00 %","66,67 %"
alquiler de coche bogota,Concordancia exacta (ligera variación),Nada,Búsqueda,Bogota,alquiler de carros bogota,0,1,"0,00",0 COP,"0,00 %",—,0 COP,"0,00 %","100,00 %"
alquiler de coche en bogota,Concordancia exacta (ligera variación),Nada,Búsqueda,Bogota,alquiler de carros bogota,0,2,"0,00",0 COP,"0,00 %",—,0 COP,"0,00 %","100,00 %"
alquiler de coches bogotá,Concordancia exacta (ligera variación),Nada,Búsqueda,Bogota,alquiler de carros bogota,0,4,"0,00",0 COP,"0,00 %",—,0 COP,"0,00 %","50,00 %"
alquiler de vehículos bogota,Concordancia exacta (ligera variación),Nada,Búsqueda,Bogota,alquiler de carros bogota,0,11,"0,00",0 COP,"0,00 %",—,0 COP,"12,50 %","75,00 %"
alquiler vehiculo en bogota,Concordancia exacta (ligera variación),Nada,Búsqueda,Bogota,alquiler de carros bogota,0,5,"0,00",0 COP,"0,00 %",—,0 COP,"0,00 %","25,00 %"
arrendamiento de carros bogota,Concordancia exacta (ligera variación),Nada,Búsqueda,Bogota,alquiler de carros bogota,0,2,"0,00",0 COP,"0,00 %",—,0 COP,"0,00 %","50,00 %"
arrendar carro en bogota,Concordancia exacta (ligera variación),Nada,Búsqueda,Bogota,alquiler de carros bogota,0,2,"0,00",0 COP,"0,00 %",—,0 COP,"0,00 %","100,00 %"
arrendar carros bogota,Concordancia exacta (ligera variación),Nada,Búsqueda,Bogota,alquiler de carros bogota,0,3,"0,00",0 COP,"0,00 %",—,0 COP,"50,00 %","100,00 %"
auto renta bogota,Concordancia exacta (ligera variación),Nada,Búsqueda,Bogota,alquiler de carros bogota,0,1,"0,00",0 COP,"0,00 %",—,0 COP,"0,00 %","100,00 %"
autos en alquiler bogota,Concordancia exacta (ligera variación),Nada,Búsqueda,Bogota,alquiler de carros bogota,0,1,"0,00",0 COP,"0,00 %",—,0 COP,"0,00 %","100,00 %"
bogota alquiler carro,Concordancia exacta (ligera variación),Nada,Búsqueda,Bogota,alquiler de carros bogota,0,1,"0,00",0 COP,"0,00 %",—,0 COP,"0,00 %","100,00 %"
bogota alquiler de carros,Concordancia exacta (ligera variación),Nada,Búsqueda,Bogota,alquiler de carros bogota,0,2,"0,00",0 COP,"0,00 %",—,0 COP,"0,00 %","100,00 %"
bogota car rental,Concordancia exacta (ligera variación),Nada,Búsqueda,Bogota,alquiler de carros bogota,0,2,"0,00",0 COP,"0,00 %",—,0 COP,"0,00 %","100,00 %"
bogota rent a car,Concordancia exacta (ligera variación),Nada,Búsqueda,Bogota,alquiler de carros bogota,0,2,"0,00",0 COP,"0,00 %",—,0 COP,"50,00 %","50,00 %"
bogotá rent a car colombia,Concordancia exacta (ligera variación),Nada,Búsqueda,Bogota,alquiler de carros bogota,0,1,"0,00",0 COP,"0,00 %",—,0 COP,"0,00 %","100,00 %"
bogotá renta de autos,Concordancia exacta (ligera variación),Nada,Búsqueda,Bogota,alquiler de carros bogota,0,1,"0,00",0 COP,"0,00 %",—,0 COP,"0,00 %","0,00 %"
car rent bogota,Concordancia exacta (ligera variación),Nada,Búsqueda,Bogota,alquiler de carros bogota,0,1,"0,00",0 COP,"0,00 %",—,0 COP,"0,00 %","100,00 %"
car rental bogotá,Concordancia exacta (ligera variación),Nada,Búsqueda,Bogota,alquiler de carros bogota,0,3,"0,00",0 COP,"0,00 %",—,0 COP,"0,00 %","100,00 %"
carro rentado bogota,Concordancia exacta (ligera variación),Nada,Búsqueda,Bogota,alquiler de carros bogota,0,1,"0,00",0 COP,"0,00 %",—,0 COP,"0,00 %","100,00 %"
carros de alquiler en bogota colombia,Concordancia exacta (ligera variación),Nada,Búsqueda,Bogota,alquiler de carros bogota,0,1,"0,00",0 COP,"0,00 %",—,0 COP,"0,00 %","100,00 %"
carros en alquiler bogotá,Concordancia exacta (ligera variación),Nada,Búsqueda,Bogota,alquiler de carros bogota,0,1,"0,00",0 COP,"0,00 %",—,0 COP,"0,00 %","100,00 %"
carros en arriendo bogota,Concordancia exacta (ligera variación),Nada,Búsqueda,Bogota,alquiler de carros bogota,0,1,"0,00",0 COP,"0,00 %",—,0 COP,"0,00 %","0,00 %"
carros para alquilar bogota,Concordancia exacta (ligera variación),Nada,Búsqueda,Bogota,alquiler de carros bogota,0,1,"0,00",0 COP,"0,00 %",—,0 COP,"0,00 %","100,00 %"
cuanto cuesta el alquiler de un carro en bogota,Concordancia exacta (ligera variación),Nada,Búsqueda,Bogota,alquiler de carros bogota,0,5,"0,00",0 COP,"0,00 %",—,0 COP,"0,00 %","75,00 %"
cuanto vale el alquiler de un carro en bogotá,Concordancia exacta (ligera variación),Nada,Búsqueda,Bogota,alquiler de carros bogota,0,4,"0,00",0 COP,"0,00 %",—,0 COP,"0,00 %","100,00 %"
cuanto vale rentar un carro en bogota,Concordancia exacta (ligera variación),Nada,Búsqueda,Bogota,alquiler de carros bogota,0,6,"0,00",0 COP,"0,00 %",—,0 COP,"0,00 %","60,00 %"
cuánto cuesta el alquiler de un carro en bogotá,Concordancia exacta (ligera variación),Nada,Búsqueda,Bogota,alquiler de carros bogota,0,1,"0,00",0 COP,"0,00 %",—,0 COP,"0,00 %","100,00 %"
donde rentar carro en bogota,Concordancia exacta (ligera variación),Nada,Búsqueda,Bogota,alquiler de carros bogota,0,1,"0,00",0 COP,"0,00 %",—,0 COP,"100,00 %","100,00 %"
donde rentar un carro en bogota,Concordancia exacta (ligera variación),Nada,Búsqueda,Bogota,alquiler de carros bogota,0,4,"0,00",0 COP,"0,00 %",—,0 COP,"0,00 %","100,00 %"
empresas de alquiler de autos en bogota,Concordancia exacta (ligera variación),Nada,Búsqueda,Bogota,alquiler de carros bogota,0,1,"0,00",0 COP,"0,00 %",—,0 COP,"0,00 %","100,00 %"
empresas de alquiler de carros en bogota,Concordancia exacta (ligera variación),Nada,Búsqueda,Bogota,alquiler de carros bogota,0,2,"0,00",0 COP,"0,00 %",—,0 COP,"0,00 %","100,00 %"
empresas que alquilan carros en bogota,Concordancia exacta (ligera variación),Nada,Búsqueda,Bogota,alquiler de carros bogota,0,2,"0,00",0 COP,"0,00 %",—,0 COP,"0,00 %","0,00 %"
que vale alquilar un carro en bogota,Concordancia exacta (ligera variación),Nada,Búsqueda,Bogota,alquiler de carros bogota,0,1,"0,00",0 COP,"0,00 %",—,0 COP,"0,00 %","100,00 %"
rent a car bogota colombia,Concordancia exacta (ligera variación),Nada,Búsqueda,Bogota,alquiler de carros bogota,0,6,"0,00",0 COP,"0,00 %",—,0 COP,"0,00 %","50,00 %"
rent a car bogotá,Concordancia exacta (ligera variación),Nada,Búsqueda,Bogota,alquiler de carros bogota,0,18,"0,00",0 COP,"0,00 %",—,0 COP,"13,33 %","60,00 %"
rent a car colombia bogota,Concordancia exacta (ligera variación),Nada,Búsqueda,Bogota,alquiler de carros bogota,0,1,"0,00",0 COP,"0,00 %",—,0 COP,"0,00 %","100,00 %"
rent a car en bogota colombia,Concordancia exacta (ligera variación),Nada,Búsqueda,Bogota,alquiler de carros bogota,0,1,"0,00",0 COP,"0,00 %",—,0 COP,"100,00 %","100,00 %"
rent a car in bogota,Concordancia exacta (ligera variación),Nada,Búsqueda,Bogota,alquiler de carros bogota,0,2,"0,00",0 COP,"0,00 %",—,0 COP,"100,00 %","100,00 %"
rent cars bogota,Concordancia exacta (ligera variación),Nada,Búsqueda,Bogota,alquiler de carros bogota,0,1,"0,00",0 COP,"0,00 %",—,0 COP,"0,00 %","100,00 %"
renta a car bogota,Concordancia exacta (ligera variación),Nada,Búsqueda,Bogota,alquiler de carros bogota,0,1,"0,00",0 COP,"0,00 %",—,0 COP,"0,00 %","100,00 %"
renta car bogotá,Concordancia exacta (ligera variación),Nada,Búsqueda,Bogota,alquiler de carros bogota,0,5,"0,00",0 COP,"0,00 %",—,0 COP,"0,00 %","80,00 %"
renta car en bogota,Concordancia exacta (ligera variación),Nada,Búsqueda,Bogota,alquiler de carros bogota,0,6,"0,00",0 COP,"0,00 %",—,0 COP,"0,00 %","100,00 %"
renta carro bogotá,Concordancia exacta (ligera variación),Nada,Búsqueda,Bogota,alquiler de carros bogota,0,1,"0,00",0 COP,"0,00 %",—,0 COP,"0,00 %","0,00 %"
renta carros bogota colombia,Concordancia exacta (ligera variación),Nada,Búsqueda,Bogota,alquiler de carros bogota,0,1,"0,00",0 COP,"0,00 %",—,0 COP,"0,00 %","100,00 %"
renta coche bogota,Concordancia exacta (ligera variación),Nada,Búsqueda,Bogota,alquiler de carros bogota,0,1,"0,00",0 COP,"0,00 %",—,0 COP,"0,00 %","100,00 %"
renta de autos bogotá,Concordancia exacta (ligera variación),Nada,Búsqueda,Bogota,alquiler de carros bogota,0,2,"0,00",0 COP,"0,00 %",—,0 COP,"0,00 %","0,00 %"
renta de autos en bogotá colombia,Concordancia exacta (ligera variación),Nada,Búsqueda,Bogota,alquiler de carros bogota,0,1,"0,00",0 COP,"0,00 %",—,0 COP,"0,00 %","0,00 %"
renta de carro bogota colombia,Concordancia exacta (ligera variación),Nada,Búsqueda,Bogota,alquiler de carros bogota,0,1,"0,00",0 COP,"0,00 %",—,0 COP,"0,00 %","100,00 %"
renta de carro en bogota,Concordancia exacta (ligera variación),Nada,Búsqueda,Bogota,alquiler de carros bogota,0,10,"0,00",0 COP,"0,00 %",—,0 COP,"0,00 %","60,00 %"
renta de carro en bogota colombia,Concordancia exacta (ligera variación),Nada,Búsqueda,Bogota,alquiler de carros bogota,0,1,"0,00",0 COP,"0,00 %",—,0 COP,"0,00 %","100,00 %"
renta de carros bogota colombia,Concordancia exacta (ligera variación),Nada,Búsqueda,Bogota,alquiler de carros bogota,0,2,"0,00",0 COP,"0,00 %",—,0 COP,"0,00 %","100,00 %"
renta de carros bogotá baratos,Concordancia exacta (ligera variación),Nada,Búsqueda,Bogota,alquiler de carros bogota,0,10,"0,00",0 COP,"0,00 %",—,0 COP,"57,14 %","85,71 %"
renta de vehiculos en bogota colombia,Concordancia exacta (ligera variación),Nada,Búsqueda,Bogota,alquiler de carros bogota,0,1,"0,00",0 COP,"0,00 %",—,0 COP,"0,00 %","100,00 %"
rentadora de carros bogota,Concordancia exacta (ligera variación),Nada,Búsqueda,Bogota,alquiler de carros bogota,0,7,"0,00",0 COP,"0,00 %",—,0 COP,"40,00 %","80,00 %"
rental cars bogota,Concordancia exacta (ligera variación),Nada,Búsqueda,Bogota,alquiler de carros bogota,0,5,"0,00",0 COP,"0,00 %",—,0 COP,"25,00 %","100,00 %"
rentar auto en bogota,Concordancia exacta (ligera variación),Nada,Búsqueda,Bogota,alquiler de carros bogota,0,7,"0,00",0 COP,"0,00 %",—,0 COP,"0,00 %","71,43 %"
rentar autos bogota,Concordancia exacta (ligera variación),Nada,Búsqueda,Bogota,alquiler de carros bogota,0,3,"0,00",0 COP,"0,00 %",—,0 COP,"0,00 %","100,00 %"
rentar carro en bogotá,Concordancia exacta (ligera variación),Nada,Búsqueda,Bogota,alquiler de carros bogota,0,5,"0,00",0 COP,"0,00 %",—,0 COP,"20,00 %","100,00 %"
rentar un auto en bogota,Concordancia exacta (ligera variación),Nada,Búsqueda,Bogota,alquiler de carros bogota,0,1,"0,00",0 COP,"0,00 %",—,0 COP,"0,00 %","100,00 %"
rentar vehiculo bogota,Concordancia exacta (ligera variación),Nada,Búsqueda,Bogota,alquiler de carros bogota,0,6,"0,00",0 COP,"0,00 %",—,0 COP,"33,33 %","83,33 %"
rentar vehiculo en bogota,Concordancia exacta (ligera variación),Nada,Búsqueda,Bogota,alquiler de carros bogota,0,1,"0,00",0 COP,"0,00 %",—,0 COP,"0,00 %","0,00 %"
valor alquiler carro bogota,Concordancia exacta (ligera variación),Nada,Búsqueda,Bogota,alquiler de carros bogota,0,1,"0,00",0 COP,"0,00 %",—,0 COP,"0,00 %","100,00 %"
alquilar carro bogota,Concordancia de frase (ligera variación),Añadido,Búsqueda,Bogota,alquiler de carros bogota,0,1,"0,00",0 COP,"0,00 %",—,0 COP,"0,00 %","100,00 %"
alquilar carro en bogota,Concordancia de frase (ligera variación),Añadido,Búsqueda,Bogota,alquiler de carros bogota,0,1,"0,00",0 COP,"0,00 %",—,0 COP,"0,00 %","100,00 %"
alquiler 4x4 bogota,Concordancia de frase (ligera variación),Nada,Búsqueda,Bogota,alquiler de carros bogota,0,2,"0,00",0 COP,"0,00 %",—,0 COP,"0,00 %","50,00 %"
alquiler camioneta 4x4 bogota,Concordancia de frase (ligera variación),Nada,Búsqueda,Bogota,alquiler de carros bogota,0,3,"0,00",0 COP,"0,00 %",—,0 COP,"0,00 %","33,33 %"
alquiler camioneta 7 pasajeros bogotá,Concordancia de frase (ligera variación),Nada,Búsqueda,Bogota,alquiler de carros bogota,0,1,"0,00",0 COP,"0,00 %",—,0 COP,"0,00 %","100,00 %"
alquiler camioneta doble cabina bogota,Concordancia de frase (ligera variación),Nada,Búsqueda,Bogota,alquiler de carros bogota,0,1,"0,00",0 COP,"0,00 %",—,0 COP,"0,00 %","100,00 %"
alquiler camionetas 4x4 bogota,Concordancia de frase (ligera variación),Nada,Búsqueda,Bogota,alquiler de carros bogota,0,1,"0,00",0 COP,"0,00 %",—,0 COP,"0,00 %","100,00 %"
alquiler camionetas doble cabina bogota,Concordancia de frase (ligera variación),Nada,Búsqueda,Bogota,alquiler de carros bogota,0,2,"0,00",0 COP,"0,00 %",—,0 COP,"0,00 %","50,00 %"
alquiler camionetas en bogota,Concordancia de frase (ligera variación),Nada,Búsqueda,Bogota,alquiler de carros bogota,0,1,"0,00",0 COP,"0,00 %",—,0 COP,"0,00 %","0,00 %"
alquiler carro aeropuerto bogota,Concordancia de frase (ligera variación),Nada,Búsqueda,Bogota,alquiler de carros bogota,0,4,"0,00",0 COP,"0,00 %",—,0 COP,"0,00 %","33,33 %"
alquiler carro aeropuerto el dorado,Concordancia de frase (ligera variación),Nada,Búsqueda,Bogota,alquiler de carros bogota,0,3,"0,00",0 COP,"0,00 %",—,0 COP,"0,00 %","66,67 %"
alquiler carro bogota economico,Concordancia de frase (ligera variación),Nada,Búsqueda,Bogota,alquiler de carros bogota,0,1,"0,00",0 COP,"0,00 %",—,0 COP,"0,00 %","100,00 %"
alquiler carro hibrido bogota,Concordancia de frase (ligera variación),Nada,Búsqueda,Bogota,alquiler de carros bogota,0,1,"0,00",0 COP,"0,00 %",—,0 COP,"0,00 %","0,00 %"
alquiler carros bogota norte,Concordancia de frase (ligera variación),Nada,Búsqueda,Bogota,alquiler de carros bogota,0,1,"0,00",0 COP,"0,00 %",—,0 COP,"0,00 %","100,00 %"
alquiler coches bogota,Concordancia de frase (ligera variación),Nada,Búsqueda,Bogota,alquiler de carros bogota,0,1,"0,00",0 COP,"0,00 %",—,0 COP,"0,00 %","0,00 %"
alquiler de aerovans en bogota sin conductor,Concordancia de frase (ligera variación),Nada,Búsqueda,Bogota,alquiler de carros bogota,0,1,"0,00",0 COP,"0,00 %",—,0 COP,"0,00 %","100,00 %"
alquiler de autos bogota economicos,Concordancia de frase (ligera variación),Nada,Búsqueda,Bogota,alquiler de carros bogota,0,2,"0,00",0 COP,"0,00 %",—,0 COP,"0,00 %","100,00 %"
empresas que alquilan carros,Concordancia amplia,Nada,Búsqueda,Bogota,alquiler de carros bogota,0,1,"0,00",0 COP,"0,00 %",—,0 COP,"0,00 %","0,00 %"
equiren,Concordancia amplia,Nada,Búsqueda,Bogota,alquiler de carros bogota,0,1,"0,00",0 COP,"0,00 %",—,0 COP,"0,00 %","100,00 %"
euro rental car,Concordancia amplia,Nada,Búsqueda,Bogota,alquiler de carros bogota,0,1,"0,00",0 COP,"0,00 %",—,0 COP,"0,00 %","100,00 %"
falabella alquiler de autos,Concordancia amplia,Nada,Búsqueda,Bogota,alquiler de carros bogota,0,2,"0,00",0 COP,"0,00 %",—,0 COP,"0,00 %","50,00 %"
falabella renta autos,Concordancia amplia,Nada,Búsqueda,Bogota,alquiler de carros bogota,0,1,"0,00",0 COP,"0,00 %",—,0 COP,"0,00 %","100,00 %"
fifty cars,Concordancia amplia,Nada,Búsqueda,Bogota,alquiler de carros bogota,0,1,"0,00",0 COP,"0,00 %",—,0 COP,"0,00 %","100,00 %"
go drive rent a car,Concordancia amplia,Nada,Búsqueda,Bogota,alquiler de carros bogota,0,1,"0,00",0 COP,"0,00 %",—,0 COP,"0,00 %","0,00 %"
google rent a car,Concordancia amplia,Nada,Búsqueda,Bogota,alquiler de carros bogota,0,1,"0,00",0 COP,"0,00 %",—,0 COP,"0,00 %","100,00 %"
imperio renta car,Concordancia amplia,Nada,Búsqueda,Bogota,alquiler de carros bogota,0,6,"0,00",0 COP,"0,00 %",—,0 COP,"40,00 %","100,00 %"
internacional de autos,Concordancia amplia,Nada,Búsqueda,Bogota,alquiler de carros bogota,0,2,"0,00",0 COP,"0,00 %",—,0 COP,"0,00 %","50,00 %"
kelvin rent a car,Concordancia amplia,Nada,Búsqueda,Bogota,alquiler de carros bogota,0,1,"0,00",0 COP,"0,00 %",—,0 COP,"0,00 %","100,00 %"
latam alquiler autos,Concordancia amplia,Nada,Búsqueda,Bogota,alquiler de carros bogota,0,1,"0,00",0 COP,"0,00 %",—,0 COP,"0,00 %","100,00 %"
latam carros,Concordancia amplia,Nada,Búsqueda,Bogota,alquiler de carros bogota,0,1,"0,00",0 COP,"0,00 %",—,0 COP,"0,00 %","100,00 %"
localizarentacar,Concordancia amplia,Nada,Búsqueda,Bogota,alquiler de carros bogota,0,1,"0,00",0 COP,"0,00 %",—,0 COP,"0,00 %","100,00 %"
localizas,Concordancia amplia,Nada,Búsqueda,Bogota,alquiler de carros bogota,0,2,"0,00",0 COP,"0,00 %",—,0 COP,"0,00 %","100,00 %"
mariautos,Concordancia amplia,Nada,Búsqueda,Bogota,alquiler de carros bogota,0,1,"0,00",0 COP,"0,00 %",—,0 COP,"0,00 %","100,00 %"
mejores empresas para rentar autos,Concordancia amplia,Nada,Búsqueda,Bogota,alquiler de carros bogota,0,2,"0,00",0 COP,"0,00 %",—,0 COP,"0,00 %","100,00 %"
mejores lugares para rentar carros,Concordancia amplia,Nada,Búsqueda,Bogota,alquiler de carros bogota,0,1,"0,00",0 COP,"0,00 %",—,0 COP,"0,00 %","100,00 %"
necesito alquilar un carro,Concordancia amplia,Nada,Búsqueda,Bogota,alquiler de carros bogota,0,1,"0,00",0 COP,"0,00 %",—,0 COP,"0,00 %","100,00 %"
necesito rentar un auto,Concordancia amplia,Nada,Búsqueda,Bogota,alquiler de carros bogota,0,6,"0,00",0 COP,"0,00 %",—,0 COP,"0,00 %","40,00 %"
necesito rentar un carro,Concordancia amplia,Nada,Búsqueda,Bogota,alquiler de carros bogota,0,2,"0,00",0 COP,"0,00 %",—,0 COP,"0,00 %","100,00 %"
nissan alquiler de vehiculos,Concordancia amplia,Nada,Búsqueda,Bogota,alquiler de carros bogota,0,1,"0,00",0 COP,"0,00 %",—,0 COP,"0,00 %","0,00 %"
opiniones de abcrentacar,Concordancia amplia,Nada,Búsqueda,Bogota,alquiler de carros bogota,0,1,"0,00",0 COP,"0,00 %",—,0 COP,"0,00 %","0,00 %"
para alquilar un carro que se necesita,Concordancia amplia,Nada,Búsqueda,Bogota,alquiler de carros bogota,0,1,"0,00",0 COP,"0,00 %",—,0 COP,"0,00 %","100,00 %"
plataforma de alquiler de coches,Concordancia amplia,Nada,Búsqueda,Bogota,alquiler de carros bogota,0,1,"0,00",0 COP,"0,00 %",—,0 COP,"0,00 %","100,00 %"
precio alquiler autos,Concordancia amplia,Nada,Búsqueda,Bogota,alquiler de carros bogota,0,1,"0,00",0 COP,"0,00 %",—,0 COP,"0,00 %","100,00 %"
publimercar,Concordancia amplia,Nada,Búsqueda,Bogota,alquiler de carros bogota,0,1,"0,00",0 COP,"0,00 %",—,0 COP,"0,00 %","100,00 %"
que cuesta el alquiler de un carro,Concordancia amplia,Nada,Búsqueda,Bogota,alquiler de carros bogota,0,2,"0,00",0 COP,"0,00 %",—,0 COP,"0,00 %","100,00 %"
que necesito para alquilar un auto,Concordancia amplia,Nada,Búsqueda,Bogota,alquiler de carros bogota,0,1,"0,00",0 COP,"0,00 %",—,0 COP,"0,00 %","0,00 %"
que necesito para alquilar un carro,Concordancia amplia,Nada,Búsqueda,Bogota,alquiler de carros bogota,0,2,"0,00",0 COP,"0,00 %",—,0 COP,"50,00 %","100,00 %"
que precio tiene el alquiler de un carro,Concordancia amplia,Nada,Búsqueda,Bogota,alquiler de carros bogota,0,1,"0,00",0 COP,"0,00 %",—,0 COP,"0,00 %","100,00 %"
que requisitos piden para alquilar un auto,Concordancia amplia,Nada,Búsqueda,Bogota,alquiler de carros bogota,0,1,"0,00",0 COP,"0,00 %",—,0 COP,"0,00 %","100,00 %"
que se necesita para alquilar un auto,Concordancia amplia,Nada,Búsqueda,Bogota,alquiler de carros bogota,0,1,"0,00",0 COP,"0,00 %",—,0 COP,"0,00 %","0,00 %"
rating alquiler de carros,Concordancia amplia,Nada,Búsqueda,Bogota,alquiler de carros bogota,0,1,"0,00",0 COP,"0,00 %",—,0 COP,"0,00 %","100,00 %"
ren cart,Concordancia amplia,Nada,Búsqueda,Bogota,alquiler de carros bogota,0,1,"0,00",0 COP,"0,00 %",—,0 COP,"0,00 %","0,00 %"
renata car,Concordancia amplia,Nada,Búsqueda,Bogota,alquiler de carros bogota,0,1,"0,00",0 COP,"0,00 %",—,0 COP,"0,00 %","0,00 %"
renault rent a car,Concordancia amplia,Nada,Búsqueda,Bogota,alquiler de carros bogota,0,1,"0,00",0 COP,"0,00 %",—,0 COP,"0,00 %","100,00 %"
rencars,Concordancia amplia,Nada,Búsqueda,Bogota,alquiler de carros bogota,0,1,"0,00",0 COP,"0,00 %",—,0 COP,"0,00 %","100,00 %"
rent a car 24 horas,Concordancia amplia,Nada,Búsqueda,Bogota,alquiler de carros bogota,0,1,"0,00",0 COP,"0,00 %",—,0 COP,"0,00 %","100,00 %"
rent a car 4x4,Concordancia amplia,Nada,Búsqueda,Bogota,alquiler de carros bogota,0,1,"0,00",0 COP,"0,00 %",—,0 COP,"0,00 %","100,00 %"
rent a car app,Concordancia amplia,Nada,Búsqueda,Bogota,alquiler de carros bogota,0,1,"0,00",0 COP,"0,00 %",—,0 COP,"0,00 %","100,00 %"
rent a car bogota colombia,Concordancia amplia,Nada,Búsqueda,Bogota,alquiler de carros bogota,0,1,"0,00",0 COP,"0,00 %",—,0 COP,"0,00 %","0,00 %"
rent a car near me,Concordancia amplia,Nada,Búsqueda,Bogota,alquiler de carros bogota,0,2,"0,00",0 COP,"0,00 %",—,0 COP,"0,00 %","100,00 %"
rent a car renault,Concordancia amplia,Nada,Búsqueda,Bogota,alquiler de carros bogota,0,1,"0,00",0 COP,"0,00 %",—,0 COP,"0,00 %","100,00 %"
rent a car requisitos,Concordancia amplia,Nada,Búsqueda,Bogota,alquiler de carros bogota,0,1,"0,00",0 COP,"0,00 %",—,0 COP,"100,00 %","100,00 %"
rent a car teléfono,Concordancia amplia,Nada,Búsqueda,Bogota,alquiler de carros bogota,0,2,"0,00",0 COP,"0,00 %",—,0 COP,"0,00 %","100,00 %"
rent bogotá,Concordancia amplia,Nada,Búsqueda,Bogota,alquiler de carros bogota,0,2,"0,00",0 COP,"0,00 %",—,0 COP,"100,00 %","100,00 %"
rent car aeroporto,Concordancia amplia,Nada,Búsqueda,Bogota,alquiler de carros bogota,0,1,"0,00",0 COP,"0,00 %",—,0 COP,"0,00 %","100,00 %"
rent car aeropuerto,Concordancia amplia,Nada,Búsqueda,Bogota,alquiler de carros bogota,0,2,"0,00",0 COP,"0,00 %",—,0 COP,"0,00 %","100,00 %"
rent cars near me,Concordancia amplia,Nada,Búsqueda,Bogota,alquiler de carros bogota,0,1,"0,00",0 COP,"0,00 %",—,0 COP,"0,00 %","100,00 %"
renta autos,Concordancia amplia,Nada,Búsqueda,Bogota,alquiler de carros bogota,0,4,"0,00",0 COP,"0,00 %",—,0 COP,"0,00 %","100,00 %"
renta autos baratos,Concordancia amplia,Nada,Búsqueda,Bogota,alquiler de carros bogota,0,1,"0,00",0 COP,"0,00 %",—,0 COP,"0,00 %","100,00 %"
renta autos cerca de mi,Concordancia amplia,Nada,Búsqueda,Bogota,alquiler de carros bogota,0,1,"0,00",0 COP,"0,00 %",—,0 COP,"0,00 %","0,00 %"
renta autos y camionetas,Concordancia amplia,Nada,Búsqueda,Bogota,alquiler de carros bogota,0,1,"0,00",0 COP,"0,00 %",—,0 COP,"0,00 %","0,00 %"
renta camioneta 8 pasajeros,Concordancia amplia,Nada,Búsqueda,Bogota,alquiler de carros bogota,0,1,"0,00",0 COP,"0,00 %",—,0 COP,"0,00 %","100,00 %"
renta camioneta por dia,Concordancia amplia,Nada,Búsqueda,Bogota,alquiler de carros bogota,0,1,"0,00",0 COP,"0,00 %",—,0 COP,"0,00 %","0,00 %"
renta car aeropuerto,Concordancia amplia,Nada,Búsqueda,Bogota,alquiler de carros bogota,0,2,"0,00",0 COP,"0,00 %",—,0 COP,"0,00 %","50,00 %"
renta cara,Concordancia amplia,Nada,Búsqueda,Bogota,alquiler de carros bogota,0,1,"0,00",0 COP,"0,00 %",—,0 COP,"0,00 %","0,00 %"
renta carro por dia,Concordancia amplia,Nada,Búsqueda,Bogota,alquiler de carros bogota,0,2,"0,00",0 COP,"0,00 %",—,0 COP,"0,00 %","100,00 %"
renta carros near me,Concordancia amplia,Nada,Búsqueda,Bogota,alquiler de carros bogota,0,3,"0,00",0 COP,"0,00 %",—,0 COP,"0,00 %","100,00 %"
renta de autos 7 pasajeros,Concordancia amplia,Nada,Búsqueda,Bogota,alquiler de carros bogota,0,1,"0,00",0 COP,"0,00 %",—,0 COP,"0,00 %","0,00 %"
renta de autos cerca del aeropuerto,Concordancia amplia,Nada,Búsqueda,Bogota,alquiler de carros bogota,0,1,"0,00",0 COP,"0,00 %",—,0 COP,"0,00 %","100,00 %"
renta de autos economicos,Concordancia amplia,Nada,Búsqueda,Bogota,alquiler de carros bogota,0,2,"0,00",0 COP,"0,00 %",—,0 COP,"0,00 %","100,00 %"
renta de autos honda,Concordancia amplia,Nada,Búsqueda,Bogota,alquiler de carros bogota,0,1,"0,00",0 COP,"0,00 %",—,0 COP,"0,00 %","100,00 %"
renta de camionetas,Concordancia amplia,Nada,Búsqueda,Bogota,alquiler de carros bogota,0,3,"0,00",0 COP,"0,00 %",—,0 COP,"0,00 %","100,00 %"
renta de camionetas 4x4,Concordancia amplia,Nada,Búsqueda,Bogota,alquiler de carros bogota,0,1,"0,00",0 COP,"0,00 %",—,0 COP,"0,00 %","100,00 %"
renta de camionetas 9 pasajeros,Concordancia amplia,Nada,Búsqueda,Bogota,alquiler de carros bogota,0,1,"0,00",0 COP,"0,00 %",—,0 COP,"0,00 %","100,00 %"
renta de caro,Concordancia amplia,Nada,Búsqueda,Bogota,alquiler de carros bogota,0,1,"0,00",0 COP,"0,00 %",—,0 COP,"0,00 %","100,00 %"
renta de carro mensual,Concordancia amplia,Nada,Búsqueda,Bogota,alquiler de carros bogota,0,1,"0,00",0 COP,"0,00 %",—,0 COP,"0,00 %","100,00 %"
renta de carros 7 pasajeros,Concordancia amplia,Nada,Búsqueda,Bogota,alquiler de carros bogota,0,1,"0,00",0 COP,"0,00 %",—,0 COP,"0,00 %","0,00 %"
renta de carros alamos,Concordancia amplia,Nada,Búsqueda,Bogota,alquiler de carros bogota,0,5,"0,00",0 COP,"0,00 %",—,0 COP,"0,00 %","75,00 %"
renta de carros baratos,Concordancia amplia,Nada,Búsqueda,Bogota,alquiler de carros bogota,0,1,"0,00",0 COP,"0,00 %",—,0 COP,"0,00 %","100,00 %"
renta de carros para trabajar,Concordancia amplia,Nada,Búsqueda,Bogota,alquiler de carros bogota,0,1,"0,00",0 COP,"0,00 %",—,0 COP,"0,00 %","0,00 %"
renta de carros por dia,Concordancia amplia,Nada,Búsqueda,Bogota,alquiler de carros bogota,0,1,"0,00",0 COP,"0,00 %",—,0 COP,"0,00 %","100,00 %"
renta de un carro,Concordancia amplia,Nada,Búsqueda,Bogota,alquiler de carros bogota,0,1,"0,00",0 COP,"0,00 %",—,0 COP,"0,00 %","100,00 %"
renta de un carro por dia,Concordancia amplia,Nada,Búsqueda,Bogota,alquiler de carros bogota,0,3,"0,00",0 COP,"0,00 %",—,0 COP,"0,00 %","100,00 %"
renta mensual de autos,Concordancia amplia,Nada,Búsqueda,Bogota,alquiler de carros bogota,0,1,"0,00",0 COP,"0,00 %",—,0 COP,"0,00 %","0,00 %"
renta mini cooper,Concordancia amplia,Nada,Búsqueda,Bogota,alquiler de carros bogota,0,3,"0,00",0 COP,"0,00 %",—,0 COP,"0,00 %","66,67 %"
renta vehiculos,Concordancia amplia,Nada,Búsqueda,Bogota,alquiler de carros bogota,0,4,"0,00",0 COP,"0,00 %",—,0 COP,"0,00 %","50,00 %"
renta vehículo,Concordancia amplia,Nada,Búsqueda,Bogota,alquiler de carros bogota,0,3,"0,00",0 COP,"0,00 %",—,0 COP,"0,00 %","100,00 %"
renta vehículos,Concordancia amplia,Nada,Búsqueda,Bogota,alquiler de carros bogota,0,1,"0,00",0 COP,"0,00 %",—,0 COP,"0,00 %","100,00 %"
rentaautos,Concordancia amplia,Nada,Búsqueda,Bogota,alquiler de carros bogota,0,3,"0,00",0 COP,"0,00 %",—,0 COP,"33,33 %","100,00 %"
rentaca,Concordancia amplia,Nada,Búsqueda,Bogota,alquiler de carros bogota,0,2,"0,00",0 COP,"0,00 %",—,0 COP,"0,00 %","100,00 %"
rentacar aeropuerto,Concordancia amplia,Nada,Búsqueda,Bogota,alquiler de carros bogota,0,3,"0,00",0 COP,"0,00 %",—,0 COP,"0,00 %","66,67 %"
rentacar bogotá,Concordancia amplia,Nada,Búsqueda,Bogota,alquiler de carros bogota,0,4,"0,00",0 COP,"0,00 %",—,0 COP,"0,00 %","66,67 %"
rentacar telefono,Concordancia amplia,Nada,Búsqueda,Bogota,alquiler de carros bogota,0,2,"0,00",0 COP,"0,00 %",—,0 COP,"0,00 %","100,00 %"
rentacar ya,Concordancia amplia,Nada,Búsqueda,Bogota,alquiler de carros bogota,0,1,"0,00",0 COP,"0,00 %",—,0 COP,"0,00 %","0,00 %"
rentacarro,Concordancia amplia,Nada,Búsqueda,Bogota,alquiler de carros bogota,0,1,"0,00",0 COP,"0,00 %",—,0 COP,"100,00 %","100,00 %"
rentacars,Concordancia amplia,Nada,Búsqueda,Bogota,alquiler de carros bogota,0,5,"0,00",0 COP,"0,00 %",—,0 COP,"0,00 %","80,00 %"
rentacr,Concordancia amplia,Nada,Búsqueda,Bogota,alquiler de carros bogota,0,1,"0,00",0 COP,"0,00 %",—,0 COP,"0,00 %","0,00 %"
rentadora,Concordancia amplia,Nada,Búsqueda,Bogota,alquiler de carros bogota,0,2,"0,00",0 COP,"0,00 %",—,0 COP,"0,00 %","100,00 %"
rentadoras,Concordancia amplia,Nada,Búsqueda,Bogota,alquiler de carros bogota,0,1,"0,00",0 COP,"0,00 %",—,0 COP,"0,00 %","100,00 %"
rental car,Concordancia amplia,Nada,Búsqueda,Bogota,alquiler de carros bogota,0,12,"0,00",0 COP,"0,00 %",—,0 COP,"0,00 %","80,00 %"
rental car aeropuerto,Concordancia amplia,Nada,Búsqueda,Bogota,alquiler de carros bogota,0,2,"0,00",0 COP,"0,00 %",—,0 COP,"0,00 %","100,00 %"
rental car cerca de mi,Concordancia amplia,Nada,Búsqueda,Bogota,alquiler de carros bogota,0,1,"0,00",0 COP,"0,00 %",—,0 COP,"0,00 %","0,00 %"
rental cars,Concordancia amplia,Nada,Búsqueda,Bogota,alquiler de carros bogota,0,2,"0,00",0 COP,"0,00 %",—,0 COP,"0,00 %","50,00 %"
rentallcar,Concordancia amplia,Nada,Búsqueda,Bogota,alquiler de carros bogota,0,1,"0,00",0 COP,"0,00 %",—,0 COP,"0,00 %","100,00 %"
rentar auto cerca de mi,Concordancia amplia,Nada,Búsqueda,Bogota,alquiler de carros bogota,0,2,"0,00",0 COP,"0,00 %",—,0 COP,"0,00 %","100,00 %"
rentar camioneta,Concordancia amplia,Nada,Búsqueda,Bogota,alquiler de carros bogota,0,3,"0,00",0 COP,"0,00 %",—,0 COP,"0,00 %","100,00 %"
rentar caro,Concordancia amplia,Nada,Búsqueda,Bogota,alquiler de carros bogota,0,1,"0,00",0 COP,"0,00 %",—,0 COP,"0,00 %","100,00 %"
rentar carro aeropuerto,Concordancia amplia,Nada,Búsqueda,Bogota,alquiler de carros bogota,0,3,"0,00",0 COP,"0,00 %",—,0 COP,"0,00 %","50,00 %"
rentar carro por un dia,Concordancia amplia,Nada,Búsqueda,Bogota,alquiler de carros bogota,0,2,"0,00",0 COP,"0,00 %",—,0 COP,"0,00 %","100,00 %"
rentar de autos,Concordancia amplia,Nada,Búsqueda,Bogota,alquiler de carros bogota,0,1,"0,00",0 COP,"0,00 %",—,0 COP,"0,00 %","100,00 %"
rentar un,Concordancia amplia,Nada,Búsqueda,Bogota,alquiler de carros bogota,0,1,"0,00",0 COP,"0,00 %",—,0 COP,"0,00 %","100,00 %"
rentar un auto,Concordancia amplia,Nada,Búsqueda,Bogota,alquiler de carros bogota,0,1,"0,00",0 COP,"0,00 %",—,0 COP,"0,00 %","100,00 %"
rentar un carro,Concordancia amplia,Nada,Búsqueda,Bogota,alquiler de carros bogota,0,13,"0,00",0 COP,"0,00 %",—,0 COP,"0,00 %","66,67 %"
rentar un carro por un dia,Concordancia amplia,Nada,Búsqueda,Bogota,alquiler de carros bogota,0,1,"0,00",0 COP,"0,00 %",—,0 COP,"0,00 %","0,00 %"
rentar un coche,Concordancia amplia,Nada,Búsqueda,Bogota,alquiler de carros bogota,0,1,"0,00",0 COP,"0,00 %",—,0 COP,"0,00 %","100,00 %"
rentas carros,Concordancia amplia,Nada,Búsqueda,Bogota,alquiler de carros bogota,0,1,"0,00",0 COP,"0,00 %",—,0 COP,"0,00 %","100,00 %"
rentas de autos,Concordancia amplia,Nada,Búsqueda,Bogota,alquiler de carros bogota,0,1,"0,00",0 COP,"0,00 %",—,0 COP,"0,00 %","0,00 %"
rentas de camionetas sin chofer,Concordancia amplia,Nada,Búsqueda,Bogota,alquiler de carros bogota,0,1,"0,00",0 COP,"0,00 %",—,0 COP,"0,00 %","0,00 %"
rentas de carros baratos,Concordancia amplia,Nada,Búsqueda,Bogota,alquiler de carros bogota,0,1,"0,00",0 COP,"0,00 %",—,0 COP,"0,00 %","100,00 %"
rentas de vehiculos,Concordancia amplia,Nada,Búsqueda,Bogota,alquiler de carros bogota,0,1,"0,00",0 COP,"0,00 %",—,0 COP,"0,00 %","100,00 %"
rentauto,Concordancia amplia,Nada,Búsqueda,Bogota,alquiler de carros bogota,0,2,"0,00",0 COP,"0,00 %",—,0 COP,"50,00 %","100,00 %"
rentcar,Concordancia amplia,Nada,Búsqueda,Bogota,alquiler de carros bogota,0,8,"0,00",0 COP,"0,00 %",—,0 COP,"0,00 %","80,00 %"
renti,Concordancia amplia,Nada,Búsqueda,Bogota,alquiler de carros bogota,0,1,"0,00",0 COP,"0,00 %",—,0 COP,"0,00 %","0,00 %"
rentinautos,Concordancia amplia,Nada,Búsqueda,Bogota,alquiler de carros bogota,0,3,"0,00",0 COP,"0,00 %",—,0 COP,"0,00 %","50,00 %"
rento car,Concordancia amplia,Nada,Búsqueda,Bogota,alquiler de carros bogota,0,1,"0,00",0 COP,"0,00 %",—,0 COP,"0,00 %","0,00 %"
rento carro,Concordancia amplia,Nada,Búsqueda,Bogota,alquiler de carros bogota,0,2,"0,00",0 COP,"0,00 %",—,0 COP,"0,00 %","100,00 %"
rentoyacar,Concordancia amplia,Nada,Búsqueda,Bogota,alquiler de carros bogota,0,1,"0,00",0 COP,"0,00 %",—,0 COP,"0,00 %","100,00 %"
rents,Concordancia amplia,Nada,Búsqueda,Bogota,alquiler de carros bogota,0,2,"0,00",0 COP,"0,00 %",—,0 COP,"100,00 %","100,00 %"
rentycar,Concordancia amplia,Nada,Búsqueda,Bogota,alquiler de carros bogota,0,2,"0,00",0 COP,"0,00 %",—,0 COP,"100,00 %","100,00 %"
requisitos para alquilar un carro,Concordancia amplia,Nada,Búsqueda,Bogota,alquiler de carros bogota,0,4,"0,00",0 COP,"0,00 %",—,0 COP,"66,67 %","100,00 %"
carro 7 puestos alquiler,Concordancia amplia,Nada,Búsqueda,Bogota,alquiler de carros bogota,0,1,"0,00",0 COP,"0,00 %",—,0 COP,"0,00 %","0,00 %"
carro alquilar,Concordancia amplia,Nada,Búsqueda,Bogota,alquiler de carros bogota,0,1,"0,00",0 COP,"0,00 %",—,0 COP,"0,00 %","0,00 %"
carro bogota,Concordancia amplia,Nada,Búsqueda,Bogota,alquiler de carros bogota,0,1,"0,00",0 COP,"0,00 %",—,0 COP,"0,00 %","0,00 %"
carro de renta,Concordancia amplia,Nada,Búsqueda,Bogota,alquiler de carros bogota,0,4,"0,00",0 COP,"0,00 %",—,0 COP,"25,00 %","100,00 %"
carro para 7 personas alquiler,Concordancia amplia,Nada,Búsqueda,Bogota,alquiler de carros bogota,0,2,"0,00",0 COP,"0,00 %",—,0 COP,"0,00 %","0,00 %"
carro para viajar,Concordancia amplia,Nada,Búsqueda,Bogota,alquiler de carros bogota,0,1,"0,00",0 COP,"0,00 %",—,0 COP,"0,00 %","0,00 %"
carro renta,Concordancia amplia,Nada,Búsqueda,Bogota,alquiler de carros bogota,0,1,"0,00",0 COP,"0,00 %",—,0 COP,"0,00 %","0,00 %"
carro rentar,Concordancia amplia,Nada,Búsqueda,Bogota,alquiler de carros bogota,0,1,"0,00",0 COP,"0,00 %",—,0 COP,"0,00 %","100,00 %"
carro ya bogotá,Concordancia amplia,Nada,Búsqueda,Bogota,alquiler de carros bogota,0,1,"0,00",0 COP,"0,00 %",—,0 COP,"0,00 %","0,00 %"
carros alquilar,Concordancia amplia,Nada,Búsqueda,Bogota,alquiler de carros bogota,0,2,"0,00",0 COP,"0,00 %",—,0 COP,"0,00 %","50,00 %"
carros para arrendar,Concordancia amplia,Nada,Búsqueda,Bogota,alquiler de carros bogota,0,1,"0,00",0 COP,"0,00 %",—,0 COP,"0,00 %","0,00 %"
comfort rent a car,Concordancia amplia,Nada,Búsqueda,Bogota,alquiler de carros bogota,0,1,"0,00",0 COP,"0,00 %",—,0 COP,"0,00 %","0,00 %"
como alquilar un carro,Concordancia amplia,Nada,Búsqueda,Bogota,alquiler de carros bogota,0,2,"0,00",0 COP,"0,00 %",—,0 COP,"0,00 %","50,00 %"
como alquilar un vehiculo,Concordancia amplia,Nada,Búsqueda,Bogota,alquiler de carros bogota,0,1,"0,00",0 COP,"0,00 %",—,0 COP,"0,00 %","100,00 %"
como alquilar una camioneta,Concordancia amplia,Nada,Búsqueda,Bogota,alquiler de carros bogota,0,2,"0,00",0 COP,"0,00 %",—,0 COP,"0,00 %","0,00 %"
como rentar un carro,Concordancia amplia,Nada,Búsqueda,Bogota,alquiler de carros bogota,0,2,"0,00",0 COP,"0,00 %",—,0 COP,"0,00 %","100,00 %"
confortcars,Concordancia amplia,Nada,Búsqueda,Bogota,alquiler de carros bogota,0,1,"0,00",0 COP,"0,00 %",—,0 COP,"0,00 %","100,00 %"
costo alquiler camioneta por dia,Concordancia amplia,Nada,Búsqueda,Bogota,alquiler de carros bogota,0,2,"0,00",0 COP,"0,00 %",—,0 COP,"0,00 %","100,00 %"
costo de renta camioneta 7 pasajeros,Concordancia amplia,Nada,Búsqueda,Bogota,alquiler de carros bogota,0,1,"0,00",0 COP,"0,00 %",—,0 COP,"0,00 %","0,00 %"
cual es la arrendadora de autos mas economica,Concordancia amplia,Nada,Búsqueda,Bogota,alquiler de carros bogota,0,1,"0,00",0 COP,"0,00 %",—,0 COP,"0,00 %","100,00 %"
cuanto cobran por alquilar un carro,Concordancia amplia,Nada,Búsqueda,Bogota,alquiler de carros bogota,0,1,"0,00",0 COP,"0,00 %",—,0 COP,"0,00 %","100,00 %"
cuanto cuesta alquilar un carro,Concordancia amplia,Nada,Búsqueda,Bogota,alquiler de carros bogota,0,1,"0,00",0 COP,"0,00 %",—,0 COP,"0,00 %","100,00 %"
cuanto cuesta alquilar una camioneta por dia,Concordancia amplia,Nada,Búsqueda,Bogota,alquiler de carros bogota,0,1,"0,00",0 COP,"0,00 %",—,0 COP,"0,00 %","0,00 %"
cuanto cuesta el alquiler de un carro,Concordancia amplia,Nada,Búsqueda,Bogota,alquiler de carros bogota,0,1,"0,00",0 COP,"0,00 %",—,0 COP,"0,00 %","100,00 %"
cuanto cuesta el alquiler de un carro por dia,Concordancia amplia,Nada,Búsqueda,Bogota,alquiler de carros bogota,0,1,"0,00",0 COP,"0,00 %",—,0 COP,"0,00 %","0,00 %"
cuanto es el deposito de garantia para rentar un carro,Concordancia amplia,Nada,Búsqueda,Bogota,alquiler de carros bogota,0,1,"0,00",0 COP,"0,00 %",—,0 COP,"100,00 %","100,00 %"
cuanto vale alquilar un auto,Concordancia amplia,Nada,Búsqueda,Bogota,alquiler de carros bogota,0,1,"0,00",0 COP,"0,00 %",—,0 COP,"0,00 %","0,00 %"
cuanto vale el alquiler de un auto,Concordancia amplia,Nada,Búsqueda,Bogota,alquiler de carros bogota,0,1,"0,00",0 COP,"0,00 %",—,0 COP,"0,00 %","100,00 %"
cuanto vale el alquiler de un carro,Concordancia amplia,Nada,Búsqueda,Bogota,alquiler de carros bogota,0,4,"0,00",0 COP,"0,00 %",—,0 COP,"0,00 %","75,00 %"
cuanto vale el alquiler de un carro por dia,Concordancia amplia,Nada,Búsqueda,Bogota,alquiler de carros bogota,0,3,"0,00",0 COP,"0,00 %",—,0 COP,"0,00 %","33,33 %"
cuanto vale la alquilada de un carro,Concordancia amplia,Nada,Búsqueda,Bogota,alquiler de carros bogota,0,2,"0,00",0 COP,"0,00 %",—,0 COP,"0,00 %","50,00 %"
cuánto cuesta rentar un carro,Concordancia amplia,Nada,Búsqueda,Bogota,alquiler de carros bogota,0,2,"0,00",0 COP,"0,00 %",—,0 COP,"0,00 %","100,00 %"
cuánto sale alquilar un auto por día,Concordancia amplia,Nada,Búsqueda,Bogota,alquiler de carros bogota,0,1,"0,00",0 COP,"0,00 %",—,0 COP,"0,00 %","100,00 %"
cuánto vale alquilar un carro,Concordancia amplia,Nada,Búsqueda,Bogota,alquiler de carros bogota,0,1,"0,00",0 COP,"0,00 %",—,0 COP,"0,00 %","0,00 %"
cuánto vale el alquiler de un carro en colombia,Concordancia amplia,Nada,Búsqueda,Bogota,alquiler de carros bogota,0,1,"0,00",0 COP,"0,00 %",—,0 COP,"0,00 %","0,00 %"
cómo alquilar un auto,Concordancia amplia,Nada,Búsqueda,Bogota,alquiler de carros bogota,0,1,"0,00",0 COP,"0,00 %",—,0 COP,"0,00 %","100,00 %"
cómo hago para alquilar un auto de rentas,Concordancia amplia,Nada,Búsqueda,Bogota,alquiler de carros bogota,0,1,"0,00",0 COP,"0,00 %",—,0 COP,"0,00 %","100,00 %"
destinos rent a car,Concordancia amplia,Nada,Búsqueda,Bogota,alquiler de carros bogota,0,1,"0,00",0 COP,"0,00 %",—,0 COP,"0,00 %","100,00 %"
deytour renta car,Concordancia amplia,Nada,Búsqueda,Bogota,alquiler de carros bogota,0,2,"0,00",0 COP,"0,00 %",—,0 COP,"0,00 %","100,00 %"
diagonal 24c 99 45,Concordancia amplia,Nada,Búsqueda,Bogota,alquiler de carros bogota,0,1,"0,00",0 COP,"0,00 %",—,0 COP,"0,00 %","0,00 %"
diagonal 24c 99 45 fontibón,Concordancia amplia,Nada,Búsqueda,Bogota,alquiler de carros bogota,0,1,"0,00",0 COP,"0,00 %",—,0 COP,"0,00 %","100,00 %"
dollar rent car bogota,Concordancia amplia,Nada,Búsqueda,Bogota,alquiler de carros bogota,0,1,"0,00",0 COP,"0,00 %",—,0 COP,"0,00 %","100,00 %"
donde alquilar un coche cerca de mi,Concordancia amplia,Nada,Búsqueda,Bogota,alquiler de carros bogota,0,1,"0,00",0 COP,"0,00 %",—,0 COP,"0,00 %","0,00 %"
donde arrendar un auto,Concordancia amplia,Nada,Búsqueda,Bogota,alquiler de carros bogota,0,2,"0,00",0 COP,"0,00 %",—,0 COP,"0,00 %","50,00 %"
donde se puede rentar un auto,Concordancia amplia,Nada,Búsqueda,Bogota,alquiler de carros bogota,0,1,"0,00",0 COP,"0,00 %",—,0 COP,"0,00 %","100,00 %"
drive renta car,Concordancia amplia,Nada,Búsqueda,Bogota,alquiler de carros bogota,0,1,"0,00",0 COP,"0,00 %",—,0 COP,"0,00 %","100,00 %"
dónde rentar un carro,Concordancia amplia,Nada,Búsqueda,Bogota,alquiler de carros bogota,0,1,"0,00",0 COP,"0,00 %",—,0 COP,"0,00 %","100,00 %"
economy rent a car,Concordancia amplia,Nada,Búsqueda,Bogota,alquiler de carros bogota,0,1,"0,00",0 COP,"0,00 %",—,0 COP,"100,00 %","100,00 %"
empresa alquiler de autos,Concordancia amplia,Nada,Búsqueda,Bogota,alquiler de carros bogota,0,1,"0,00",0 COP,"0,00 %",—,0 COP,"100,00 %","100,00 %"
empresa de alquiler de carros,Concordancia amplia,Nada,Búsqueda,Bogota,alquiler de carros bogota,0,1,"0,00",0 COP,"0,00 %",—,0 COP,"0,00 %","100,00 %"
empresa rent a car,Concordancia amplia,Nada,Búsqueda,Bogota,alquiler de carros bogota,0,1,"0,00",0 COP,"0,00 %",—,0 COP,"0,00 %","100,00 %"
empresas de renta de carros,Concordancia amplia,Nada,Búsqueda,Bogota,alquiler de carros bogota,0,3,"0,00",0 COP,"0,00 %",—,0 COP,"0,00 %","33,33 %"
car for rent near me,Concordancia amplia,Nada,Búsqueda,Medellin,alquiler de carros medellin,0,1,"0,00",0 COP,"0,00 %",—,0 COP,"0,00 %","100,00 %"
car rental near me,Concordancia amplia,Nada,Búsqueda,Medellin,alquiler de carros medellin,0,3,"0,00",0 COP,"0,00 %",—,0 COP,"0,00 %","100,00 %"
car rentals,Concordancia amplia,Nada,Búsqueda,Medellin,alquiler de carros medellin,0,1,"0,00",0 COP,"0,00 %",—,0 COP,"0,00 %","100,00 %"
carrera 49 17 36 industriales,Concordancia amplia,Nada,Búsqueda,Medellin,alquiler de carros medellin,0,1,"0,00",0 COP,"0,00 %",—,0 COP,"0,00 %","100,00 %"
carro para rentar,Concordancia amplia,Nada,Búsqueda,Medellin,alquiler de carros medellin,0,1,"0,00",0 COP,"0,00 %",—,0 COP,"0,00 %","100,00 %"
carro rentado,Concordancia amplia,Nada,Búsqueda,Medellin,alquiler de carros medellin,0,1,"0,00",0 COP,"0,00 %",—,0 COP,"0,00 %","0,00 %"
carros medellin,Concordancia amplia,Nada,Búsqueda,Medellin,alquiler de carros medellin,0,1,"0,00",0 COP,"0,00 %",—,0 COP,"0,00 %","100,00 %"
app de renta de autos,Concordancia amplia,Nada,Búsqueda,Barranquilla,alquiler de carros en barranquilla,0,1,"0,00",0 COP,"0,00 %",—,0 COP,"0,00 %","100,00 %"
arrendar auto,Concordancia amplia,Nada,Búsqueda,Barranquilla,alquiler de carros en barranquilla,0,1,"0,00",0 COP,"0,00 %",—,0 COP,"100,00 %","100,00 %"
arrendar carro,Concordancia amplia,Nada,Búsqueda,Barranquilla,alquiler de carros en barranquilla,0,1,"0,00",0 COP,"0,00 %",—,0 COP,"0,00 %","100,00 %"
arrendar carros,Concordancia amplia,Nada,Búsqueda,Barranquilla,alquiler de carros en barranquilla,0,1,"0,00",0 COP,"0,00 %",—,0 COP,"0,00 %","100,00 %"
auto arrendamiento,Concordancia amplia,Nada,Búsqueda,Barranquilla,alquiler de carros en barranquilla,0,1,"0,00",0 COP,"0,00 %",—,0 COP,"0,00 %","100,00 %"
auto rental,Concordancia amplia,Nada,Búsqueda,Barranquilla,alquiler de carros en barranquilla,0,1,"0,00",0 COP,"0,00 %",—,0 COP,"0,00 %","0,00 %"
autorent,Concordancia amplia,Nada,Búsqueda,Barranquilla,alquiler de carros en barranquilla,0,1,"0,00",0 COP,"0,00 %",—,0 COP,"0,00 %","100,00 %"
autorentcar,Concordancia amplia,Nada,Búsqueda,Barranquilla,alquiler de carros en barranquilla,0,1,"0,00",0 COP,"0,00 %",—,0 COP,"0,00 %","0,00 %"
autos buenavista barranquilla,Concordancia amplia,Nada,Búsqueda,Barranquilla,alquiler de carros en barranquilla,0,1,"0,00",0 COP,"0,00 %",—,0 COP,"0,00 %","100,00 %"
barranquilla carros,Concordancia amplia,Nada,Búsqueda,Barranquilla,alquiler de carros en barranquilla,0,1,"0,00",0 COP,"0,00 %",—,0 COP,"0,00 %","100,00 %"
camioneta rentar,Concordancia amplia,Nada,Búsqueda,Barranquilla,alquiler de carros en barranquilla,0,1,"0,00",0 COP,"0,00 %",—,0 COP,"0,00 %","0,00 %"
car rent,Concordancia amplia,Nada,Búsqueda,Barranquilla,alquiler de carros en barranquilla,0,1,"0,00",0 COP,"0,00 %",—,0 COP,"0,00 %","100,00 %"
car renta,Concordancia amplia,Nada,Búsqueda,Barranquilla,alquiler de carros en barranquilla,0,1,"0,00",0 COP,"0,00 %",—,0 COP,"0,00 %","0,00 %"
car rentals barranquilla,Concordancia amplia,Nada,Búsqueda,Barranquilla,alquiler de carros en barranquilla,0,1,"0,00",0 COP,"0,00 %",—,0 COP,"0,00 %","100,00 %"
carro en alquiler,Concordancia amplia,Nada,Búsqueda,Barranquilla,alquiler de carros en barranquilla,0,1,"0,00",0 COP,"0,00 %",—,0 COP,"0,00 %","100,00 %"
carro para 8 personas alquiler,Concordancia amplia,Nada,Búsqueda,Barranquilla,alquiler de carros en barranquilla,0,1,"0,00",0 COP,"0,00 %",—,0 COP,"0,00 %","100,00 %"
carros alquiler,Concordancia amplia,Nada,Búsqueda,Barranquilla,alquiler de carros en barranquilla,0,2,"0,00",0 COP,"0,00 %",—,0 COP,"0,00 %","0,00 %"
carros arrendados,Concordancia amplia,Nada,Búsqueda,Barranquilla,alquiler de carros en barranquilla,0,1,"0,00",0 COP,"0,00 %",—,0 COP,"0,00 %","100,00 %"
carros en alquiler,Concordancia amplia,Nada,Búsqueda,Barranquilla,alquiler de carros en barranquilla,0,3,"0,00",0 COP,"0,00 %",—,0 COP,"33,33 %","66,67 %"
carros en renta,Concordancia amplia,Nada,Búsqueda,Barranquilla,alquiler de carros en barranquilla,0,1,"0,00",0 COP,"0,00 %",—,0 COP,"0,00 %","100,00 %"
carros para alquilar,Concordancia amplia,Nada,Búsqueda,Barranquilla,alquiler de carros en barranquilla,0,3,"0,00",0 COP,"0,00 %",—,0 COP,"0,00 %","100,00 %"
carros para renta,Concordancia amplia,Nada,Búsqueda,Barranquilla,alquiler de carros en barranquilla,0,1,"0,00",0 COP,"0,00 %",—,0 COP,"0,00 %","100,00 %"
cars renta,Concordancia amplia,Nada,Búsqueda,Barranquilla,alquiler de carros en barranquilla,0,1,"0,00",0 COP,"0,00 %",—,0 COP,"0,00 %","100,00 %"
como alquilar un carro,Concordancia amplia,Nada,Búsqueda,Barranquilla,alquiler de carros en barranquilla,0,1,"0,00",0 COP,"0,00 %",—,0 COP,"0,00 %","100,00 %"
cuanto cuesta el alquiler de un auto por dia,Concordancia amplia,Nada,Búsqueda,Barranquilla,alquiler de carros en barranquilla,0,1,"0,00",0 COP,"0,00 %",—,0 COP,"0,00 %","100,00 %"
cuanto cuesta el alquiler de un carro,Concordancia amplia,Nada,Búsqueda,Barranquilla,alquiler de carros en barranquilla,0,1,"0,00",0 COP,"0,00 %",—,0 COP,"0,00 %","100,00 %"
cuanto cuesta el alquiler de un carro en colombia,Concordancia amplia,Nada,Búsqueda,Barranquilla,alquiler de carros en barranquilla,0,1,"0,00",0 COP,"0,00 %",—,0 COP,"0,00 %","100,00 %"
cuanto cuesta rentar un carro en colombia,Concordancia amplia,Nada,Búsqueda,Barranquilla,alquiler de carros en barranquilla,0,1,"0,00",0 COP,"0,00 %",—,0 COP,"0,00 %","100,00 %"
cuanto cuesta rentar un carro por dia,Concordancia amplia,Nada,Búsqueda,Barranquilla,alquiler de carros en barranquilla,0,1,"0,00",0 COP,"0,00 %",—,0 COP,"0,00 %","0,00 %"
cuanto vale el alquiler de un carro,Concordancia amplia,Nada,Búsqueda,Barranquilla,alquiler de carros en barranquilla,0,1,"0,00",0 COP,"0,00 %",—,0 COP,"0,00 %","0,00 %"
cuanto vale rentar un carro en colombia,Concordancia amplia,Nada,Búsqueda,Barranquilla,alquiler de carros en barranquilla,0,1,"0,00",0 COP,"0,00 %",—,0 COP,"0,00 %","100,00 %"
dan rent a car,Concordancia amplia,Nada,Búsqueda,Barranquilla,alquiler de carros en barranquilla,0,1,"0,00",0 COP,"0,00 %",—,0 COP,"0,00 %","100,00 %"
donde puedo alquilar un carro,Concordancia amplia,Nada,Búsqueda,Barranquilla,alquiler de carros en barranquilla,0,1,"0,00",0 COP,"0,00 %",—,0 COP,"0,00 %","100,00 %"
elite rent a car,Concordancia amplia,Nada,Búsqueda,Barranquilla,alquiler de carros en barranquilla,0,1,"0,00",0 COP,"0,00 %",—,0 COP,"100,00 %","100,00 %"
empresa de alquiler de carros,Concordancia amplia,Nada,Búsqueda,Barranquilla,alquiler de carros en barranquilla,0,1,"0,00",0 COP,"0,00 %",—,0 COP,"0,00 %","100,00 %"
empresa de renta de autos,Concordancia amplia,Nada,Búsqueda,Barranquilla,alquiler de carros en barranquilla,0,2,"0,00",0 COP,"0,00 %",—,0 COP,"0,00 %","100,00 %"
empresas que rentan carros,Concordancia amplia,Nada,Búsqueda,Barranquilla,alquiler de carros en barranquilla,0,1,"0,00",0 COP,"0,00 %",—,0 COP,"0,00 %","100,00 %"
falabella alquiler de autos,Concordancia amplia,Nada,Búsqueda,Barranquilla,alquiler de carros en barranquilla,0,1,"0,00",0 COP,"0,00 %",—,0 COP,"0,00 %","0,00 %"
fit car rental,Concordancia amplia,Nada,Búsqueda,Barranquilla,alquiler de carros en barranquilla,0,1,"0,00",0 COP,"0,00 %",—,0 COP,"0,00 %","100,00 %"
jc renta car,Concordancia amplia,Nada,Búsqueda,Barranquilla,alquiler de carros en barranquilla,0,3,"0,00",0 COP,"0,00 %",—,0 COP,"50,00 %","100,00 %"
lujo rent car,Concordancia amplia,Nada,Búsqueda,Barranquilla,alquiler de carros en barranquilla,0,2,"0,00",0 COP,"0,00 %",—,0 COP,"0,00 %","100,00 %"
paginas para rentar carros,Concordancia amplia,Nada,Búsqueda,Barranquilla,alquiler de carros en barranquilla,0,1,"0,00",0 COP,"0,00 %",—,0 COP,"0,00 %","100,00 %"
precio alquiler de carro,Concordancia amplia,Nada,Búsqueda,Barranquilla,alquiler de carros en barranquilla,0,1,"0,00",0 COP,"0,00 %",—,0 COP,"0,00 %","0,00 %"
precio de alquiler de carro por dia,Concordancia amplia,Nada,Búsqueda,Barranquilla,alquiler de carros en barranquilla,0,1,"0,00",0 COP,"0,00 %",—,0 COP,"0,00 %","100,00 %"
premium rent a car,Concordancia amplia,Nada,Búsqueda,Barranquilla,alquiler de carros en barranquilla,0,1,"0,00",0 COP,"0,00 %",—,0 COP,"0,00 %","100,00 %"
que cuesta el alquiler de un carro,Concordancia amplia,Nada,Búsqueda,Barranquilla,alquiler de carros en barranquilla,0,1,"0,00",0 COP,"0,00 %",—,0 COP,"0,00 %","0,00 %"
que cuesta rentar un carro,Concordancia amplia,Nada,Búsqueda,Barranquilla,alquiler de carros en barranquilla,0,1,"0,00",0 COP,"0,00 %",—,0 COP,"0,00 %","0,00 %"
que se necesita para rentar un carro,Concordancia amplia,Nada,Búsqueda,Barranquilla,alquiler de carros en barranquilla,0,1,"0,00",0 COP,"0,00 %",—,0 COP,"0,00 %","100,00 %"
que vale alquilar un carro,Concordancia amplia,Nada,Búsqueda,Barranquilla,alquiler de carros en barranquilla,0,1,"0,00",0 COP,"0,00 %",—,0 COP,"0,00 %","0,00 %"
que vale el alquiler de un carro,Concordancia amplia,Nada,Búsqueda,Barranquilla,alquiler de carros en barranquilla,0,1,"0,00",0 COP,"0,00 %",—,0 COP,"0,00 %","100,00 %"
quilla rent a car,Concordancia amplia,Nada,Búsqueda,Barranquilla,alquiler de carros en barranquilla,0,1,"0,00",0 COP,"0,00 %",—,0 COP,"0,00 %","100,00 %"
reizencol,Concordancia amplia,Nada,Búsqueda,Barranquilla,alquiler de carros en barranquilla,0,1,"0,00",0 COP,"0,00 %",—,0 COP,"0,00 %","100,00 %"
rent auto,Concordancia amplia,Nada,Búsqueda,Barranquilla,alquiler de carros en barranquilla,0,1,"0,00",0 COP,"0,00 %",—,0 COP,"0,00 %","100,00 %"
rent car aeropuerto,Concordancia amplia,Nada,Búsqueda,Barranquilla,alquiler de carros en barranquilla,0,1,"0,00",0 COP,"0,00 %",—,0 COP,"100,00 %","100,00 %"
rent car bancolombia,Concordancia amplia,Nada,Búsqueda,Barranquilla,alquiler de carros en barranquilla,0,1,"0,00",0 COP,"0,00 %",—,0 COP,"0,00 %","100,00 %"
rent car near me,Concordancia amplia,Nada,Búsqueda,Barranquilla,alquiler de carros en barranquilla,0,1,"0,00",0 COP,"0,00 %",—,0 COP,"0,00 %","100,00 %"
renta ar,Concordancia amplia,Nada,Búsqueda,Barranquilla,alquiler de carros en barranquilla,0,1,"0,00",0 COP,"0,00 %",—,0 COP,"0,00 %","100,00 %"
renta de auto,Concordancia amplia,Nada,Búsqueda,Barranquilla,alquiler de carros en barranquilla,0,2,"0,00",0 COP,"0,00 %",—,0 COP,"0,00 %","50,00 %"
renta de autos,Concordancia amplia,Nada,Búsqueda,Barranquilla,alquiler de carros en barranquilla,0,5,"0,00",0 COP,"0,00 %",—,0 COP,"50,00 %","100,00 %"
renta de car,Concordancia amplia,Nada,Búsqueda,Barranquilla,alquiler de carros en barranquilla,0,1,"0,00",0 COP,"0,00 %",—,0 COP,"100,00 %","100,00 %"
renta de carro,Concordancia amplia,Nada,Búsqueda,Barranquilla,alquiler de carros en barranquilla,0,10,"0,00",0 COP,"0,00 %",—,0 COP,"0,00 %","100,00 %"
renta de carro por dia,Concordancia amplia,Nada,Búsqueda,Barranquilla,alquiler de carros en barranquilla,0,1,"0,00",0 COP,"0,00 %",—,0 COP,"0,00 %","100,00 %"
renta de carros para 7 personas,Concordancia amplia,Nada,Búsqueda,Barranquilla,alquiler de carros en barranquilla,0,1,"0,00",0 COP,"0,00 %",—,0 COP,"0,00 %","100,00 %"
renta de vehiculos economicos,Concordancia amplia,Nada,Búsqueda,Barranquilla,alquiler de carros en barranquilla,0,2,"0,00",0 COP,"0,00 %",—,0 COP,"100,00 %","100,00 %"
rentaauto,Concordancia amplia,Nada,Búsqueda,Barranquilla,alquiler de carros en barranquilla,0,2,"0,00",0 COP,"0,00 %",—,0 COP,"100,00 %","100,00 %"
rentacaf,Concordancia amplia,Nada,Búsqueda,Barranquilla,alquiler de carros en barranquilla,0,3,"0,00",0 COP,"0,00 %",—,0 COP,"0,00 %","50,00 %"
rentadora de autos cerca de mi,Concordancia amplia,Nada,Búsqueda,Barranquilla,alquiler de carros en barranquilla,0,3,"0,00",0 COP,"0,00 %",—,0 COP,"0,00 %","50,00 %"
rental car,Concordancia amplia,Nada,Búsqueda,Barranquilla,alquiler de carros en barranquilla,0,1,"0,00",0 COP,"0,00 %",—,0 COP,"0,00 %","100,00 %"
rental car near me,Concordancia amplia,Nada,Búsqueda,Barranquilla,alquiler de carros en barranquilla,0,1,"0,00",0 COP,"0,00 %",—,0 COP,"0,00 %","100,00 %"
rentar auto,Concordancia amplia,Nada,Búsqueda,Barranquilla,alquiler de carros en barranquilla,0,1,"0,00",0 COP,"0,00 %",—,0 COP,"0,00 %","0,00 %"
rentar car,Concordancia amplia,Nada,Búsqueda,Barranquilla,alquiler de carros en barranquilla,0,1,"0,00",0 COP,"0,00 %",—,0 COP,"0,00 %","0,00 %"
rentar carro cerca de mi,Concordancia amplia,Nada,Búsqueda,Barranquilla,alquiler de carros en barranquilla,0,1,"0,00",0 COP,"0,00 %",—,0 COP,"0,00 %","100,00 %"
rentar carro en,Concordancia amplia,Nada,Búsqueda,Barranquilla,alquiler de carros en barranquilla,0,1,"0,00",0 COP,"0,00 %",—,0 COP,"0,00 %","100,00 %"
rentar un carro,Concordancia amplia,Nada,Búsqueda,Barranquilla,alquiler de carros en barranquilla,0,4,"0,00",0 COP,"0,00 %",—,0 COP,"0,00 %","75,00 %"
rentarlo,Concordancia amplia,Nada,Búsqueda,Barranquilla,alquiler de carros en barranquilla,0,1,"0,00",0 COP,"0,00 %",—,0 COP,"100,00 %","100,00 %"
rentcar,Concordancia amplia,Nada,Búsqueda,Barranquilla,alquiler de carros en barranquilla,0,1,"0,00",0 COP,"0,00 %",—,0 COP,"0,00 %","100,00 %"
requisitos para alquilar un carro,Concordancia amplia,Nada,Búsqueda,Barranquilla,alquiler de carros en barranquilla,0,1,"0,00",0 COP,"0,00 %",—,0 COP,—,—
requisitos para rentar un carro en colombia,Concordancia amplia,Nada,Búsqueda,Barranquilla,alquiler de carros en barranquilla,0,1,"0,00",0 COP,"0,00 %",—,0 COP,"0,00 %","0,00 %"
reserva carro,Concordancia amplia,Nada,Búsqueda,Barranquilla,alquiler de carros en barranquilla,0,2,"0,00",0 COP,"0,00 %",—,0 COP,"0,00 %","100,00 %"
telefono rent a car,Concordancia amplia,Nada,Búsqueda,Barranquilla,alquiler de carros en barranquilla,0,1,"0,00",0 COP,"0,00 %",—,0 COP,"0,00 %","100,00 %"
transporte en barranquilla,Concordancia amplia,Nada,Búsqueda,Barranquilla,alquiler de carros en barranquilla,0,1,"0,00",0 COP,"0,00 %",—,0 COP,"0,00 %","100,00 %"
vehiculos en alquiler,Concordancia amplia,Nada,Búsqueda,Barranquilla,alquiler de carros en barranquilla,0,3,"0,00",0 COP,"0,00 %",—,0 COP,"33,33 %","100,00 %"
vip cars,Concordancia amplia,Nada,Búsqueda,Barranquilla,alquiler de carros en barranquilla,0,1,"0,00",0 COP,"0,00 %",—,0 COP,"0,00 %","100,00 %"
agencias de alquiler de carros en barranquilla,Concordancia exacta (ligera variación),Nada,Búsqueda,Barranquilla,alquiler de carros en barranquilla,0,1,"0,00",0 COP,"0,00 %",—,0 COP,"100,00 %","100,00 %"
alquiler de carros quilla rent a car,Concordancia exacta (ligera variación),Nada,Búsqueda,Barranquilla,alquiler de carros en barranquilla,0,1,"0,00",0 COP,"0,00 %",—,0 COP,"0,00 %","100,00 %"
alquiler de coches en barranquilla,Concordancia exacta (ligera variación),Nada,Búsqueda,Barranquilla,alquiler de carros en barranquilla,0,4,"0,00",0 COP,"0,00 %",—,0 COP,"0,00 %","100,00 %"
alquiler de coches en barranquilla colombia,Concordancia exacta (ligera variación),Nada,Búsqueda,Barranquilla,alquiler de carros en barranquilla,0,1,"0,00",0 COP,"0,00 %",—,0 COP,"0,00 %","0,00 %"
alquiler de vehículos barranquilla,Concordancia exacta (ligera variación),Nada,Búsqueda,Barranquilla,alquiler de carros en barranquilla,0,1,"0,00",0 COP,"0,00 %",—,0 COP,"0,00 %","100,00 %"
alquiler vehículos barranquilla,Concordancia exacta (ligera variación),Nada,Búsqueda,Barranquilla,alquiler de carros en barranquilla,0,3,"0,00",0 COP,"0,00 %",—,0 COP,"0,00 %","100,00 %"
arrendar carro en barranquilla,Concordancia exacta (ligera variación),Nada,Búsqueda,Barranquilla,alquiler de carros en barranquilla,0,1,"0,00",0 COP,"0,00 %",—,0 COP,"0,00 %","100,00 %"
barranquilla alquiler de vehiculos,Concordancia exacta (ligera variación),Nada,Búsqueda,Barranquilla,alquiler de carros en barranquilla,0,1,"0,00",0 COP,"0,00 %",—,0 COP,"0,00 %","100,00 %"
carros en alquiler en barranquilla,Concordancia exacta (ligera variación),Nada,Búsqueda,Barranquilla,alquiler de carros en barranquilla,0,1,"0,00",0 COP,"0,00 %",—,0 COP,"0,00 %","100,00 %"
cuanto cuesta alquilar un carro en barranquilla,Concordancia exacta (ligera variación),Nada,Búsqueda,Barranquilla,alquiler de carros en barranquilla,0,8,"0,00",0 COP,"0,00 %",—,0 COP,"0,00 %","50,00 %"
cuanto cuesta el alquiler de un carro en barranquilla,Concordancia exacta (ligera variación),Nada,Búsqueda,Barranquilla,alquiler de carros en barranquilla,0,1,"0,00",0 COP,"0,00 %",—,0 COP,"0,00 %","0,00 %"
cuanto vale alquilar un carro en barranquilla,Concordancia exacta (ligera variación),Nada,Búsqueda,Barranquilla,alquiler de carros en barranquilla,0,8,"0,00",0 COP,"0,00 %",—,0 COP,"0,00 %","85,71 %"
donde alquilar carros en barranquilla,Concordancia exacta (ligera variación),Nada,Búsqueda,Barranquilla,alquiler de carros en barranquilla,0,1,"0,00",0 COP,"0,00 %",—,0 COP,"0,00 %","0,00 %"
renta autos barranquilla,Concordancia exacta (ligera variación),Nada,Búsqueda,Barranquilla,alquiler de carros en barranquilla,0,17,"0,00",0 COP,"0,00 %",—,0 COP,"27,27 %","100,00 %"
renta de autos en barranquilla colombia,Concordancia exacta (ligera variación),Nada,Búsqueda,Barranquilla,alquiler de carros en barranquilla,0,1,"0,00",0 COP,"0,00 %",—,0 COP,"0,00 %","100,00 %"
renta vehiculos barranquilla,Concordancia exacta (ligera variación),Nada,Búsqueda,Barranquilla,alquiler de carros en barranquilla,0,2,"0,00",0 COP,"0,00 %",—,0 COP,"100,00 %","100,00 %"
rental car barranquilla,Concordancia exacta (ligera variación),Nada,Búsqueda,Barranquilla,alquiler de carros en barranquilla,0,10,"0,00",0 COP,"0,00 %",—,0 COP,"11,11 %","66,67 %"
rental car barranquilla colombia,Concordancia exacta (ligera variación),Nada,Búsqueda,Barranquilla,alquiler de carros en barranquilla,0,3,"0,00",0 COP,"0,00 %",—,0 COP,"50,00 %","100,00 %"
rental cars barranquilla,Concordancia exacta (ligera variación),Nada,Búsqueda,Barranquilla,alquiler de carros en barranquilla,0,1,"0,00",0 COP,"0,00 %",—,0 COP,"0,00 %","0,00 %"
alquiler autos barranquilla,Concordancia de frase (ligera variación),Nada,Búsqueda,Barranquilla,alquiler de carros en barranquilla,0,1,"0,00",0 COP,"0,00 %",—,0 COP,"0,00 %","0,00 %"
alquiler camioneta 7 puestos barranquilla,Concordancia de frase (ligera variación),Nada,Búsqueda,Barranquilla,alquiler de carros en barranquilla,0,1,"0,00",0 COP,"0,00 %",—,0 COP,"0,00 %","0,00 %"
alquiler camionetas barranquilla,Concordancia de frase (ligera variación),Nada,Búsqueda,Barranquilla,alquiler de carros en barranquilla,0,4,"0,00",0 COP,"0,00 %",—,0 COP,"0,00 %","100,00 %"
alquiler carros barranquilla aeropuerto,Concordancia de frase (ligera variación),Nada,Búsqueda,Barranquilla,alquiler de carros en barranquilla,0,3,"0,00",0 COP,"0,00 %",—,0 COP,"0,00 %","100,00 %"
alquiler de autos barranquilla,Concordancia de frase (ligera variación),Nada,Búsqueda,Barranquilla,alquiler de carros en barranquilla,0,1,"0,00",0 COP,"0,00 %",—,0 COP,"0,00 %","100,00 %"
alquiler de camionetas 4x4 en barranquilla,Concordancia de frase (ligera variación),Nada,Búsqueda,Barranquilla,alquiler de carros en barranquilla,0,1,"0,00",0 COP,"0,00 %",—,0 COP,"0,00 %","100,00 %"
alquiler de carros barranquilla olx,Concordancia de frase (ligera variación),Nada,Búsqueda,Barranquilla,alquiler de carros en barranquilla,0,1,"0,00",0 COP,"0,00 %",—,0 COP,"100,00 %","100,00 %"
rent a car barranquilla teléfono,Concordancia de frase (ligera variación),Nada,Búsqueda,Barranquilla,alquiler de carros en barranquilla,0,2,"0,00",0 COP,"0,00 %",—,0 COP,"0,00 %","50,00 %"
alquilar carro,Concordancia amplia,Nada,Búsqueda,Bucaramanga unica Airport,alquiler de carros en bucaramanga,0,5,"0,00",0 COP,"0,00 %",—,0 COP,"0,00 %","75,00 %"
alquilar carros,Concordancia amplia,Nada,Búsqueda,Bucaramanga unica Airport,alquiler de carros en bucaramanga,0,1,"0,00",0 COP,"0,00 %",—,0 COP,"0,00 %","100,00 %"
alquilar un carro por un dia,Concordancia amplia,Nada,Búsqueda,Bucaramanga unica Airport,alquiler de carros en bucaramanga,0,2,"0,00",0 COP,"0,00 %",—,0 COP,"0,00 %","100,00 %"
alquilar vehículo,Concordancia amplia,Nada,Búsqueda,Bucaramanga unica Airport,alquiler de carros en bucaramanga,0,1,"0,00",0 COP,"0,00 %",—,0 COP,"0,00 %","100,00 %"
alquilauto,Concordancia amplia,Nada,Búsqueda,Bucaramanga unica Airport,alquiler de carros en bucaramanga,0,2,"0,00",0 COP,"0,00 %",—,0 COP,"0,00 %","100,00 %"
alquiler camioneta,Concordancia amplia,Nada,Búsqueda,Bucaramanga unica Airport,alquiler de carros en bucaramanga,0,4,"0,00",0 COP,"0,00 %",—,0 COP,"33,33 %","100,00 %"
alquiler camionetas,Concordancia amplia,Nada,Búsqueda,Bucaramanga unica Airport,alquiler de carros en bucaramanga,0,1,"0,00",0 COP,"0,00 %",—,0 COP,"0,00 %","100,00 %"
alquiler carro bucaramanga aeropuerto,Concordancia amplia,Nada,Búsqueda,Bucaramanga unica Airport,alquiler de carros en bucaramanga,0,2,"0,00",0 COP,"0,00 %",—,0 COP,"0,00 %","100,00 %"
alquiler carro mensual,Concordancia amplia,Nada,Búsqueda,Bucaramanga unica Airport,alquiler de carros en bucaramanga,0,1,"0,00",0 COP,"0,00 %",—,0 COP,"0,00 %","0,00 %"
alquiler carro por dia,Concordancia amplia,Nada,Búsqueda,Bucaramanga unica Airport,alquiler de carros en bucaramanga,0,1,"0,00",0 COP,"0,00 %",—,0 COP,"100,00 %","100,00 %"
alquiler carro por dias,Concordancia amplia,Nada,Búsqueda,Bucaramanga unica Airport,alquiler de carros en bucaramanga,0,2,"0,00",0 COP,"0,00 %",—,0 COP,"50,00 %","100,00 %"
alquiler carros,Concordancia amplia,Nada,Búsqueda,Bucaramanga unica Airport,alquiler de carros en bucaramanga,0,6,"0,00",0 COP,"0,00 %",—,0 COP,"0,00 %","60,00 %"
alquiler de auto,Concordancia amplia,Nada,Búsqueda,Bucaramanga unica Airport,alquiler de carros en bucaramanga,0,1,"0,00",0 COP,"0,00 %",—,0 COP,"0,00 %","100,00 %"
alquiler de autos económicos,Concordancia amplia,Nada,Búsqueda,Bucaramanga unica Airport,alquiler de carros en bucaramanga,0,1,"0,00",0 COP,"0,00 %",—,0 COP,"0,00 %","100,00 %"
alquiler de camioneta para 8 personas,Concordancia amplia,Nada,Búsqueda,Bucaramanga unica Airport,alquiler de carros en bucaramanga,0,1,"0,00",0 COP,"0,00 %",—,0 COP,"0,00 %","100,00 %"
alquiler de camionetas,Concordancia amplia,Nada,Búsqueda,Bucaramanga unica Airport,alquiler de carros en bucaramanga,0,1,"0,00",0 COP,"0,00 %",—,0 COP,"0,00 %","100,00 %"
alquiler de carro por dias,Concordancia amplia,Nada,Búsqueda,Bucaramanga unica Airport,alquiler de carros en bucaramanga,0,1,"0,00",0 COP,"0,00 %",—,0 COP,"0,00 %","0,00 %"
alquiler de carros aeropuerto,Concordancia amplia,Nada,Búsqueda,Bucaramanga unica Airport,alquiler de carros en bucaramanga,0,1,"0,00",0 COP,"0,00 %",—,0 COP,"0,00 %","100,00 %"
alquiler de carros aeropuerto bucaramanga,Concordancia amplia,Nada,Búsqueda,Bucaramanga unica Airport,alquiler de carros en bucaramanga,0,1,"0,00",0 COP,"0,00 %",—,0 COP,"0,00 %","0,00 %"
alquiler de coches,Concordancia amplia,Nada,Búsqueda,Bucaramanga unica Airport,alquiler de carros en bucaramanga,0,1,"0,00",0 COP,"0,00 %",—,0 COP,"0,00 %","100,00 %"
alquiler de vehiculo,Concordancia amplia,Nada,Búsqueda,Bucaramanga unica Airport,alquiler de carros en bucaramanga,0,2,"0,00",0 COP,"0,00 %",—,0 COP,"0,00 %","100,00 %"
alquiler de vehiculos,Concordancia amplia,Nada,Búsqueda,Bucaramanga unica Airport,alquiler de carros en bucaramanga,0,4,"0,00",0 COP,"0,00 %",—,0 COP,"0,00 %","100,00 %"
aplicaciones para rentar carros,Concordancia amplia,Nada,Búsqueda,Bucaramanga unica Airport,alquiler de carros en bucaramanga,0,1,"0,00",0 COP,"0,00 %",—,0 COP,"0,00 %","0,00 %"
arrendamiento de carro,Concordancia amplia,Nada,Búsqueda,Bucaramanga unica Airport,alquiler de carros en bucaramanga,0,1,"0,00",0 COP,"0,00 %",—,0 COP,"0,00 %","0,00 %"
arriendo carro,Concordancia amplia,Nada,Búsqueda,Bucaramanga unica Airport,alquiler de carros en bucaramanga,0,1,"0,00",0 COP,"0,00 %",—,0 COP,"0,00 %","100,00 %"
arriendo de carros,Concordancia amplia,Nada,Búsqueda,Bucaramanga unica Airport,alquiler de carros en bucaramanga,0,2,"0,00",0 COP,"0,00 %",—,0 COP,"0,00 %","100,00 %"
autos en alquiler,Concordancia amplia,Nada,Búsqueda,Bucaramanga unica Airport,alquiler de carros en bucaramanga,0,2,"0,00",0 COP,"0,00 %",—,0 COP,"0,00 %","100,00 %"
calle 114 27 42,Concordancia amplia,Nada,Búsqueda,Bucaramanga unica Airport,alquiler de carros en bucaramanga,0,1,"0,00",0 COP,"0,00 %",—,0 COP,"0,00 %","100,00 %"
carro alquilado,Concordancia amplia,Nada,Búsqueda,Bucaramanga unica Airport,alquiler de carros en bucaramanga,0,1,"0,00",0 COP,"0,00 %",—,0 COP,"0,00 %","100,00 %"
carro alquiler,Concordancia amplia,Nada,Búsqueda,Bucaramanga unica Airport,alquiler de carros en bucaramanga,0,1,"0,00",0 COP,"0,00 %",—,0 COP,"0,00 %","100,00 %"
carro en alquiler,Concordancia amplia,Nada,Búsqueda,Bucaramanga unica Airport,alquiler de carros en bucaramanga,0,1,"0,00",0 COP,"0,00 %",—,0 COP,"0,00 %","100,00 %"
carro rentado,Concordancia amplia,Nada,Búsqueda,Bucaramanga unica Airport,alquiler de carros en bucaramanga,0,1,"0,00",0 COP,"0,00 %",—,0 COP,"0,00 %","100,00 %"
carros alquilados,Concordancia amplia,Nada,Búsqueda,Bucaramanga unica Airport,alquiler de carros en bucaramanga,0,1,"0,00",0 COP,"0,00 %",—,0 COP,"0,00 %","100,00 %"
carros en renta,Concordancia amplia,Nada,Búsqueda,Bucaramanga unica Airport,alquiler de carros en bucaramanga,0,1,"0,00",0 COP,"0,00 %",—,0 COP,"0,00 %","100,00 %"
cuanto cuesta alquilar un carro,Concordancia amplia,Nada,Búsqueda,Bucaramanga unica Airport,alquiler de carros en bucaramanga,0,1,"0,00",0 COP,"0,00 %",—,0 COP,"0,00 %","100,00 %"
cuanto vale arrendar un auto,Concordancia amplia,Nada,Búsqueda,Bucaramanga unica Airport,alquiler de carros en bucaramanga,0,4,"0,00",0 COP,"0,00 %",—,0 COP,"0,00 %","100,00 %"
cuanto vale el alquiler de un carro por dia,Concordancia amplia,Nada,Búsqueda,Bucaramanga unica Airport,alquiler de carros en bucaramanga,0,1,"0,00",0 COP,"0,00 %",—,0 COP,"0,00 %","100,00 %"
cuánto vale el alquiler de un carro,Concordancia amplia,Nada,Búsqueda,Bucaramanga unica Airport,alquiler de carros en bucaramanga,0,1,"0,00",0 COP,"0,00 %",—,0 COP,"0,00 %","100,00 %"
cuánto vale la alquilada de un carro,Concordancia amplia,Nada,Búsqueda,Bucaramanga unica Airport,alquiler de carros en bucaramanga,0,1,"0,00",0 COP,"0,00 %",—,0 COP,"0,00 %","100,00 %"
deytur,Concordancia amplia,Nada,Búsqueda,Bucaramanga unica Airport,alquiler de carros en bucaramanga,0,2,"0,00",0 COP,"0,00 %",—,0 COP,"0,00 %","50,00 %"
donde puedo alquilar un carro,Concordancia amplia,Nada,Búsqueda,Bucaramanga unica Airport,alquiler de carros en bucaramanga,0,4,"0,00",0 COP,"0,00 %",—,0 COP,"0,00 %","66,67 %"
geiscar rentacar,Concordancia amplia,Nada,Búsqueda,Bucaramanga unica Airport,alquiler de carros en bucaramanga,0,1,"0,00",0 COP,"0,00 %",—,0 COP,"100,00 %","100,00 %"
paralela provenza bucaramanga,Concordancia amplia,Nada,Búsqueda,Bucaramanga unica Airport,alquiler de carros en bucaramanga,0,1,"0,00",0 COP,"0,00 %",—,0 COP,"0,00 %","0,00 %"
precio alquiler camioneta por dia,Concordancia amplia,Nada,Búsqueda,Bucaramanga unica Airport,alquiler de carros en bucaramanga,0,1,"0,00",0 COP,"0,00 %",—,0 COP,"0,00 %","100,00 %"
que requisitos piden para alquilar un auto,Concordancia amplia,Nada,Búsqueda,Bucaramanga unica Airport,alquiler de carros en bucaramanga,0,2,"0,00",0 COP,"0,00 %",—,0 COP,"50,00 %","50,00 %"
rencart,Concordancia amplia,Nada,Búsqueda,Bucaramanga unica Airport,alquiler de carros en bucaramanga,0,2,"0,00",0 COP,"0,00 %",—,0 COP,"0,00 %","100,00 %"
rendi car,Concordancia amplia,Nada,Búsqueda,Bucaramanga unica Airport,alquiler de carros en bucaramanga,0,1,"0,00",0 COP,"0,00 %",—,0 COP,"0,00 %","100,00 %"
rent a car 7 pasajeros,Concordancia amplia,Nada,Búsqueda,Bucaramanga unica Airport,alquiler de carros en bucaramanga,0,1,"0,00",0 COP,"0,00 %",—,0 COP,"0,00 %","0,00 %"
rent a car descuentos,Concordancia amplia,Nada,Búsqueda,Bucaramanga unica Airport,alquiler de carros en bucaramanga,0,1,"0,00",0 COP,"0,00 %",—,0 COP,"0,00 %","100,00 %"
rent cars,Concordancia amplia,Nada,Búsqueda,Bucaramanga unica Airport,alquiler de carros en bucaramanga,0,1,"0,00",0 COP,"0,00 %",—,0 COP,"0,00 %","100,00 %"
renta carro,Concordancia amplia,Nada,Búsqueda,Bucaramanga unica Airport,alquiler de carros en bucaramanga,0,3,"0,00",0 COP,"0,00 %",—,0 COP,"0,00 %","100,00 %"
renta cars,Concordancia amplia,Nada,Búsqueda,Bucaramanga unica Airport,alquiler de carros en bucaramanga,0,1,"0,00",0 COP,"0,00 %",—,0 COP,"0,00 %","100,00 %"
renta de carro,Concordancia amplia,Nada,Búsqueda,Bucaramanga unica Airport,alquiler de carros en bucaramanga,0,3,"0,00",0 COP,"0,00 %",—,0 COP,"0,00 %","0,00 %"
renta de carro por dia precio,Concordancia amplia,Nada,Búsqueda,Bucaramanga unica Airport,alquiler de carros en bucaramanga,0,1,"0,00",0 COP,"0,00 %",—,0 COP,"0,00 %","100,00 %"
renta de carros cerca de mi,Concordancia amplia,Nada,Búsqueda,Bucaramanga unica Airport,alquiler de carros en bucaramanga,0,1,"0,00",0 COP,"0,00 %",—,0 COP,"0,00 %","100,00 %"
renta de carros para plataforma,Concordancia amplia,Nada,Búsqueda,Bucaramanga unica Airport,alquiler de carros en bucaramanga,0,1,"0,00",0 COP,"0,00 %",—,0 COP,"0,00 %","100,00 %"
renta vehiculos,Concordancia amplia,Nada,Búsqueda,Bucaramanga unica Airport,alquiler de carros en bucaramanga,0,1,"0,00",0 COP,"0,00 %",—,0 COP,"0,00 %","100,00 %"
rentaautos,Concordancia amplia,Nada,Búsqueda,Bucaramanga unica Airport,alquiler de carros en bucaramanga,0,1,"0,00",0 COP,"0,00 %",—,0 COP,"0,00 %","0,00 %"
rental,Concordancia amplia,Nada,Búsqueda,Bucaramanga unica Airport,alquiler de carros en bucaramanga,0,1,"0,00",0 COP,"0,00 %",—,0 COP,"0,00 %","100,00 %"
rental car,Concordancia amplia,Nada,Búsqueda,Bucaramanga unica Airport,alquiler de carros en bucaramanga,0,2,"0,00",0 COP,"0,00 %",—,0 COP,"0,00 %","100,00 %"
rentar car,Concordancia amplia,Nada,Búsqueda,Bucaramanga unica Airport,alquiler de carros en bucaramanga,0,1,"0,00",0 COP,"0,00 %",—,0 COP,"0,00 %","100,00 %"
rentar carros,Concordancia amplia,Nada,Búsqueda,Bucaramanga unica Airport,alquiler de carros en bucaramanga,0,1,"0,00",0 COP,"0,00 %",—,0 COP,"0,00 %","0,00 %"
rentar un carro,Concordancia amplia,Nada,Búsqueda,Bucaramanga unica Airport,alquiler de carros en bucaramanga,0,2,"0,00",0 COP,"0,00 %",—,0 COP,"50,00 %","100,00 %"
rentingcar,Concordancia amplia,Nada,Búsqueda,Bucaramanga unica Airport,alquiler de carros en bucaramanga,0,1,"0,00",0 COP,"0,00 %",—,0 COP,"0,00 %","100,00 %"
requisitos para alquilar un carro en colombia,Concordancia amplia,Nada,Búsqueda,Bucaramanga unica Airport,alquiler de carros en bucaramanga,0,1,"0,00",0 COP,"0,00 %",—,0 COP,"0,00 %","100,00 %"
rntacar,Concordancia amplia,Nada,Búsqueda,Bucaramanga unica Airport,alquiler de carros en bucaramanga,0,1,"0,00",0 COP,"0,00 %",—,0 COP,"0,00 %","100,00 %"
start rent a car,Concordancia amplia,Nada,Búsqueda,Bucaramanga unica Airport,alquiler de carros en bucaramanga,0,1,"0,00",0 COP,"0,00 %",—,0 COP,"0,00 %","100,00 %"
vehículos en arriendo,Concordancia amplia,Nada,Búsqueda,Bucaramanga unica Airport,alquiler de carros en bucaramanga,0,2,"0,00",0 COP,"0,00 %",—,0 COP,"0,00 %","100,00 %"
www rentacar,Concordancia amplia,Nada,Búsqueda,Bucaramanga unica Airport,alquiler de carros en bucaramanga,0,2,"0,00",0 COP,"0,00 %",—,0 COP,"100,00 %","100,00 %"
alquilar un carro en bucaramanga,Concordancia exacta (ligera variación),Nada,Búsqueda,Bucaramanga unica Airport,alquiler de carros en bucaramanga,0,6,"0,00",0 COP,"0,00 %",—,0 COP,"0,00 %","100,00 %"
alquiler autos en bucaramanga,Concordancia exacta (ligera variación),Nada,Búsqueda,Bucaramanga unica Airport,alquiler de carros en bucaramanga,0,5,"0,00",0 COP,"0,00 %",—,0 COP,"66,67 %","100,00 %"
alquiler carro bucaramanga precios,Concordancia exacta (ligera variación),Nada,Búsqueda,Bucaramanga unica Airport,alquiler de carros en bucaramanga,0,1,"0,00",0 COP,"0,00 %",—,0 COP,"0,00 %","100,00 %"
alquiler carros en bucaramanga,Concordancia exacta (ligera variación),Nada,Búsqueda,Bucaramanga unica Airport,alquiler de carros en bucaramanga,0,9,"0,00",0 COP,"0,00 %",—,0 COP,"0,00 %","100,00 %"
alquiler coche bucaramanga,Concordancia exacta (ligera variación),Nada,Búsqueda,Bucaramanga unica Airport,alquiler de carros en bucaramanga,0,5,"0,00",0 COP,"0,00 %",—,0 COP,"0,00 %","100,00 %"
alquiler coches bucaramanga,Concordancia exacta (ligera variación),Nada,Búsqueda,Bucaramanga unica Airport,alquiler de carros en bucaramanga,0,1,"0,00",0 COP,"0,00 %",—,0 COP,"0,00 %","100,00 %"
alquiler de coche en bucaramanga,Concordancia exacta (ligera variación),Nada,Búsqueda,Bucaramanga unica Airport,alquiler de carros en bucaramanga,0,1,"0,00",0 COP,"0,00 %",—,0 COP,"0,00 %","100,00 %"
alquiler de vehiculo bucaramanga,Concordancia exacta (ligera variación),Nada,Búsqueda,Bucaramanga unica Airport,alquiler de carros en bucaramanga,0,7,"0,00",0 COP,"0,00 %",—,0 COP,"14,29 %","100,00 %"
alquiler de vehículos bucaramanga,Concordancia exacta (ligera variación),Nada,Búsqueda,Bucaramanga unica Airport,alquiler de carros en bucaramanga,0,3,"0,00",0 COP,"0,00 %",—,0 COP,"0,00 %","66,67 %"
alquileres de carro en bucaramanga,Concordancia exacta (ligera variación),Nada,Búsqueda,Bucaramanga unica Airport,alquiler de carros en bucaramanga,0,2,"0,00",0 COP,"0,00 %",—,0 COP,"0,00 %","50,00 %"
alquileres de carros en bucaramanga,Concordancia exacta (ligera variación),Nada,Búsqueda,Bucaramanga unica Airport,alquiler de carros en bucaramanga,0,2,"0,00",0 COP,"0,00 %",—,0 COP,"0,00 %","100,00 %"
carros en alquiler en bucaramanga,Concordancia exacta (ligera variación),Nada,Búsqueda,Bucaramanga unica Airport,alquiler de carros en bucaramanga,0,1,"0,00",0 COP,"0,00 %",—,0 COP,"0,00 %","0,00 %"
coches bucaramanga,Concordancia exacta (ligera variación),Nada,Búsqueda,Bucaramanga unica Airport,alquiler de carros en bucaramanga,0,2,"0,00",0 COP,"0,00 %",—,0 COP,"0,00 %","100,00 %"
cuanto cuesta alquilar un carro en bucaramanga,Concordancia exacta (ligera variación),Nada,Búsqueda,Bucaramanga unica Airport,alquiler de carros en bucaramanga,0,2,"0,00",0 COP,"0,00 %",—,0 COP,"0,00 %","100,00 %"
cuanto vale alquilar un carro en bucaramanga,Concordancia exacta (ligera variación),Nada,Búsqueda,Bucaramanga unica Airport,alquiler de carros en bucaramanga,0,4,"0,00",0 COP,"0,00 %",—,0 COP,"0,00 %","50,00 %"
renta de carro en bucaramanga,Concordancia exacta (ligera variación),Nada,Búsqueda,Bucaramanga unica Airport,alquiler de carros en bucaramanga,0,3,"0,00",0 COP,"0,00 %",—,0 COP,"0,00 %","100,00 %"
alquiler de autos medellin,Concordancia exacta (ligera variación),Nada,Búsqueda,Medellin,alquiler de carros medellin,0,7,"0,00",0 COP,"0,00 %",—,0 COP,"0,00 %","42,86 %"
alquiler de autos medellín,Concordancia exacta (ligera variación),Nada,Búsqueda,Medellin,alquiler de carros medellin,0,1,"0,00",0 COP,"0,00 %",—,0 COP,"0,00 %","100,00 %"
alquiler de carro en medellin,Concordancia exacta (ligera variación),Nada,Búsqueda,Medellin,alquiler de carros medellin,0,9,"0,00",0 COP,"0,00 %",—,0 COP,"0,00 %","50,00 %"
alquiler de carros en medellin baratos,Concordancia exacta (ligera variación),Nada,Búsqueda,Medellin,alquiler de carros medellin,0,1,"0,00",0 COP,"0,00 %",—,0 COP,"0,00 %","0,00 %"
alquiler de carros en medellin precios,Concordancia exacta (ligera variación),Nada,Búsqueda,Medellin,alquiler de carros medellin,0,1,"0,00",0 COP,"0,00 %",—,0 COP,"0,00 %","0,00 %"
alquiler de carros en medellín,Concordancia exacta (ligera variación),Nada,Búsqueda,Medellin,alquiler de carros medellin,0,3,"0,00",0 COP,"0,00 %",—,0 COP,"0,00 %","50,00 %"
alquiler de carros en medellín por días,Concordancia exacta (ligera variación),Nada,Búsqueda,Medellin,alquiler de carros medellin,0,1,"0,00",0 COP,"0,00 %",—,0 COP,"0,00 %","100,00 %"
alquiler de carros en medellín precios,Concordancia exacta (ligera variación),Nada,Búsqueda,Medellin,alquiler de carros medellin,0,2,"0,00",0 COP,"0,00 %",—,0 COP,"0,00 %","100,00 %"
alquiler de carros medellin precios,Concordancia exacta (ligera variación),Nada,Búsqueda,Medellin,alquiler de carros medellin,0,5,"0,00",0 COP,"0,00 %",—,0 COP,"25,00 %","100,00 %"
alquiler de carros medellín,Concordancia exacta (ligera variación),Nada,Búsqueda,Medellin,alquiler de carros medellin,0,4,"0,00",0 COP,"0,00 %",—,0 COP,"0,00 %","25,00 %"
alquiler de carros medellín precios,Concordancia exacta (ligera variación),Nada,Búsqueda,Medellin,alquiler de carros medellin,0,1,"0,00",0 COP,"0,00 %",—,0 COP,"0,00 %","0,00 %"
alquiler de vehiculo en medellin,Concordancia exacta (ligera variación),Nada,Búsqueda,Medellin,alquiler de carros medellin,0,1,"0,00",0 COP,"0,00 %",—,0 COP,"0,00 %","0,00 %"
alquiler de vehículos en medellín,Concordancia exacta (ligera variación),Nada,Búsqueda,Medellin,alquiler de carros medellin,0,7,"0,00",0 COP,"0,00 %",—,0 COP,"0,00 %","83,33 %"
alquiler vehiculo medellin,Concordancia exacta (ligera variación),Nada,Búsqueda,Medellin,alquiler de carros medellin,0,9,"0,00",0 COP,"0,00 %",—,0 COP,"0,00 %","28,57 %"
arrendar carro medellin,Concordancia exacta (ligera variación),Nada,Búsqueda,Medellin,alquiler de carros medellin,0,3,"0,00",0 COP,"0,00 %",—,0 COP,"0,00 %","66,67 %"
arriendo carros medellin,Concordancia exacta (ligera variación),Nada,Búsqueda,Medellin,alquiler de carros medellin,0,1,"0,00",0 COP,"0,00 %",—,0 COP,"0,00 %","100,00 %"
car rental medellin,Concordancia exacta (ligera variación),Nada,Búsqueda,Medellin,alquiler de carros medellin,0,1,"0,00",0 COP,"0,00 %",—,0 COP,"0,00 %","100,00 %"
carros de alquiler en medellin colombia,Concordancia exacta (ligera variación),Nada,Búsqueda,Medellin,alquiler de carros medellin,0,1,"0,00",0 COP,"0,00 %",—,0 COP,"0,00 %","0,00 %"
carros en renta medellin,Concordancia exacta (ligera variación),Nada,Búsqueda,Medellin,alquiler de carros medellin,0,1,"0,00",0 COP,"0,00 %",—,0 COP,"0,00 %","0,00 %"
donde rentar carros en medellin,Concordancia exacta (ligera variación),Nada,Búsqueda,Medellin,alquiler de carros medellin,0,1,"0,00",0 COP,"0,00 %",—,0 COP,"0,00 %","100,00 %"
medellin alquiler de carros,Concordancia exacta (ligera variación),Nada,Búsqueda,Medellin,alquiler de carros medellin,0,1,"0,00",0 COP,"0,00 %",—,0 COP,"0,00 %","100,00 %"
rent a car en medellin colombia,Concordancia exacta (ligera variación),Nada,Búsqueda,Medellin,alquiler de carros medellin,0,1,"0,00",0 COP,"0,00 %",—,0 COP,"0,00 %","100,00 %"
rent a car medellin alquiler de carros en medellin,Concordancia exacta (ligera variación),Nada,Búsqueda,Medellin,alquiler de carros medellin,0,2,"0,00",0 COP,"0,00 %",—,0 COP,"0,00 %","100,00 %"
rent a car medellín,Concordancia exacta (ligera variación),Nada,Búsqueda,Medellin,alquiler de carros medellin,0,2,"0,00",0 COP,"0,00 %",—,0 COP,"0,00 %","0,00 %"
rent car medellín,Concordancia exacta (ligera variación),Nada,Búsqueda,Medellin,alquiler de carros medellin,0,1,"0,00",0 COP,"0,00 %",—,0 COP,"0,00 %","100,00 %"
renta autos medellin,Concordancia exacta (ligera variación),Nada,Búsqueda,Medellin,alquiler de carros medellin,0,1,"0,00",0 COP,"0,00 %",—,0 COP,"0,00 %","100,00 %"
renta de autos en medellin,Concordancia exacta (ligera variación),Nada,Búsqueda,Medellin,alquiler de carros medellin,0,1,"0,00",0 COP,"0,00 %",—,0 COP,"0,00 %","100,00 %"
renta de autos medellin,Concordancia exacta (ligera variación),Nada,Búsqueda,Medellin,alquiler de carros medellin,0,6,"0,00",0 COP,"0,00 %",—,0 COP,"0,00 %","33,33 %"
renta de carro medellin,Concordancia exacta (ligera variación),Nada,Búsqueda,Medellin,alquiler de carros medellin,0,4,"0,00",0 COP,"0,00 %",—,0 COP,"0,00 %","100,00 %"
renta de carros medellín,Concordancia exacta (ligera variación),Nada,Búsqueda,Medellin,alquiler de carros medellin,0,6,"0,00",0 COP,"0,00 %",—,0 COP,"0,00 %","40,00 %"
renta de vehiculos medellin,Concordancia exacta (ligera variación),Nada,Búsqueda,Medellin,alquiler de carros medellin,0,8,"0,00",0 COP,"0,00 %",—,0 COP,"0,00 %","28,57 %"
renta de vehículos en medellín,Concordancia exacta (ligera variación),Nada,Búsqueda,Medellin,alquiler de carros medellin,0,2,"0,00",0 COP,"0,00 %",—,0 COP,"0,00 %","100,00 %"
renta vehiculos medellin,Concordancia exacta (ligera variación),Nada,Búsqueda,Medellin,alquiler de carros medellin,0,2,"0,00",0 COP,"0,00 %",—,0 COP,"0,00 %","50,00 %"
rentacar en medellin,Concordancia exacta (ligera variación),Nada,Búsqueda,Medellin,alquiler de carros medellin,0,1,"0,00",0 COP,"0,00 %",—,0 COP,"0,00 %","0,00 %"
rentacarmedellin,Concordancia exacta (ligera variación),Nada,Búsqueda,Medellin,alquiler de carros medellin,0,1,"0,00",0 COP,"0,00 %",—,0 COP,"0,00 %","100,00 %"
rentadora de carros medellin,Concordancia exacta (ligera variación),Nada,Búsqueda,Medellin,alquiler de carros medellin,0,3,"0,00",0 COP,"0,00 %",—,0 COP,"0,00 %","100,00 %"
rental car medellin,Concordancia exacta (ligera variación),Nada,Búsqueda,Medellin,alquiler de carros medellin,0,6,"0,00",0 COP,"0,00 %",—,0 COP,"0,00 %","60,00 %"
rentar auto en medellin,Concordancia exacta (ligera variación),Nada,Búsqueda,Medellin,alquiler de carros medellin,0,4,"0,00",0 COP,"0,00 %",—,0 COP,"50,00 %","100,00 %"
rentar auto medellin,Concordancia exacta (ligera variación),Nada,Búsqueda,Medellin,alquiler de carros medellin,0,2,"0,00",0 COP,"0,00 %",—,0 COP,"0,00 %","50,00 %"
rentar carro en medellin,Concordancia exacta (ligera variación),Nada,Búsqueda,Medellin,alquiler de carros medellin,0,3,"0,00",0 COP,"0,00 %",—,0 COP,"0,00 %","100,00 %"
rentar carro en medellin colombia,Concordancia exacta (ligera variación),Nada,Búsqueda,Medellin,alquiler de carros medellin,0,1,"0,00",0 COP,"0,00 %",—,0 COP,"0,00 %","100,00 %"
rentar carros en medellin,Concordancia exacta (ligera variación),Nada,Búsqueda,Medellin,alquiler de carros medellin,0,3,"0,00",0 COP,"0,00 %",—,0 COP,"0,00 %","33,33 %"
rentar un carro en medellin,Concordancia exacta (ligera variación),Nada,Búsqueda,Medellin,alquiler de carros medellin,0,2,"0,00",0 COP,"0,00 %",—,0 COP,"0,00 %","100,00 %"
rentar un carro medellin,Concordancia exacta (ligera variación),Nada,Búsqueda,Medellin,alquiler de carros medellin,0,1,"0,00",0 COP,"0,00 %",—,0 COP,"0,00 %","100,00 %"
rentas de carros medellin,Concordancia exacta (ligera variación),Nada,Búsqueda,Medellin,alquiler de carros medellin,0,1,"0,00",0 COP,"0,00 %",—,0 COP,"0,00 %","0,00 %"
alquiler camioneta medellin,Concordancia de frase (ligera variación),Nada,Búsqueda,Medellin,alquiler de carros medellin,0,1,"0,00",0 COP,"0,00 %",—,0 COP,"0,00 %","100,00 %"
alquiler de autos en medellin aeropuerto,Concordancia de frase (ligera variación),Nada,Búsqueda,Medellin,alquiler de carros medellin,0,2,"0,00",0 COP,"0,00 %",—,0 COP,"0,00 %","0,00 %"
alquiler de camionetas 4x4 en medellin,Concordancia de frase (ligera variación),Nada,Búsqueda,Medellin,alquiler de carros medellin,0,1,"0,00",0 COP,"0,00 %",—,0 COP,"0,00 %","0,00 %"
alquiler de camionetas 4x4 medellín,Concordancia de frase (ligera variación),Nada,Búsqueda,Medellin,alquiler de carros medellin,0,1,"0,00",0 COP,"0,00 %",—,0 COP,"0,00 %","0,00 %"
alquiler de camionetas medellin,Concordancia de frase (ligera variación),Nada,Búsqueda,Medellin,alquiler de carros medellin,0,1,"0,00",0 COP,"0,00 %",—,0 COP,"0,00 %","100,00 %"
luxury cars medellin,Concordancia de frase (ligera variación),Nada,Búsqueda,Medellin,alquiler de carros medellin,0,1,"0,00",0 COP,"0,00 %",—,0 COP,"0,00 %","0,00 %"
medellin luxury rentco,Concordancia de frase (ligera variación),Nada,Búsqueda,Medellin,alquiler de carros medellin,0,3,"0,00",0 COP,"0,00 %",—,0 COP,"0,00 %","33,33 %"
rent a car medellin,Concordancia de frase (ligera variación),Nada,Búsqueda,Medellin,alquiler de carros medellin,0,1,"0,00",0 COP,"0,00 %",—,0 COP,"100,00 %","100,00 %"
renta carros en medellin,Concordancia de frase (ligera variación),Nada,Búsqueda,Medellin,alquiler de carros medellin,0,1,"0,00",0 COP,"0,00 %",—,0 COP,"0,00 %","0,00 %"
renta carros medellin,Concordancia de frase (ligera variación),Nada,Búsqueda,Medellin,alquiler de carros medellin,0,1,"0,00",0 COP,"0,00 %",—,0 COP,"0,00 %","100,00 %"
renta de carros economicos en medellin,Concordancia de frase (ligera variación),Nada,Búsqueda,Medellin,alquiler de carros medellin,0,1,"0,00",0 COP,"0,00 %",—,0 COP,"0,00 %","0,00 %"
renta de carros medellín económicos,Concordancia de frase (ligera variación),Nada,Búsqueda,Medellin,alquiler de carros medellin,0,8,"0,00",0 COP,"0,00 %",—,0 COP,"0,00 %","57,14 %"
rentar carro aeropuerto medellin,Concordancia de frase (ligera variación),Nada,Búsqueda,Medellin,alquiler de carros medellin,0,1,"0,00",0 COP,"0,00 %",—,0 COP,"0,00 %","0,00 %"
rentar carro en medellin,Concordancia de frase (ligera variación),Nada,Búsqueda,Medellin,alquiler de carros medellin,0,1,"0,00",0 COP,"0,00 %",—,0 COP,"0,00 %","100,00 %"
rentar carro medellin,Concordancia de frase (ligera variación),Nada,Búsqueda,Medellin,alquiler de carros medellin,0,1,"0,00",0 COP,"0,00 %",—,0 COP,"0,00 %","100,00 %"
rentar carro medellin aeropuerto,Concordancia de frase (ligera variación),Nada,Búsqueda,Medellin,alquiler de carros medellin,0,1,"0,00",0 COP,"0,00 %",—,0 COP,"0,00 %","100,00 %"
traveling rent a car medellin,Concordancia de frase (ligera variación),Nada,Búsqueda,Medellin,alquiler de carros medellin,0,1,"0,00",0 COP,"0,00 %",—,0 COP,"100,00 %","100,00 %"
alquiler de carros ibagué plazas del bosque,Concordancia de frase,Nada,Búsqueda,Ibague,alquiler de carros ibague,0,1,"0,00",0 COP,"0,00 %",—,0 COP,"100,00 %","100,00 %"
agencia para alquilar autos,Concordancia amplia,Nada,Búsqueda,Ibague,alquiler de carros ibague,0,2,"0,00",0 COP,"0,00 %",—,0 COP,"100,00 %","100,00 %"
alquilar carro,Concordancia amplia,Nada,Búsqueda,Ibague,alquiler de carros ibague,0,2,"0,00",0 COP,"0,00 %",—,0 COP,"0,00 %","100,00 %"
alquiler carro 7 puestos,Concordancia amplia,Nada,Búsqueda,Ibague,alquiler de carros ibague,0,1,"0,00",0 COP,"0,00 %",—,0 COP,"0,00 %","100,00 %"
alquiler carros colombia,Concordancia amplia,Nada,Búsqueda,Ibague,alquiler de carros ibague,0,1,"0,00",0 COP,"0,00 %",—,0 COP,"0,00 %","0,00 %"
alquiler de autos,Concordancia amplia,Nada,Búsqueda,Ibague,alquiler de carros ibague,0,4,"0,00",0 COP,"0,00 %",—,0 COP,"33,33 %","100,00 %"
alquiler de carro diario,Concordancia amplia,Nada,Búsqueda,Ibague,alquiler de carros ibague,0,1,"0,00",0 COP,"0,00 %",—,0 COP,"0,00 %","0,00 %"
alquiler de carros en colombia,Concordancia amplia,Nada,Búsqueda,Ibague,alquiler de carros ibague,0,1,"0,00",0 COP,"0,00 %",—,0 COP,"0,00 %","100,00 %"
alquiler de vehiculo,Concordancia amplia,Nada,Búsqueda,Ibague,alquiler de carros ibague,0,1,"0,00",0 COP,"0,00 %",—,0 COP,"0,00 %","100,00 %"
alquiler de vehiculos,Concordancia amplia,Nada,Búsqueda,Ibague,alquiler de carros ibague,0,1,"0,00",0 COP,"0,00 %",—,0 COP,"0,00 %","100,00 %"
alquiler vehiculos,Concordancia amplia,Nada,Búsqueda,Ibague,alquiler de carros ibague,0,1,"0,00",0 COP,"0,00 %",—,0 COP,"0,00 %","100,00 %"
aplicaciones de renta de carros,Concordancia amplia,Nada,Búsqueda,Ibague,alquiler de carros ibague,0,1,"0,00",0 COP,"0,00 %",—,0 COP,"0,00 %","0,00 %"
arrendar carro,Concordancia amplia,Nada,Búsqueda,Ibague,alquiler de carros ibague,0,1,"0,00",0 COP,"0,00 %",—,0 COP,"0,00 %","100,00 %"
arriendo de carros,Concordancia amplia,Nada,Búsqueda,Ibague,alquiler de carros ibague,0,1,"0,00",0 COP,"0,00 %",—,0 COP,"100,00 %","100,00 %"
car rental ibague colombia,Concordancia amplia,Nada,Búsqueda,Ibague,alquiler de carros ibague,0,1,"0,00",0 COP,"0,00 %",—,0 COP,"0,00 %","100,00 %"
carro en arriendo,Concordancia amplia,Nada,Búsqueda,Ibague,alquiler de carros ibague,0,2,"0,00",0 COP,"0,00 %",—,0 COP,"0,00 %","100,00 %"
carro ibague,Concordancia amplia,Nada,Búsqueda,Ibague,alquiler de carros ibague,0,1,"0,00",0 COP,"0,00 %",—,0 COP,"0,00 %","0,00 %"
carros en alquiler,Concordancia amplia,Nada,Búsqueda,Ibague,alquiler de carros ibague,0,2,"0,00",0 COP,"0,00 %",—,0 COP,"0,00 %","100,00 %"
carros en renta,Concordancia amplia,Nada,Búsqueda,Ibague,alquiler de carros ibague,0,1,"0,00",0 COP,"0,00 %",—,0 COP,"0,00 %","100,00 %"
cuanto cuesta alquilar un carro,Concordancia amplia,Nada,Búsqueda,Ibague,alquiler de carros ibague,0,1,"0,00",0 COP,"0,00 %",—,0 COP,"0,00 %","100,00 %"
cuanto cuesta el alquiler de un carro,Concordancia amplia,Nada,Búsqueda,Ibague,alquiler de carros ibague,0,2,"0,00",0 COP,"0,00 %",—,0 COP,"0,00 %","100,00 %"
cuanto cuesta rentar un carro en colombia,Concordancia amplia,Nada,Búsqueda,Ibague,alquiler de carros ibague,0,1,"0,00",0 COP,"0,00 %",—,0 COP,"0,00 %","0,00 %"
cuanto vale rentar un carro,Concordancia amplia,Nada,Búsqueda,Ibague,alquiler de carros ibague,0,1,"0,00",0 COP,"0,00 %",—,0 COP,"0,00 %","100,00 %"
cuánto cuesta alquilar un carro en colombia,Concordancia amplia,Nada,Búsqueda,Ibague,alquiler de carros ibague,0,1,"0,00",0 COP,"0,00 %",—,0 COP,"100,00 %","100,00 %"
cuánto sale alquilar un auto por día,Concordancia amplia,Nada,Búsqueda,Ibague,alquiler de carros ibague,0,2,"0,00",0 COP,"0,00 %",—,0 COP,"0,00 %","0,00 %"
cuánto vale alquilar un carro,Concordancia amplia,Nada,Búsqueda,Ibague,alquiler de carros ibague,0,1,"0,00",0 COP,"0,00 %",—,0 COP,"0,00 %","100,00 %"
empresa de alquiler de carros,Concordancia amplia,Nada,Búsqueda,Ibague,alquiler de carros ibague,0,3,"0,00",0 COP,"0,00 %",—,0 COP,"0,00 %","100,00 %"
empresas de renta de carros,Concordancia amplia,Nada,Búsqueda,Ibague,alquiler de carros ibague,0,2,"0,00",0 COP,"0,00 %",—,0 COP,"0,00 %","100,00 %"
rent car colombia,Concordancia amplia,Nada,Búsqueda,Ibague,alquiler de carros ibague,0,2,"0,00",0 COP,"0,00 %",—,0 COP,"0,00 %","100,00 %"
renta carro,Concordancia amplia,Nada,Búsqueda,Ibague,alquiler de carros ibague,0,1,"0,00",0 COP,"0,00 %",—,0 COP,"0,00 %","100,00 %"
renta de automoviles,Concordancia amplia,Nada,Búsqueda,Ibague,alquiler de carros ibague,0,2,"0,00",0 COP,"0,00 %",—,0 COP,"100,00 %","100,00 %"
renta de carro,Concordancia amplia,Nada,Búsqueda,Ibague,alquiler de carros ibague,0,4,"0,00",0 COP,"0,00 %",—,0 COP,"50,00 %","100,00 %"
renta de carro en colombia,Concordancia amplia,Nada,Búsqueda,Ibague,alquiler de carros ibague,0,1,"0,00",0 COP,"0,00 %",—,0 COP,"0,00 %","100,00 %"
renta de vehiculos colombia,Concordancia amplia,Nada,Búsqueda,Ibague,alquiler de carros ibague,0,1,"0,00",0 COP,"0,00 %",—,0 COP,"0,00 %","0,00 %"
renta de vehículos,Concordancia amplia,Nada,Búsqueda,Ibague,alquiler de carros ibague,0,1,"0,00",0 COP,"0,00 %",—,0 COP,"0,00 %","0,00 %"
rental,Concordancia amplia,Nada,Búsqueda,Ibague,alquiler de carros ibague,0,1,"0,00",0 COP,"0,00 %",—,0 COP,"0,00 %","100,00 %"
rental cars near me,Concordancia amplia,Nada,Búsqueda,Ibague,alquiler de carros ibague,0,2,"0,00",0 COP,"0,00 %",—,0 COP,"0,00 %","100,00 %"
rentar carros en colombia,Concordancia amplia,Nada,Búsqueda,Ibague,alquiler de carros ibague,0,1,"0,00",0 COP,"0,00 %",—,0 COP,"0,00 %","0,00 %"
rentar vehiculo,Concordancia amplia,Nada,Búsqueda,Ibague,alquiler de carros ibague,0,1,"0,00",0 COP,"0,00 %",—,0 COP,"0,00 %","100,00 %"
renticar,Concordancia amplia,Nada,Búsqueda,Ibague,alquiler de carros ibague,0,1,"0,00",0 COP,"0,00 %",—,0 COP,"100,00 %","100,00 %"
requisitos para alquilar un carro en colombia,Concordancia amplia,Nada,Búsqueda,Ibague,alquiler de carros ibague,0,1,"0,00",0 COP,"0,00 %",—,0 COP,"0,00 %","100,00 %"
alquiler de carro ibague precio,Concordancia exacta (ligera variación),Nada,Búsqueda,Ibague,alquiler de carros ibague,0,1,"0,00",0 COP,"0,00 %",—,0 COP,"0,00 %","0,00 %"
car rental ibague,Concordancia exacta (ligera variación),Nada,Búsqueda,Ibague,alquiler de carros ibague,0,5,"0,00",0 COP,"0,00 %",—,0 COP,"33,33 %","100,00 %"
car rental ibague colombia,Concordancia exacta (ligera variación),Nada,Búsqueda,Ibague,alquiler de carros ibague,0,1,"0,00",0 COP,"0,00 %",—,0 COP,"0,00 %","100,00 %"
alquiler de camionetas en ibague,Concordancia de frase (ligera variación),Nada,Búsqueda,Ibague,alquiler de carros ibague,0,2,"0,00",0 COP,"0,00 %",—,0 COP,"0,00 %","100,00 %"
agencias de alquiler de autos,Concordancia amplia,Nada,Búsqueda,Cucuta unica Airport,alquiler de carros en cucuta,0,2,"0,00",0 COP,"0,00 %",—,0 COP,"100,00 %","100,00 %"
alquilar carro,Concordancia amplia,Nada,Búsqueda,Cucuta unica Airport,alquiler de carros en cucuta,0,3,"0,00",0 COP,"0,00 %",—,0 COP,"0,00 %","66,67 %"
alquilar carros,Concordancia amplia,Nada,Búsqueda,Cucuta unica Airport,alquiler de carros en cucuta,0,5,"0,00",0 COP,"0,00 %",—,0 COP,"0,00 %","100,00 %"
alquileme,Concordancia amplia,Nada,Búsqueda,Cucuta unica Airport,alquiler de carros en cucuta,0,1,"0,00",0 COP,"0,00 %",—,0 COP,"0,00 %","0,00 %"
alquiler carro mensual,Concordancia amplia,Nada,Búsqueda,Cucuta unica Airport,alquiler de carros en cucuta,0,1,"0,00",0 COP,"0,00 %",—,0 COP,"0,00 %","0,00 %"
alquiler de automóviles,Concordancia amplia,Nada,Búsqueda,Cucuta unica Airport,alquiler de carros en cucuta,0,1,"0,00",0 COP,"0,00 %",—,0 COP,"0,00 %","100,00 %"
alquiler de camioneta,Concordancia amplia,Nada,Búsqueda,Cucuta unica Airport,alquiler de carros en cucuta,0,1,"0,00",0 COP,"0,00 %",—,0 COP,"0,00 %","100,00 %"
alquiler de carro por dias,Concordancia amplia,Nada,Búsqueda,Cucuta unica Airport,alquiler de carros en cucuta,0,1,"0,00",0 COP,"0,00 %",—,0 COP,"0,00 %","100,00 %"
alquiler de carro por un dia,Concordancia amplia,Nada,Búsqueda,Cucuta unica Airport,alquiler de carros en cucuta,0,1,"0,00",0 COP,"0,00 %",—,0 COP,"0,00 %","100,00 %"
alquiler de carros en colombia,Concordancia amplia,Nada,Búsqueda,Cucuta unica Airport,alquiler de carros en cucuta,0,1,"0,00",0 COP,"0,00 %",—,0 COP,"0,00 %","100,00 %"
alquiler de coches en colombia precios,Concordancia amplia,Nada,Búsqueda,Cucuta unica Airport,alquiler de carros en cucuta,0,1,"0,00",0 COP,"0,00 %",—,0 COP,"0,00 %","100,00 %"
alquiler de vehiculos,Concordancia amplia,Nada,Búsqueda,Cucuta unica Airport,alquiler de carros en cucuta,0,4,"0,00",0 COP,"0,00 %",—,0 COP,"0,00 %","100,00 %"
alquiler vehiculos,Concordancia amplia,Nada,Búsqueda,Cucuta unica Airport,alquiler de carros en cucuta,0,2,"0,00",0 COP,"0,00 %",—,0 COP,"0,00 %","100,00 %"
amigos rent a car,Concordancia amplia,Nada,Búsqueda,Cucuta unica Airport,alquiler de carros en cucuta,0,1,"0,00",0 COP,"0,00 %",—,0 COP,"0,00 %","100,00 %"
amigoscarrental,Concordancia amplia,Nada,Búsqueda,Cucuta unica Airport,alquiler de carros en cucuta,0,1,"0,00",0 COP,"0,00 %",—,0 COP,"0,00 %","0,00 %"
app para alquilar carros,Concordancia amplia,Nada,Búsqueda,Cucuta unica Airport,alquiler de carros en cucuta,0,1,"0,00",0 COP,"0,00 %",—,0 COP,"0,00 %","100,00 %"
arrendamiento de vehiculos,Concordancia amplia,Nada,Búsqueda,Cucuta unica Airport,alquiler de carros en cucuta,0,2,"0,00",0 COP,"0,00 %",—,0 COP,"0,00 %","100,00 %"
arrendar carro,Concordancia amplia,Nada,Búsqueda,Cucuta unica Airport,alquiler de carros en cucuta,0,1,"0,00",0 COP,"0,00 %",—,0 COP,"0,00 %","100,00 %"
arrendar carros,Concordancia amplia,Nada,Búsqueda,Cucuta unica Airport,alquiler de carros en cucuta,0,1,"0,00",0 COP,"0,00 %",—,0 COP,"0,00 %","0,00 %"
arriendo carro,Concordancia amplia,Nada,Búsqueda,Cucuta unica Airport,alquiler de carros en cucuta,0,1,"0,00",0 COP,"0,00 %",—,0 COP,"0,00 %","100,00 %"
car rentals near me,Concordancia amplia,Nada,Búsqueda,Cucuta unica Airport,alquiler de carros en cucuta,0,1,"0,00",0 COP,"0,00 %",—,0 COP,"0,00 %","100,00 %"
carros alquilados,Concordancia amplia,Nada,Búsqueda,Cucuta unica Airport,alquiler de carros en cucuta,0,2,"0,00",0 COP,"0,00 %",—,0 COP,"0,00 %","100,00 %"
costo alquiler carro,Concordancia amplia,Nada,Búsqueda,Cucuta unica Airport,alquiler de carros en cucuta,0,1,"0,00",0 COP,"0,00 %",—,0 COP,"0,00 %","100,00 %"
cuanto cuesta el alquiler de un carro en colombia,Concordancia amplia,Nada,Búsqueda,Cucuta unica Airport,alquiler de carros en cucuta,0,1,"0,00",0 COP,"0,00 %",—,0 COP,"0,00 %","0,00 %"
cuanto vale rentar un carro en colombia,Concordancia amplia,Nada,Búsqueda,Cucuta unica Airport,alquiler de carros en cucuta,0,1,"0,00",0 COP,"0,00 %",—,0 COP,"0,00 %","100,00 %"
drive alquiler,Concordancia amplia,Nada,Búsqueda,Cucuta unica Airport,alquiler de carros en cucuta,0,1,"0,00",0 COP,"0,00 %",—,0 COP,"0,00 %","100,00 %"
freewayrentacar,Concordancia amplia,Nada,Búsqueda,Cucuta unica Airport,alquiler de carros en cucuta,0,1,"0,00",0 COP,"0,00 %",—,0 COP,"100,00 %","100,00 %"
que se necesita para alquilar un carro,Concordancia amplia,Nada,Búsqueda,Cucuta unica Airport,alquiler de carros en cucuta,0,1,"0,00",0 COP,"0,00 %",—,0 COP,"0,00 %","100,00 %"
rent a,Concordancia amplia,Nada,Búsqueda,Cucuta unica Airport,alquiler de carros en cucuta,0,1,"0,00",0 COP,"0,00 %",—,0 COP,"0,00 %","100,00 %"
renta autos,Concordancia amplia,Nada,Búsqueda,Cucuta unica Airport,alquiler de carros en cucuta,0,2,"0,00",0 COP,"0,00 %",—,0 COP,"0,00 %","50,00 %"
renta car express,Concordancia amplia,Nada,Búsqueda,Cucuta unica Airport,alquiler de carros en cucuta,0,2,"0,00",0 COP,"0,00 %",—,0 COP,"0,00 %","100,00 %"
renta vehiculos,Concordancia amplia,Nada,Búsqueda,Cucuta unica Airport,alquiler de carros en cucuta,0,2,"0,00",0 COP,"0,00 %",—,0 COP,"0,00 %","100,00 %"
rentaautocol,Concordancia amplia,Nada,Búsqueda,Cucuta unica Airport,alquiler de carros en cucuta,0,2,"0,00",0 COP,"0,00 %",—,0 COP,"100,00 %","100,00 %"
rentadora de carros,Concordancia amplia,Nada,Búsqueda,Cucuta unica Airport,alquiler de carros en cucuta,0,6,"0,00",0 COP,"0,00 %",—,0 COP,"50,00 %","100,00 %"
rentcr,Concordancia amplia,Nada,Búsqueda,Cucuta unica Airport,alquiler de carros en cucuta,0,1,"0,00",0 COP,"0,00 %",—,0 COP,"100,00 %","100,00 %"
requisitos para alquilar un carro en colombia,Concordancia amplia,Nada,Búsqueda,Cucuta unica Airport,alquiler de carros en cucuta,0,2,"0,00",0 COP,"0,00 %",—,0 COP,"0,00 %","100,00 %"
trenta car,Concordancia amplia,Nada,Búsqueda,Cucuta unica Airport,alquiler de carros en cucuta,0,1,"0,00",0 COP,"0,00 %",—,0 COP,"0,00 %","100,00 %"
trentacar,Concordancia amplia,Nada,Búsqueda,Cucuta unica Airport,alquiler de carros en cucuta,0,2,"0,00",0 COP,"0,00 %",—,0 COP,"100,00 %","100,00 %"
alquiler de vehículos cúcuta,Concordancia exacta (ligera variación),Nada,Búsqueda,Cucuta unica Airport,alquiler de carros en cucuta,0,2,"0,00",0 COP,"0,00 %",—,0 COP,"0,00 %","100,00 %"
car rental cúcuta,Concordancia exacta (ligera variación),Nada,Búsqueda,Cucuta unica Airport,alquiler de carros en cucuta,0,1,"0,00",0 COP,"0,00 %",—,0 COP,"0,00 %","100,00 %"
carros alquiler cucuta,Concordancia exacta (ligera variación),Nada,Búsqueda,Cucuta unica Airport,alquiler de carros en cucuta,0,2,"0,00",0 COP,"0,00 %",—,0 COP,"50,00 %","100,00 %"
rent cars cúcuta,Concordancia exacta (ligera variación),Nada,Búsqueda,Cucuta unica Airport,alquiler de carros en cucuta,0,2,"0,00",0 COP,"0,00 %",—,0 COP,"0,00 %","100,00 %"
renta de autos en cucuta,Concordancia exacta (ligera variación),Nada,Búsqueda,Cucuta unica Airport,alquiler de carros en cucuta,0,6,"0,00",0 COP,"0,00 %",—,0 COP,"50,00 %","100,00 %"
alquiler carros en cucuta,Concordancia de frase (ligera variación),Nada,Búsqueda,Cucuta unica Airport,alquiler de carros en cucuta,0,1,"0,00",0 COP,"0,00 %",—,0 COP,"0,00 %","0,00 %"
alquiler de camionetas 4x4 en cúcuta,Concordancia de frase (ligera variación),Nada,Búsqueda,Cucuta unica Airport,alquiler de carros en cucuta,0,1,"0,00",0 COP,"0,00 %",—,0 COP,"0,00 %","100,00 %"
alquiler de carros en monteria colombia,Concordancia de frase,Nada,Búsqueda,Monteria,alquiler de carros en monteria,0,1,"0,00",0 COP,"0,00 %",—,0 COP,"0,00 %","100,00 %"
alquiler de carros en montería telefono,Concordancia de frase,Nada,Búsqueda,Monteria,alquiler de carros en monteria,0,4,"0,00",0 COP,"0,00 %",—,0 COP,"33,33 %","66,67 %"
agencia de renta de carros,Concordancia amplia,Nada,Búsqueda,Monteria,alquiler de carros en monteria,0,1,"0,00",0 COP,"0,00 %",—,0 COP,"0,00 %","100,00 %"
alquilar carro,Concordancia amplia,Nada,Búsqueda,Monteria,alquiler de carros en monteria,0,7,"0,00",0 COP,"0,00 %",—,0 COP,"16,67 %","100,00 %"
alquilar un carro,Concordancia amplia,Nada,Búsqueda,Monteria,alquiler de carros en monteria,0,1,"0,00",0 COP,"0,00 %",—,0 COP,"0,00 %","100,00 %"
alquiler carros,Concordancia amplia,Nada,Búsqueda,Monteria,alquiler de carros en monteria,0,2,"0,00",0 COP,"0,00 %",—,0 COP,"0,00 %","100,00 %"
alquiler de automóviles,Concordancia amplia,Nada,Búsqueda,Monteria,alquiler de carros en monteria,0,2,"0,00",0 COP,"0,00 %",—,0 COP,"0,00 %","0,00 %"
alquiler de autos,Concordancia amplia,Nada,Búsqueda,Monteria,alquiler de carros en monteria,0,3,"0,00",0 COP,"0,00 %",—,0 COP,"50,00 %","100,00 %"
alquiler de carro,Concordancia amplia,Nada,Búsqueda,Monteria,alquiler de carros en monteria,0,15,"0,00",0 COP,"0,00 %",—,0 COP,"50,00 %","90,00 %"
alquiler de carros monteria alquilatucarro,Concordancia amplia,Nada,Búsqueda,Monteria,alquiler de carros en monteria,0,1,"0,00",0 COP,"0,00 %",—,0 COP,"0,00 %","100,00 %"
alquiler de carros particulares para viajar,Concordancia amplia,Nada,Búsqueda,Monteria,alquiler de carros en monteria,0,1,"0,00",0 COP,"0,00 %",—,0 COP,"0,00 %","100,00 %"
alquiler de vehiculo,Concordancia amplia,Nada,Búsqueda,Monteria,alquiler de carros en monteria,0,1,"0,00",0 COP,"0,00 %",—,0 COP,"0,00 %","100,00 %"
alquiler de vehiculos,Concordancia amplia,Nada,Búsqueda,Monteria,alquiler de carros en monteria,0,5,"0,00",0 COP,"0,00 %",—,0 COP,"0,00 %","80,00 %"
alquiler de vehículos,Concordancia amplia,Nada,Búsqueda,Monteria,alquiler de carros en monteria,0,5,"0,00",0 COP,"0,00 %",—,0 COP,"0,00 %","20,00 %"
alquiler por dia de auto,Concordancia amplia,Nada,Búsqueda,Monteria,alquiler de carros en monteria,0,1,"0,00",0 COP,"0,00 %",—,0 COP,"0,00 %","100,00 %"
arrendar carro,Concordancia amplia,Nada,Búsqueda,Monteria,alquiler de carros en monteria,0,1,"0,00",0 COP,"0,00 %",—,0 COP,"0,00 %","100,00 %"
car rental,Concordancia amplia,Nada,Búsqueda,Monteria,alquiler de carros en monteria,0,3,"0,00",0 COP,"0,00 %",—,0 COP,"50,00 %","100,00 %"
carrentals,Concordancia amplia,Nada,Búsqueda,Monteria,alquiler de carros en monteria,0,2,"0,00",0 COP,"0,00 %",—,0 COP,"100,00 %","100,00 %"
carro en alquiler,Concordancia amplia,Nada,Búsqueda,Monteria,alquiler de carros en monteria,0,1,"0,00",0 COP,"0,00 %",—,0 COP,"0,00 %","100,00 %"
carro monteria,Concordancia amplia,Nada,Búsqueda,Monteria,alquiler de carros en monteria,0,3,"0,00",0 COP,"0,00 %",—,0 COP,"0,00 %","100,00 %"
carros en renta,Concordancia amplia,Nada,Búsqueda,Monteria,alquiler de carros en monteria,0,1,"0,00",0 COP,"0,00 %",—,0 COP,"100,00 %","100,00 %"
costo de alquiler de carro,Concordancia amplia,Nada,Búsqueda,Monteria,alquiler de carros en monteria,0,1,"0,00",0 COP,"0,00 %",—,0 COP,"0,00 %","100,00 %"
cuanto cuesta alquilar un carro,Concordancia amplia,Nada,Búsqueda,Monteria,alquiler de carros en monteria,0,1,"0,00",0 COP,"0,00 %",—,0 COP,"0,00 %","100,00 %"
cuanto cuesta el alquiler de un carro,Concordancia amplia,Nada,Búsqueda,Monteria,alquiler de carros en monteria,0,2,"0,00",0 COP,"0,00 %",—,0 COP,"0,00 %","100,00 %"
cuánto cuesta alquilar un carro en colombia,Concordancia amplia,Nada,Búsqueda,Monteria,alquiler de carros en monteria,0,1,"0,00",0 COP,"0,00 %",—,0 COP,"0,00 %","100,00 %"
empresa de alquiler de carros,Concordancia amplia,Nada,Búsqueda,Monteria,alquiler de carros en monteria,0,1,"0,00",0 COP,"0,00 %",—,0 COP,"0,00 %","100,00 %"
empresas que alquilan carros,Concordancia amplia,Nada,Búsqueda,Monteria,alquiler de carros en monteria,0,2,"0,00",0 COP,"0,00 %",—,0 COP,"100,00 %","100,00 %"
precio de alquiler de vehiculo por dia,Concordancia amplia,Nada,Búsqueda,Monteria,alquiler de carros en monteria,0,3,"0,00",0 COP,"0,00 %",—,0 COP,"50,00 %","50,00 %"
rencar,Concordancia amplia,Nada,Búsqueda,Monteria,alquiler de carros en monteria,0,1,"0,00",0 COP,"0,00 %",—,0 COP,"0,00 %","0,00 %"
rent a car colombia,Concordancia amplia,Nada,Búsqueda,Monteria,alquiler de carros en monteria,0,2,"0,00",0 COP,"0,00 %",—,0 COP,"0,00 %","100,00 %"
rent a car precios,Concordancia amplia,Nada,Búsqueda,Monteria,alquiler de carros en monteria,0,1,"0,00",0 COP,"0,00 %",—,0 COP,"0,00 %","100,00 %"
renta carros cerca de mi,Concordancia amplia,Nada,Búsqueda,Monteria,alquiler de carros en monteria,0,2,"0,00",0 COP,"0,00 %",—,0 COP,"100,00 %","100,00 %"
renta de autos,Concordancia amplia,Nada,Búsqueda,Monteria,alquiler de carros en monteria,0,1,"0,00",0 COP,"0,00 %",—,0 COP,"0,00 %","100,00 %"
renta de carros,Concordancia amplia,Nada,Búsqueda,Monteria,alquiler de carros en monteria,0,2,"0,00",0 COP,"0,00 %",—,0 COP,"0,00 %","100,00 %"
rentaca,Concordancia amplia,Nada,Búsqueda,Monteria,alquiler de carros en monteria,0,1,"0,00",0 COP,"0,00 %",—,0 COP,"0,00 %","100,00 %"
rental,Concordancia amplia,Nada,Búsqueda,Monteria,alquiler de carros en monteria,0,1,"0,00",0 COP,"0,00 %",—,0 COP,"0,00 %","100,00 %"
rentar carro monteria,Concordancia amplia,Nada,Búsqueda,Monteria,alquiler de carros en monteria,0,1,"0,00",0 COP,"0,00 %",—,0 COP,"0,00 %","100,00 %"
rentar carros en colombia,Concordancia amplia,Nada,Búsqueda,Monteria,alquiler de carros en monteria,0,1,"0,00",0 COP,"0,00 %",—,0 COP,"0,00 %","100,00 %"
rentar un carro,Concordancia amplia,Nada,Búsqueda,Monteria,alquiler de carros en monteria,0,1,"0,00",0 COP,"0,00 %",—,0 COP,"0,00 %","100,00 %"
rentautos,Concordancia amplia,Nada,Búsqueda,Monteria,alquiler de carros en monteria,0,1,"0,00",0 COP,"0,00 %",—,0 COP,"100,00 %","100,00 %"
requisitos para alquilar un carro en colombia,Concordancia amplia,Nada,Búsqueda,Monteria,alquiler de carros en monteria,0,1,"0,00",0 COP,"0,00 %",—,0 COP,"0,00 %","100,00 %"
transporte en monteria,Concordancia amplia,Nada,Búsqueda,Monteria,alquiler de carros en monteria,0,1,"0,00",0 COP,"0,00 %",—,0 COP,"0,00 %","0,00 %"
alquiler de autos monteria,Concordancia exacta (ligera variación),Nada,Búsqueda,Monteria,alquiler de carros en monteria,0,9,"0,00",0 COP,"0,00 %",—,0 COP,"28,57 %","100,00 %"
alquiler de autos montería,Concordancia exacta (ligera variación),Nada,Búsqueda,Monteria,alquiler de carros en monteria,0,1,"0,00",0 COP,"0,00 %",—,0 COP,"0,00 %","100,00 %"
car rental monteria,Concordancia exacta (ligera variación),Nada,Búsqueda,Monteria,alquiler de carros en monteria,0,1,"0,00",0 COP,"0,00 %",—,0 COP,"0,00 %","100,00 %"
monteria alquiler de carros,Concordancia exacta (ligera variación),Nada,Búsqueda,Monteria,alquiler de carros en monteria,0,1,"0,00",0 COP,"0,00 %",—,0 COP,"0,00 %","100,00 %"
rent a car monteria colombia,Concordancia exacta (ligera variación),Nada,Búsqueda,Monteria,alquiler de carros en monteria,0,3,"0,00",0 COP,"0,00 %",—,0 COP,"0,00 %","100,00 %"
renta de autos en monteria,Concordancia exacta (ligera variación),Nada,Búsqueda,Monteria,alquiler de carros en monteria,0,2,"0,00",0 COP,"0,00 %",—,0 COP,"100,00 %","100,00 %"
alquiler carro monteria aeropuerto,Concordancia de frase (ligera variación),Nada,Búsqueda,Monteria,alquiler de carros en monteria,0,9,"0,00",0 COP,"0,00 %",—,0 COP,"0,00 %","77,78 %"
alquiler de camionetas montería,Concordancia de frase (ligera variación),Nada,Búsqueda,Monteria,alquiler de carros en monteria,0,2,"0,00",0 COP,"0,00 %",—,0 COP,"0,00 %","50,00 %"
renta carro monteria,Concordancia de frase (ligera variación),Nada,Búsqueda,Monteria,alquiler de carros en monteria,0,2,"0,00",0 COP,"0,00 %",—,0 COP,"0,00 %","100,00 %"
alquiler de carros en barranquilla aeropuerto,Concordancia de frase,Nada,Búsqueda,Barranquilla,alquiler de carros en barranquilla,0,5,"0,00",0 COP,"0,00 %",—,0 COP,"0,00 %","50,00 %"
agencia de alquiler de autos,Concordancia amplia,Nada,Búsqueda,Barranquilla,alquiler de carros en barranquilla,0,1,"0,00",0 COP,"0,00 %",—,0 COP,"0,00 %","100,00 %"
agencias de alquiler de autos,Concordancia amplia,Nada,Búsqueda,Barranquilla,alquiler de carros en barranquilla,0,1,"0,00",0 COP,"0,00 %",—,0 COP,"0,00 %","100,00 %"
alamos alquiler de autos,Concordancia amplia,Nada,Búsqueda,Barranquilla,alquiler de carros en barranquilla,0,1,"0,00",0 COP,"0,00 %",—,0 COP,"0,00 %","0,00 %"
alquila car,Concordancia amplia,Nada,Búsqueda,Barranquilla,alquiler de carros en barranquilla,0,1,"0,00",0 COP,"0,00 %",—,0 COP,"0,00 %","100,00 %"
alquilar camioneta,Concordancia amplia,Nada,Búsqueda,Barranquilla,alquiler de carros en barranquilla,0,2,"0,00",0 COP,"0,00 %",—,0 COP,"0,00 %","0,00 %"
alquilar camioneta por dia,Concordancia amplia,Nada,Búsqueda,Barranquilla,alquiler de carros en barranquilla,0,1,"0,00",0 COP,"0,00 %",—,0 COP,"0,00 %","100,00 %"
alquilar carros,Concordancia amplia,Nada,Búsqueda,Barranquilla,alquiler de carros en barranquilla,0,2,"0,00",0 COP,"0,00 %",—,0 COP,"0,00 %","50,00 %"
alquilar carros por dias,Concordancia amplia,Nada,Búsqueda,Barranquilla,alquiler de carros en barranquilla,0,1,"0,00",0 COP,"0,00 %",—,0 COP,"100,00 %","100,00 %"
alquilatucarro,Concordancia amplia,Nada,Búsqueda,Barranquilla,alquiler de carros en barranquilla,0,2,"0,00",0 COP,"0,00 %",—,0 COP,"100,00 %","100,00 %"
alquiler auto,Concordancia amplia,Nada,Búsqueda,Barranquilla,alquiler de carros en barranquilla,0,3,"0,00",0 COP,"0,00 %",—,0 COP,"0,00 %","50,00 %"
alquiler autos,Concordancia amplia,Nada,Búsqueda,Barranquilla,alquiler de carros en barranquilla,0,1,"0,00",0 COP,"0,00 %",—,0 COP,"0,00 %","100,00 %"
alquiler carro,Concordancia amplia,Nada,Búsqueda,Barranquilla,alquiler de carros en barranquilla,0,7,"0,00",0 COP,"0,00 %",—,0 COP,"0,00 %","100,00 %"
alquiler carro 7 puestos,Concordancia amplia,Nada,Búsqueda,Barranquilla,alquiler de carros en barranquilla,0,1,"0,00",0 COP,"0,00 %",—,0 COP,"0,00 %","0,00 %"
alquiler carro mensual,Concordancia amplia,Nada,Búsqueda,Barranquilla,alquiler de carros en barranquilla,0,1,"0,00",0 COP,"0,00 %",—,0 COP,"0,00 %","0,00 %"
alquiler carro por dia,Concordancia amplia,Nada,Búsqueda,Barranquilla,alquiler de carros en barranquilla,0,1,"0,00",0 COP,"0,00 %",—,0 COP,"100,00 %","100,00 %"
alquiler carros colombia,Concordancia amplia,Nada,Búsqueda,Barranquilla,alquiler de carros en barranquilla,0,1,"0,00",0 COP,"0,00 %",—,0 COP,"0,00 %","100,00 %"
alquiler de auto,Concordancia amplia,Nada,Búsqueda,Barranquilla,alquiler de carros en barranquilla,0,1,"0,00",0 COP,"0,00 %",—,0 COP,"0,00 %","100,00 %"
alquiler de autos,Concordancia amplia,Nada,Búsqueda,Barranquilla,alquiler de carros en barranquilla,0,10,"0,00",0 COP,"0,00 %",—,0 COP,"0,00 %","88,89 %"
alquiler de autos baratos,Concordancia amplia,Nada,Búsqueda,Barranquilla,alquiler de carros en barranquilla,0,1,"0,00",0 COP,"0,00 %",—,0 COP,"0,00 %","100,00 %"
alquiler de camioneta,Concordancia amplia,Nada,Búsqueda,Barranquilla,alquiler de carros en barranquilla,0,1,"0,00",0 COP,"0,00 %",—,0 COP,"0,00 %","0,00 %"
alquiler de camionetas,Concordancia amplia,Nada,Búsqueda,Barranquilla,alquiler de carros en barranquilla,0,4,"0,00",0 COP,"0,00 %",—,0 COP,"0,00 %","25,00 %"
alquiler de carro por horas,Concordancia amplia,Nada,Búsqueda,Barranquilla,alquiler de carros en barranquilla,0,1,"0,00",0 COP,"0,00 %",—,0 COP,"0,00 %","100,00 %"
alquiler de carros 24 horas,Concordancia amplia,Nada,Búsqueda,Barranquilla,alquiler de carros en barranquilla,0,2,"0,00",0 COP,"0,00 %",—,0 COP,"0,00 %","100,00 %"
alquiler de carros automaticos,Concordancia amplia,Nada,Búsqueda,Barranquilla,alquiler de carros en barranquilla,0,1,"0,00",0 COP,"0,00 %",—,0 COP,"0,00 %","100,00 %"
alquiler de carros baratos,Concordancia amplia,Nada,Búsqueda,Barranquilla,alquiler de carros en barranquilla,0,3,"0,00",0 COP,"0,00 %",—,0 COP,"50,00 %","100,00 %"
alquiler de carros barranquilla premium rent a car express,Concordancia amplia,Nada,Búsqueda,Barranquilla,alquiler de carros en barranquilla,0,1,"0,00",0 COP,"0,00 %",—,0 COP,"0,00 %","100,00 %"
alquiler de carros colombia,Concordancia amplia,Nada,Búsqueda,Barranquilla,alquiler de carros en barranquilla,0,1,"0,00",0 COP,"0,00 %",—,0 COP,"0,00 %","100,00 %"
alquiler de carros economicos,Concordancia amplia,Nada,Búsqueda,Barranquilla,alquiler de carros en barranquilla,0,1,"0,00",0 COP,"0,00 %",—,0 COP,"0,00 %","100,00 %"
alquiler de carros falabella,Concordancia amplia,Nada,Búsqueda,Barranquilla,alquiler de carros en barranquilla,0,1,"0,00",0 COP,"0,00 %",—,0 COP,"0,00 %","100,00 %"
alquiler de carros por dia,Concordancia amplia,Nada,Búsqueda,Barranquilla,alquiler de carros en barranquilla,0,1,"0,00",0 COP,"0,00 %",—,0 COP,"0,00 %","100,00 %"
alquiler de coche,Concordancia amplia,Nada,Búsqueda,Barranquilla,alquiler de carros en barranquilla,0,2,"0,00",0 COP,"0,00 %",—,0 COP,"0,00 %","100,00 %"
alquiler de coches,Concordancia amplia,Nada,Búsqueda,Barranquilla,alquiler de carros en barranquilla,0,1,"0,00",0 COP,"0,00 %",—,0 COP,"0,00 %","100,00 %"
alquiler de un carro,Concordancia amplia,Nada,Búsqueda,Barranquilla,alquiler de carros en barranquilla,0,1,"0,00",0 COP,"0,00 %",—,0 COP,"0,00 %","100,00 %"
alquiler de un carro por dia,Concordancia amplia,Nada,Búsqueda,Barranquilla,alquiler de carros en barranquilla,0,1,"0,00",0 COP,"0,00 %",—,0 COP,"0,00 %","100,00 %"
alquiler de vehiculo,Concordancia amplia,Nada,Búsqueda,Barranquilla,alquiler de carros en barranquilla,0,1,"0,00",0 COP,"0,00 %",—,0 COP,"0,00 %","100,00 %"
alquiler de vehiculo en barranquilla,Concordancia amplia,Nada,Búsqueda,Barranquilla,alquiler de carros en barranquilla,0,1,"0,00",0 COP,"0,00 %",—,0 COP,"0,00 %","100,00 %"
alquiler de vehiculo por dia,Concordancia amplia,Nada,Búsqueda,Barranquilla,alquiler de carros en barranquilla,0,2,"0,00",0 COP,"0,00 %",—,0 COP,"0,00 %","100,00 %"
alquiler sin deposito,Concordancia amplia,Nada,Búsqueda,Barranquilla,alquiler de carros en barranquilla,0,1,"0,00",0 COP,"0,00 %",—,0 COP,"100,00 %","100,00 %"
alquiler toyota hilux,Concordancia amplia,Nada,Búsqueda,Barranquilla,alquiler de carros en barranquilla,0,1,"0,00",0 COP,"0,00 %",—,0 COP,"0,00 %","0,00 %"
alquiler vehiculo,Concordancia amplia,Nada,Búsqueda,Barranquilla,alquiler de carros en barranquilla,0,1,"0,00",0 COP,"0,00 %",—,0 COP,"0,00 %","100,00 %"
alquileres de autos,Concordancia amplia,Nada,Búsqueda,Barranquilla,alquiler de carros en barranquilla,0,1,"0,00",0 COP,"0,00 %",—,0 COP,"0,00 %","100,00 %"
aluguel de carro,Concordancia amplia,Nada,Búsqueda,Barranquilla,alquiler de carros en barranquilla,0,1,"0,00",0 COP,"0,00 %",—,0 COP,"0,00 %","0,00 %"
carros para alquilar,Concordancia amplia,Nada,Búsqueda,Medellin,alquiler de carros medellin,0,3,"0,00",0 COP,"0,00 %",—,0 COP,"0,00 %","50,00 %"
chevrolet alquiler de vehículos,Concordancia amplia,Nada,Búsqueda,Medellin,alquiler de carros medellin,0,1,"0,00",0 COP,"0,00 %",—,0 COP,"0,00 %","100,00 %"
chevrolet renta,Concordancia amplia,Nada,Búsqueda,Medellin,alquiler de carros medellin,0,1,"0,00",0 COP,"0,00 %",—,0 COP,"0,00 %","100,00 %"
como puedo rentar un carro,Concordancia amplia,Nada,Búsqueda,Medellin,alquiler de carros medellin,0,2,"0,00",0 COP,"0,00 %",—,0 COP,"100,00 %","100,00 %"
drive rental car,Concordancia amplia,Nada,Búsqueda,Medellin,alquiler de carros medellin,0,1,"0,00",0 COP,"0,00 %",—,0 COP,"0,00 %","100,00 %"
empresa de alquiler de carros,Concordancia amplia,Nada,Búsqueda,Medellin,alquiler de carros medellin,0,1,"0,00",0 COP,"0,00 %",—,0 COP,"0,00 %","0,00 %"
euro rent a car,Concordancia amplia,Nada,Búsqueda,Medellin,alquiler de carros medellin,0,1,"0,00",0 COP,"0,00 %",—,0 COP,"0,00 %","0,00 %"
falabella alquiler de autos,Concordancia amplia,Nada,Búsqueda,Medellin,alquiler de carros medellin,0,1,"0,00",0 COP,"0,00 %",—,0 COP,"0,00 %","0,00 %"
fitcarrental,Concordancia amplia,Nada,Búsqueda,Medellin,alquiler de carros medellin,0,1,"0,00",0 COP,"0,00 %",—,0 COP,"0,00 %","0,00 %"
fox renta de carros,Concordancia amplia,Nada,Búsqueda,Medellin,alquiler de carros medellin,0,1,"0,00",0 COP,"0,00 %",—,0 COP,"0,00 %","100,00 %"
hilux rent,Concordancia amplia,Nada,Búsqueda,Medellin,alquiler de carros medellin,0,1,"0,00",0 COP,"0,00 %",—,0 COP,"0,00 %","0,00 %"
jeda rent a car,Concordancia amplia,Nada,Búsqueda,Medellin,alquiler de carros medellin,0,1,"0,00",0 COP,"0,00 %",—,0 COP,"0,00 %","100,00 %"
latam alquiler de autos,Concordancia amplia,Nada,Búsqueda,Medellin,alquiler de carros medellin,0,1,"0,00",0 COP,"0,00 %",—,0 COP,"0,00 %","100,00 %"
localizarentacar,Concordancia amplia,Nada,Búsqueda,Medellin,alquiler de carros medellin,0,1,"0,00",0 COP,"0,00 %",—,0 COP,"0,00 %","100,00 %"
luxury rentals medellin,Concordancia amplia,Nada,Búsqueda,Medellin,alquiler de carros medellin,0,1,"0,00",0 COP,"0,00 %",—,0 COP,"0,00 %","0,00 %"
medellin luxury rent,Concordancia amplia,Nada,Búsqueda,Medellin,alquiler de carros medellin,0,1,"0,00",0 COP,"0,00 %",—,0 COP,"0,00 %","100,00 %"
que necesito para rentar un auto,Concordancia amplia,Nada,Búsqueda,Medellin,alquiler de carros medellin,0,1,"0,00",0 COP,"0,00 %",—,0 COP,"100,00 %","100,00 %"
ren car,Concordancia amplia,Nada,Búsqueda,Medellin,alquiler de carros medellin,0,1,"0,00",0 COP,"0,00 %",—,0 COP,"0,00 %","100,00 %"
rencar,Concordancia amplia,Nada,Búsqueda,Medellin,alquiler de carros medellin,0,2,"0,00",0 COP,"0,00 %",—,0 COP,"50,00 %","100,00 %"
rent car,Concordancia amplia,Nada,Búsqueda,Medellin,alquiler de carros medellin,0,4,"0,00",0 COP,"0,00 %",—,0 COP,"0,00 %","50,00 %"
renta autos col,Concordancia amplia,Nada,Búsqueda,Medellin,alquiler de carros medellin,0,1,"0,00",0 COP,"0,00 %",—,0 COP,"0,00 %","100,00 %"
renta carros,Concordancia amplia,Nada,Búsqueda,Medellin,alquiler de carros medellin,0,7,"0,00",0 COP,"0,00 %",—,0 COP,"14,29 %","71,43 %"
renta de autos,Concordancia amplia,Nada,Búsqueda,Medellin,alquiler de carros medellin,0,1,"0,00",0 COP,"0,00 %",—,0 COP,"0,00 %","100,00 %"
renta de carro cerca de mi,Concordancia amplia,Nada,Búsqueda,Medellin,alquiler de carros medellin,0,1,"0,00",0 COP,"0,00 %",—,0 COP,"0,00 %","0,00 %"
renta de carros cerca de mi,Concordancia amplia,Nada,Búsqueda,Medellin,alquiler de carros medellin,0,1,"0,00",0 COP,"0,00 %",—,0 COP,"0,00 %","100,00 %"
renta de carros por un dia,Concordancia amplia,Nada,Búsqueda,Medellin,alquiler de carros medellin,0,1,"0,00",0 COP,"0,00 %",—,0 COP,"0,00 %","0,00 %"
renta de vehiculos,Concordancia amplia,Nada,Búsqueda,Medellin,alquiler de carros medellin,0,1,"0,00",0 COP,"0,00 %",—,0 COP,"0,00 %","100,00 %"
renta de vehiculos medellin,Concordancia amplia,Nada,Búsqueda,Medellin,alquiler de carros medellin,0,1,"0,00",0 COP,"0,00 %",—,0 COP,"0,00 %","100,00 %"
rentaautocol,Concordancia amplia,Nada,Búsqueda,Medellin,alquiler de carros medellin,0,1,"0,00",0 COP,"0,00 %",—,0 COP,"0,00 %","100,00 %"
rentacar4,Concordancia amplia,Nada,Búsqueda,Medellin,alquiler de carros medellin,0,1,"0,00",0 COP,"0,00 %",—,0 COP,"0,00 %","100,00 %"
rental car,Concordancia amplia,Nada,Búsqueda,Medellin,alquiler de carros medellin,0,2,"0,00",0 COP,"0,00 %",—,0 COP,"0,00 %","50,00 %"
rentar autos,Concordancia amplia,Nada,Búsqueda,Medellin,alquiler de carros medellin,0,2,"0,00",0 COP,"0,00 %",—,0 COP,"0,00 %","100,00 %"
rentar carros,Concordancia amplia,Nada,Búsqueda,Medellin,alquiler de carros medellin,0,4,"0,00",0 COP,"0,00 %",—,0 COP,"0,00 %","50,00 %"
rentar un,Concordancia amplia,Nada,Búsqueda,Medellin,alquiler de carros medellin,0,2,"0,00",0 COP,"0,00 %",—,0 COP,"0,00 %","100,00 %"
rentartecol,Concordancia amplia,Nada,Búsqueda,Medellin,alquiler de carros medellin,0,1,"0,00",0 COP,"0,00 %",—,0 COP,"0,00 %","100,00 %"
rentas amg,Concordancia amplia,Nada,Búsqueda,Medellin,alquiler de carros medellin,0,1,"0,00",0 COP,"0,00 %",—,0 COP,"0,00 %","0,00 %"
rentas de carros,Concordancia amplia,Nada,Búsqueda,Medellin,alquiler de carros medellin,0,3,"0,00",0 COP,"0,00 %",—,0 COP,"0,00 %","33,33 %"
rentautos,Concordancia amplia,Nada,Búsqueda,Medellin,alquiler de carros medellin,0,1,"0,00",0 COP,"0,00 %",—,0 COP,"0,00 %","100,00 %"
rentocar,Concordancia amplia,Nada,Búsqueda,Medellin,alquiler de carros medellin,0,1,"0,00",0 COP,"0,00 %",—,0 COP,"0,00 %","100,00 %"
requisitos para rentar un carro en colombia,Concordancia amplia,Nada,Búsqueda,Medellin,alquiler de carros medellin,0,1,"0,00",0 COP,"0,00 %",—,0 COP,"0,00 %","100,00 %"
reserva autos,Concordancia amplia,Nada,Búsqueda,Medellin,alquiler de carros medellin,0,1,"0,00",0 COP,"0,00 %",—,0 COP,"0,00 %","100,00 %"
reserva de carros,Concordancia amplia,Nada,Búsqueda,Medellin,alquiler de carros medellin,0,1,"0,00",0 COP,"0,00 %",—,0 COP,"0,00 %","100,00 %"
reservar carro,Concordancia amplia,Nada,Búsqueda,Medellin,alquiler de carros medellin,0,1,"0,00",0 COP,"0,00 %",—,0 COP,"0,00 %","100,00 %"
tres cordilleras rental car,Concordancia amplia,Nada,Búsqueda,Medellin,alquiler de carros medellin,0,1,"0,00",0 COP,"0,00 %",—,0 COP,"0,00 %","100,00 %"
tu roll medellin,Concordancia amplia,Nada,Búsqueda,Medellin,alquiler de carros medellin,0,1,"0,00",0 COP,"0,00 %",—,0 COP,"0,00 %","0,00 %"
vehículos,Concordancia amplia,Nada,Búsqueda,Medellin,alquiler de carros medellin,0,1,"0,00",0 COP,"0,00 %",—,0 COP,"0,00 %","100,00 %"
alquilar coche en medellin,Concordancia exacta (ligera variación),Nada,Búsqueda,Medellin,alquiler de carros medellin,0,1,"0,00",0 COP,"0,00 %",—,0 COP,"0,00 %","100,00 %"
alquiler auto medellin,Concordancia exacta (ligera variación),Nada,Búsqueda,Medellin,alquiler de carros medellin,0,1,"0,00",0 COP,"0,00 %",—,0 COP,"0,00 %","100,00 %"
alquiler autos medellin,Concordancia exacta (ligera variación),Nada,Búsqueda,Medellin,alquiler de carros medellin,0,1,"0,00",0 COP,"0,00 %",—,0 COP,"0,00 %","0,00 %"
alquiler coche medellin,Concordancia exacta (ligera variación),Nada,Búsqueda,Medellin,alquiler de carros medellin,0,1,"0,00",0 COP,"0,00 %",—,0 COP,"0,00 %","100,00 %"
alquiler de autos en medellin,Concordancia exacta (ligera variación),Nada,Búsqueda,Medellin,alquiler de carros medellin,0,3,"0,00",0 COP,"0,00 %",—,0 COP,"0,00 %","100,00 %"
alquiler de autos en medellín,Concordancia exacta (ligera variación),Nada,Búsqueda,Medellin,alquiler de carros medellin,0,1,"0,00",0 COP,"0,00 %",—,0 COP,"100,00 %","100,00 %"
rentar auto bucaramanga,Concordancia exacta (ligera variación),Nada,Búsqueda,Bucaramanga unica Airport,alquiler de carros en bucaramanga,0,1,"0,00",0 COP,"0,00 %",—,0 COP,"0,00 %","100,00 %"
alquiler de camionetas 4x4 en bucaramanga,Concordancia de frase (ligera variación),Nada,Búsqueda,Bucaramanga unica Airport,alquiler de carros en bucaramanga,0,3,"0,00",0 COP,"0,00 %",—,0 COP,"0,00 %","50,00 %"
alquiler de camionetas en bucaramanga,Concordancia de frase (ligera variación),Nada,Búsqueda,Bucaramanga unica Airport,alquiler de carros en bucaramanga,0,8,"0,00",0 COP,"0,00 %",—,0 COP,"25,00 %","87,50 %"
alquiler de carros aeropuerto bucaramanga,Concordancia de frase (ligera variación),Nada,Búsqueda,Bucaramanga unica Airport,alquiler de carros en bucaramanga,0,2,"0,00",0 COP,"0,00 %",—,0 COP,"0,00 %","100,00 %"
alquiler de carros bucaramanga olx,Concordancia de frase (ligera variación),Nada,Búsqueda,Bucaramanga unica Airport,alquiler de carros en bucaramanga,0,1,"0,00",0 COP,"0,00 %",—,0 COP,"0,00 %","100,00 %"
geiscar rentacar,Concordancia de frase (ligera variación),Nada,Búsqueda,Bucaramanga unica Airport,alquiler de carros en bucaramanga,0,1,"0,00",0 COP,"0,00 %",—,0 COP,"0,00 %","0,00 %"
rent a car bucaramanga teléfono,Concordancia de frase (ligera variación),Nada,Búsqueda,Bucaramanga unica Airport,alquiler de carros en bucaramanga,0,1,"0,00",0 COP,"0,00 %",—,0 COP,"0,00 %","100,00 %"
renta autos bucaramanga,Concordancia de frase (ligera variación),Nada,Búsqueda,Bucaramanga unica Airport,alquiler de carros en bucaramanga,0,1,"0,00",0 COP,"0,00 %",—,0 COP,"0,00 %","0,00 %"
renta car deytour bucaramanga,Concordancia de frase (ligera variación),Nada,Búsqueda,Bucaramanga unica Airport,alquiler de carros en bucaramanga,0,2,"0,00",0 COP,"0,00 %",—,0 COP,"50,00 %","100,00 %"
rentacar bucaramanga,Concordancia de frase (ligera variación),Nada,Búsqueda,Bucaramanga unica Airport,alquiler de carros en bucaramanga,0,1,"0,00",0 COP,"0,00 %",—,0 COP,"0,00 %","100,00 %"
a rodar car valledupar,Concordancia amplia,Nada,Búsqueda,Valledupar unica Airport,alquiler de carros en valledupar,0,1,"0,00",0 COP,"0,00 %",—,0 COP,"0,00 %","0,00 %"
alquilar carro,Concordancia amplia,Nada,Búsqueda,Valledupar unica Airport,alquiler de carros en valledupar,0,1,"0,00",0 COP,"0,00 %",—,0 COP,"0,00 %","100,00 %"
arrendamiento de vehiculos colombia,Concordancia amplia,Nada,Búsqueda,Valledupar unica Airport,alquiler de carros en valledupar,0,1,"0,00",0 COP,"0,00 %",—,0 COP,"0,00 %","100,00 %"
arriendo vehiculos,Concordancia amplia,Nada,Búsqueda,Valledupar unica Airport,alquiler de carros en valledupar,0,3,"0,00",0 COP,"0,00 %",—,0 COP,"33,33 %","100,00 %"
carros en arriendo,Concordancia amplia,Nada,Búsqueda,Valledupar unica Airport,alquiler de carros en valledupar,0,1,"0,00",0 COP,"0,00 %",—,0 COP,"100,00 %","100,00 %"
rent a car,Concordancia amplia,Nada,Búsqueda,Valledupar unica Airport,alquiler de carros en valledupar,0,4,"0,00",0 COP,"0,00 %",—,0 COP,"66,67 %","100,00 %"
renta car,Concordancia amplia,Nada,Búsqueda,Valledupar unica Airport,alquiler de carros en valledupar,0,2,"0,00",0 COP,"0,00 %",—,0 COP,"0,00 %","100,00 %"
renta carro,Concordancia amplia,Nada,Búsqueda,Valledupar unica Airport,alquiler de carros en valledupar,0,1,"0,00",0 COP,"0,00 %",—,0 COP,"0,00 %","100,00 %"
renta carros,Concordancia amplia,Nada,Búsqueda,Valledupar unica Airport,alquiler de carros en valledupar,0,1,"0,00",0 COP,"0,00 %",—,0 COP,"0,00 %","100,00 %"
renta de auto,Concordancia amplia,Nada,Búsqueda,Valledupar unica Airport,alquiler de carros en valledupar,0,1,"0,00",0 COP,"0,00 %",—,0 COP,"0,00 %","0,00 %"
renta de autos,Concordancia amplia,Nada,Búsqueda,Valledupar unica Airport,alquiler de carros en valledupar,0,2,"0,00",0 COP,"0,00 %",—,0 COP,"0,00 %","100,00 %"
renta de carro,Concordancia amplia,Nada,Búsqueda,Valledupar unica Airport,alquiler de carros en valledupar,0,1,"0,00",0 COP,"0,00 %",—,0 COP,"0,00 %","100,00 %"
renta de carros,Concordancia amplia,Nada,Búsqueda,Valledupar unica Airport,alquiler de carros en valledupar,0,2,"0,00",0 COP,"0,00 %",—,0 COP,"100,00 %","100,00 %"
rentar carro,Concordancia amplia,Nada,Búsqueda,Valledupar unica Airport,alquiler de carros en valledupar,0,1,"0,00",0 COP,"0,00 %",—,0 COP,"0,00 %","100,00 %"
requisitos para rentar un carro en colombia,Concordancia amplia,Nada,Búsqueda,Valledupar unica Airport,alquiler de carros en valledupar,0,1,"0,00",0 COP,"0,00 %",—,0 COP,"0,00 %","0,00 %"
vehículo alquiler,Concordancia amplia,Nada,Búsqueda,Valledupar unica Airport,alquiler de carros en valledupar,0,2,"0,00",0 COP,"0,00 %",—,0 COP,"0,00 %","100,00 %"
car rental valledupar,Concordancia exacta (ligera variación),Nada,Búsqueda,Valledupar unica Airport,alquiler de carros en valledupar,0,1,"0,00",0 COP,"0,00 %",—,0 COP,"0,00 %","100,00 %"
renta de autos en valledupar,Concordancia exacta (ligera variación),Nada,Búsqueda,Valledupar unica Airport,alquiler de carros en valledupar,0,1,"0,00",0 COP,"0,00 %",—,0 COP,"100,00 %","100,00 %"
alquiler carro aeropuerto valledupar,Concordancia de frase (ligera variación),Nada,Búsqueda,Valledupar unica Airport,alquiler de carros en valledupar,0,1,"0,00",0 COP,"0,00 %",—,0 COP,"100,00 %","100,00 %"
alquiler de camionetas valledupar,Concordancia de frase (ligera variación),Nada,Búsqueda,Valledupar unica Airport,alquiler de carros en valledupar,0,1,"0,00",0 COP,"0,00 %",—,0 COP,"0,00 %","100,00 %"
alquiler de carro en santa marta,Concordancia de frase,Nada,Búsqueda,Santa marta,alquiler de carros santa marta,0,1,"0,00",0 COP,"0,00 %",—,0 COP,"0,00 %","100,00 %"
alquiler de carros en santa marta aeropuerto,Concordancia de frase,Nada,Búsqueda,Santa marta,alquiler de carros santa marta,0,1,"0,00",0 COP,"0,00 %",—,0 COP,"0,00 %","100,00 %"
alquiler de carros en santa marta precios,Concordancia de frase,Nada,Búsqueda,Santa marta,alquiler de carros santa marta,0,1,"0,00",0 COP,"0,00 %",—,0 COP,"0,00 %","0,00 %"
alquiler de carros en santa marta rodadero,Concordancia de frase,Nada,Búsqueda,Santa marta,alquiler de carros santa marta,0,1,"0,00",0 COP,"0,00 %",—,0 COP,"0,00 %","0,00 %"
alquila tu carro,Concordancia amplia,Nada,Búsqueda,Santa marta,alquiler de carros santa marta,0,1,"0,00",0 COP,"0,00 %",—,0 COP,"100,00 %","100,00 %"
alquilar carro,Concordancia amplia,Nada,Búsqueda,Santa marta,alquiler de carros santa marta,0,1,"0,00",0 COP,"0,00 %",—,0 COP,"0,00 %","100,00 %"
alquiler autos,Concordancia amplia,Nada,Búsqueda,Santa marta,alquiler de carros santa marta,0,2,"0,00",0 COP,"0,00 %",—,0 COP,"0,00 %","100,00 %"
alquiler carro,Concordancia amplia,Nada,Búsqueda,Santa marta,alquiler de carros santa marta,0,3,"0,00",0 COP,"0,00 %",—,0 COP,"0,00 %","66,67 %"
alquiler carros,Concordancia amplia,Nada,Búsqueda,Santa marta,alquiler de carros santa marta,0,2,"0,00",0 COP,"0,00 %",—,0 COP,"0,00 %","100,00 %"
alquiler de autos,Concordancia amplia,Nada,Búsqueda,Santa marta,alquiler de carros santa marta,0,5,"0,00",0 COP,"0,00 %",—,0 COP,"0,00 %","80,00 %"
alquiler de autos cerca de mi,Concordancia amplia,Nada,Búsqueda,Santa marta,alquiler de carros santa marta,0,1,"0,00",0 COP,"0,00 %",—,0 COP,"100,00 %","100,00 %"
alquiler de autos sin depósito,Concordancia amplia,Nada,Búsqueda,Santa marta,alquiler de carros santa marta,0,1,"0,00",0 COP,"0,00 %",—,0 COP,"0,00 %","100,00 %"
alquiler de carro,Concordancia amplia,Nada,Búsqueda,Santa marta,alquiler de carros santa marta,0,4,"0,00",0 COP,"0,00 %",—,0 COP,"0,00 %","100,00 %"
alquiler de carros,Concordancia amplia,Nada,Búsqueda,Santa marta,alquiler de carros santa marta,0,5,"0,00",0 COP,"0,00 %",—,0 COP,"0,00 %","80,00 %"
alquiler de carros para viajar en colombia,Concordancia amplia,Nada,Búsqueda,Santa marta,alquiler de carros santa marta,0,1,"0,00",0 COP,"0,00 %",—,0 COP,—,—
alquiler de vehiculos en santa marta colombia,Concordancia amplia,Nada,Búsqueda,Santa marta,alquiler de carros santa marta,0,2,"0,00",0 COP,"0,00 %",—,0 COP,"0,00 %","100,00 %"
alquiler de vehículos,Concordancia amplia,Nada,Búsqueda,Santa marta,alquiler de carros santa marta,0,2,"0,00",0 COP,"0,00 %",—,0 COP,"0,00 %","50,00 %"
arrendar auto,Concordancia amplia,Nada,Búsqueda,Santa marta,alquiler de carros santa marta,0,1,"0,00",0 COP,"0,00 %",—,0 COP,"0,00 %","0,00 %"
autos santa marta,Concordancia amplia,Nada,Búsqueda,Santa marta,alquiler de carros santa marta,0,1,"0,00",0 COP,"0,00 %",—,0 COP,"0,00 %","100,00 %"
camionetas santa marta,Concordancia amplia,Nada,Búsqueda,Santa marta,alquiler de carros santa marta,0,2,"0,00",0 COP,"0,00 %",—,0 COP,"0,00 %","100,00 %"
carro alquilado,Concordancia amplia,Nada,Búsqueda,Santa marta,alquiler de carros santa marta,0,1,"0,00",0 COP,"0,00 %",—,0 COP,"0,00 %","100,00 %"
carro en santa marta,Concordancia amplia,Nada,Búsqueda,Santa marta,alquiler de carros santa marta,0,2,"0,00",0 COP,"0,00 %",—,0 COP,"0,00 %","100,00 %"
carro santa marta,Concordancia amplia,Nada,Búsqueda,Santa marta,alquiler de carros santa marta,0,8,"0,00",0 COP,"0,00 %",—,0 COP,"0,00 %","66,67 %"
carros alquiler,Concordancia amplia,Nada,Búsqueda,Santa marta,alquiler de carros santa marta,0,1,"0,00",0 COP,"0,00 %",—,0 COP,"0,00 %","0,00 %"
carros santa marta,Concordancia amplia,Nada,Búsqueda,Santa marta,alquiler de carros santa marta,0,6,"0,00",0 COP,"0,00 %",—,0 COP,"0,00 %","100,00 %"
costo de alquiler de carro,Concordancia amplia,Nada,Búsqueda,Santa marta,alquiler de carros santa marta,0,1,"0,00",0 COP,"0,00 %",—,0 COP,"0,00 %","100,00 %"
cuanto esta el alquiler de un auto,Concordancia amplia,Nada,Búsqueda,Santa marta,alquiler de carros santa marta,0,1,"0,00",0 COP,"0,00 %",—,0 COP,"0,00 %","0,00 %"
dh rent a car,Concordancia amplia,Nada,Búsqueda,Santa marta,alquiler de carros santa marta,0,2,"0,00",0 COP,"0,00 %",—,0 COP,"100,00 %","100,00 %"
empresa de alquiler de carros,Concordancia amplia,Nada,Búsqueda,Santa marta,alquiler de carros santa marta,0,1,"0,00",0 COP,"0,00 %",—,0 COP,"0,00 %","100,00 %"
empresas de renta de carros,Concordancia amplia,Nada,Búsqueda,Santa marta,alquiler de carros santa marta,0,1,"0,00",0 COP,"0,00 %",—,0 COP,"100,00 %","100,00 %"
premium rent a car,Concordancia amplia,Nada,Búsqueda,Santa marta,alquiler de carros santa marta,0,1,"0,00",0 COP,"0,00 %",—,0 COP,"0,00 %","100,00 %"
que cuesta rentar un carro,Concordancia amplia,Nada,Búsqueda,Santa marta,alquiler de carros santa marta,0,1,"0,00",0 COP,"0,00 %",—,0 COP,"0,00 %","0,00 %"
renta carro,Concordancia amplia,Nada,Búsqueda,Santa marta,alquiler de carros santa marta,0,2,"0,00",0 COP,"0,00 %",—,0 COP,"0,00 %","100,00 %"
renta cars,Concordancia amplia,Nada,Búsqueda,Santa marta,alquiler de carros santa marta,0,2,"0,00",0 COP,"0,00 %",—,0 COP,"50,00 %","100,00 %"
renta cart,Concordancia amplia,Nada,Búsqueda,Santa marta,alquiler de carros santa marta,0,1,"0,00",0 COP,"0,00 %",—,0 COP,"0,00 %","100,00 %"
renta de auto,Concordancia amplia,Nada,Búsqueda,Santa marta,alquiler de carros santa marta,0,2,"0,00",0 COP,"0,00 %",—,0 COP,"0,00 %","100,00 %"
renta de autos,Concordancia amplia,Nada,Búsqueda,Santa marta,alquiler de carros santa marta,0,1,"0,00",0 COP,"0,00 %",—,0 COP,"100,00 %","100,00 %"
renta de carro,Concordancia amplia,Nada,Búsqueda,Santa marta,alquiler de carros santa marta,0,3,"0,00",0 COP,"0,00 %",—,0 COP,"33,33 %","66,67 %"
renta de carros,Concordancia amplia,Nada,Búsqueda,Santa marta,alquiler de carros santa marta,0,2,"0,00",0 COP,"0,00 %",—,0 COP,"0,00 %","50,00 %"
renta de carros en colombia,Concordancia amplia,Nada,Búsqueda,Santa marta,alquiler de carros santa marta,0,1,"0,00",0 COP,"0,00 %",—,0 COP,"0,00 %","100,00 %"
renta de e,Concordancia amplia,Nada,Búsqueda,Santa marta,alquiler de carros santa marta,0,1,"0,00",0 COP,"0,00 %",—,0 COP,"0,00 %","0,00 %"
renta de vehiculo,Concordancia amplia,Nada,Búsqueda,Santa marta,alquiler de carros santa marta,0,1,"0,00",0 COP,"0,00 %",—,0 COP,"0,00 %","100,00 %"
rentacarro,Concordancia amplia,Nada,Búsqueda,Santa marta,alquiler de carros santa marta,0,1,"0,00",0 COP,"0,00 %",—,0 COP,"0,00 %","100,00 %"
rentadora de carros,Concordancia amplia,Nada,Búsqueda,Santa marta,alquiler de carros santa marta,0,1,"0,00",0 COP,"0,00 %",—,0 COP,"0,00 %","100,00 %"
rental car near me now,Concordancia amplia,Nada,Búsqueda,Santa marta,alquiler de carros santa marta,0,1,"0,00",0 COP,"0,00 %",—,0 COP,"0,00 %","100,00 %"
rentar autos cerca de mi,Concordancia amplia,Nada,Búsqueda,Santa marta,alquiler de carros santa marta,0,2,"0,00",0 COP,"0,00 %",—,0 COP,"0,00 %","50,00 %"
rentar carro,Concordancia amplia,Nada,Búsqueda,Santa marta,alquiler de carros santa marta,0,2,"0,00",0 COP,"0,00 %",—,0 COP,"0,00 %","100,00 %"
rentar carro cerca de mi,Concordancia amplia,Nada,Búsqueda,Santa marta,alquiler de carros santa marta,0,2,"0,00",0 COP,"0,00 %",—,0 COP,"0,00 %","100,00 %"
rentar un carro,Concordancia amplia,Nada,Búsqueda,Santa marta,alquiler de carros santa marta,0,2,"0,00",0 COP,"0,00 %",—,0 COP,"0,00 %","50,00 %"
requisitos para arrendar un carro,Concordancia amplia,Nada,Búsqueda,Santa marta,alquiler de carros santa marta,0,2,"0,00",0 COP,"0,00 %",—,0 COP,"100,00 %","100,00 %"
retcar,Concordancia amplia,Nada,Búsqueda,Santa marta,alquiler de carros santa marta,0,2,"0,00",0 COP,"0,00 %",—,0 COP,"100,00 %","100,00 %"
santa marta en carro,Concordancia amplia,Nada,Búsqueda,Santa marta,alquiler de carros santa marta,0,2,"0,00",0 COP,"0,00 %",—,0 COP,"0,00 %","0,00 %"
turroll,Concordancia amplia,Nada,Búsqueda,Santa marta,alquiler de carros santa marta,0,1,"0,00",0 COP,"0,00 %",—,0 COP,"0,00 %","100,00 %"
alquilar un carro en santa marta,Concordancia exacta (ligera variación),Nada,Búsqueda,Santa marta,alquiler de carros santa marta,0,4,"0,00",0 COP,"0,00 %",—,0 COP,"0,00 %","100,00 %"
alquiler carro santa marta colombia,Concordancia exacta (ligera variación),Nada,Búsqueda,Santa marta,alquiler de carros santa marta,0,1,"0,00",0 COP,"0,00 %",—,0 COP,"0,00 %","100,00 %"
alquiler carros santa marta colombia,Concordancia exacta (ligera variación),Nada,Búsqueda,Santa marta,alquiler de carros santa marta,0,1,"0,00",0 COP,"0,00 %",—,0 COP,"0,00 %","0,00 %"
alquiler de auto santa marta,Concordancia exacta (ligera variación),Nada,Búsqueda,Santa marta,alquiler de carros santa marta,0,4,"0,00",0 COP,"0,00 %",—,0 COP,"0,00 %","66,67 %"
alquiler de automoviles santa marta,Concordancia exacta (ligera variación),Nada,Búsqueda,Santa marta,alquiler de carros santa marta,0,2,"0,00",0 COP,"0,00 %",—,0 COP,"0,00 %","100,00 %"
alquiler de autos santa marta colombia,Concordancia exacta (ligera variación),Nada,Búsqueda,Santa marta,alquiler de carros santa marta,0,2,"0,00",0 COP,"0,00 %",—,0 COP,"0,00 %","50,00 %"
alquiler de carro en santa marta colombia,Concordancia exacta (ligera variación),Nada,Búsqueda,Santa marta,alquiler de carros santa marta,0,2,"0,00",0 COP,"0,00 %",—,0 COP,"100,00 %","100,00 %"
alquiler de coches en santa marta,Concordancia exacta (ligera variación),Nada,Búsqueda,Santa marta,alquiler de carros santa marta,0,5,"0,00",0 COP,"0,00 %",—,0 COP,"0,00 %","80,00 %"
alquiler de vehiculo santa marta,Concordancia exacta (ligera variación),Nada,Búsqueda,Santa marta,alquiler de carros santa marta,0,6,"0,00",0 COP,"0,00 %",—,0 COP,"0,00 %","100,00 %"
alquiler vehículo santa marta,Concordancia exacta (ligera variación),Nada,Búsqueda,Santa marta,alquiler de carros santa marta,0,1,"0,00",0 COP,"0,00 %",—,0 COP,"0,00 %","100,00 %"
arriendo de autos en santa marta colombia,Concordancia exacta (ligera variación),Nada,Búsqueda,Santa marta,alquiler de carros santa marta,0,1,"0,00",0 COP,"0,00 %",—,0 COP,"0,00 %","100,00 %"
car santa marta,Concordancia exacta (ligera variación),Nada,Búsqueda,Santa marta,alquiler de carros santa marta,0,1,"0,00",0 COP,"0,00 %",—,0 COP,"0,00 %","100,00 %"
carro alquiler santa marta,Concordancia exacta (ligera variación),Nada,Búsqueda,Santa marta,alquiler de carros santa marta,0,2,"0,00",0 COP,"0,00 %",—,0 COP,"0,00 %","100,00 %"
carro en santa marta,Concordancia exacta (ligera variación),Nada,Búsqueda,Santa marta,alquiler de carros santa marta,0,1,"0,00",0 COP,"0,00 %",—,0 COP,"0,00 %","100,00 %"
carros en alquiler santa marta,Concordancia exacta (ligera variación),Nada,Búsqueda,Santa marta,alquiler de carros santa marta,0,2,"0,00",0 COP,"0,00 %",—,0 COP,"0,00 %","100,00 %"
rent car santa marta colombia,Concordancia exacta (ligera variación),Nada,Búsqueda,Santa marta,alquiler de carros santa marta,0,1,"0,00",0 COP,"0,00 %",—,0 COP,"0,00 %","100,00 %"
renta auto santa marta,Concordancia exacta (ligera variación),Nada,Búsqueda,Santa marta,alquiler de carros santa marta,0,3,"0,00",0 COP,"0,00 %",—,0 COP,"0,00 %","66,67 %"
renta de autos en santa marta colombia,Concordancia exacta (ligera variación),Nada,Búsqueda,Santa marta,alquiler de carros santa marta,0,1,"0,00",0 COP,"0,00 %",—,0 COP,"0,00 %","100,00 %"
renta de carros santa marta colombia,Concordancia exacta (ligera variación),Nada,Búsqueda,Santa marta,alquiler de carros santa marta,0,1,"0,00",0 COP,"0,00 %",—,0 COP,"0,00 %","0,00 %"
renta de vehiculos en santa marta,Concordancia exacta (ligera variación),Nada,Búsqueda,Santa marta,alquiler de carros santa marta,0,2,"0,00",0 COP,"0,00 %",—,0 COP,"0,00 %","100,00 %"
rentar auto en santa marta,Concordancia exacta (ligera variación),Nada,Búsqueda,Santa marta,alquiler de carros santa marta,0,3,"0,00",0 COP,"0,00 %",—,0 COP,"0,00 %","100,00 %"
rentar carro en santa marta colombia,Concordancia exacta (ligera variación),Nada,Búsqueda,Santa marta,alquiler de carros santa marta,0,1,"0,00",0 COP,"0,00 %",—,0 COP,"0,00 %","100,00 %"
rentar carros santa marta,Concordancia exacta (ligera variación),Nada,Búsqueda,Santa marta,alquiler de carros santa marta,0,1,"0,00",0 COP,"0,00 %",—,0 COP,"0,00 %","0,00 %"
santa marta alquiler de carros,Concordancia exacta (ligera variación),Nada,Búsqueda,Santa marta,alquiler de carros santa marta,0,1,"0,00",0 COP,"0,00 %",—,0 COP,"0,00 %","100,00 %"
santa marta rent a car,Concordancia exacta (ligera variación),Nada,Búsqueda,Santa marta,alquiler de carros santa marta,0,2,"0,00",0 COP,"0,00 %",—,0 COP,"0,00 %","100,00 %"
alquiler carro 7 puestos santa marta,Concordancia de frase (ligera variación),Nada,Búsqueda,Santa marta,alquiler de carros santa marta,0,1,"0,00",0 COP,"0,00 %",—,0 COP,"0,00 %","100,00 %"
alquiler carro en santa marta,Concordancia de frase (ligera variación),Nada,Búsqueda,Santa marta,alquiler de carros santa marta,0,1,"0,00",0 COP,"0,00 %",—,0 COP,"0,00 %","0,00 %"
alquiler carros santa marta aeropuerto,Concordancia de frase (ligera variación),Nada,Búsqueda,Santa marta,alquiler de carros santa marta,0,1,"0,00",0 COP,"0,00 %",—,0 COP,"0,00 %","0,00 %"
alquiler vehiculos santa marta,Concordancia de frase (ligera variación),Nada,Búsqueda,Santa marta,alquiler de carros santa marta,0,1,"0,00",0 COP,"0,00 %",—,0 COP,"0,00 %","100,00 %"
rent a car santa marta,Concordancia de frase (ligera variación),Nada,Búsqueda,Santa marta,alquiler de carros santa marta,0,1,"0,00",0 COP,"0,00 %",—,0 COP,"0,00 %","100,00 %"
rent a car santa marta telefono,Concordancia de frase (ligera variación),Nada,Búsqueda,Santa marta,alquiler de carros santa marta,0,1,"0,00",0 COP,"0,00 %",—,0 COP,"0,00 %","100,00 %"
renta de carro santa marta,Concordancia de frase (ligera variación),Nada,Búsqueda,Santa marta,alquiler de carros santa marta,0,1,"0,00",0 COP,"0,00 %",—,0 COP,"0,00 %","100,00 %"
alquilar carros,Concordancia amplia,Nada,Búsqueda,Villavicencio,alquiler de carros villavicencio,0,1,"0,00",0 COP,"0,00 %",—,0 COP,"0,00 %","0,00 %"
alquilar un carro,Concordancia amplia,Nada,Búsqueda,Villavicencio,alquiler de carros villavicencio,0,1,"0,00",0 COP,"0,00 %",—,0 COP,"0,00 %","100,00 %"
alquiler carro,Concordancia amplia,Nada,Búsqueda,Villavicencio,alquiler de carros villavicencio,0,5,"0,00",0 COP,"0,00 %",—,0 COP,"20,00 %","100,00 %"
alquiler carro villavicencio,Concordancia amplia,Nada,Búsqueda,Villavicencio,alquiler de carros villavicencio,0,1,"0,00",0 COP,"0,00 %",—,0 COP,"100,00 %","100,00 %"
alquiler carros,Concordancia amplia,Nada,Búsqueda,Villavicencio,alquiler de carros villavicencio,0,4,"0,00",0 COP,"0,00 %",—,0 COP,"0,00 %","75,00 %"
alquiler de automóviles,Concordancia amplia,Nada,Búsqueda,Villavicencio,alquiler de carros villavicencio,0,2,"0,00",0 COP,"0,00 %",—,0 COP,"0,00 %","0,00 %"
alquiler de carro,Concordancia amplia,Nada,Búsqueda,Villavicencio,alquiler de carros villavicencio,0,5,"0,00",0 COP,"0,00 %",—,0 COP,"0,00 %","80,00 %"
alquiler de carros en colombia,Concordancia amplia,Nada,Búsqueda,Villavicencio,alquiler de carros villavicencio,0,1,"0,00",0 COP,"0,00 %",—,0 COP,"0,00 %","0,00 %"
alquiler de carros por dia,Concordancia amplia,Nada,Búsqueda,Villavicencio,alquiler de carros villavicencio,0,2,"0,00",0 COP,"0,00 %",—,0 COP,"50,00 %","100,00 %"
alquiler de coches,Concordancia amplia,Nada,Búsqueda,Villavicencio,alquiler de carros villavicencio,0,1,"0,00",0 COP,"0,00 %",—,0 COP,"0,00 %","100,00 %"
alquiler de vehículo,Concordancia amplia,Nada,Búsqueda,Villavicencio,alquiler de carros villavicencio,0,2,"0,00",0 COP,"0,00 %",—,0 COP,"0,00 %","100,00 %"
arriendo de vehículo,Concordancia amplia,Nada,Búsqueda,Villavicencio,alquiler de carros villavicencio,0,1,"0,00",0 COP,"0,00 %",—,0 COP,"0,00 %","100,00 %"
carros en renta,Concordancia amplia,Nada,Búsqueda,Villavicencio,alquiler de carros villavicencio,0,1,"0,00",0 COP,"0,00 %",—,0 COP,"100,00 %","100,00 %"
carros villavicencio,Concordancia amplia,Nada,Búsqueda,Villavicencio,alquiler de carros villavicencio,0,1,"0,00",0 COP,"0,00 %",—,0 COP,"0,00 %","100,00 %"
cuanto cuesta alquilar un carro por dia,Concordancia amplia,Nada,Búsqueda,Villavicencio,alquiler de carros villavicencio,0,1,"0,00",0 COP,"0,00 %",—,0 COP,"100,00 %","100,00 %"
cuanto cuesta el alquiler de un carro,Concordancia amplia,Nada,Búsqueda,Villavicencio,alquiler de carros villavicencio,0,2,"0,00",0 COP,"0,00 %",—,0 COP,"0,00 %","100,00 %"
cuanto vale alquiler de un carro,Concordancia amplia,Nada,Búsqueda,Villavicencio,alquiler de carros villavicencio,0,1,"0,00",0 COP,"0,00 %",—,0 COP,"0,00 %","100,00 %"
cuanto vale el alquiler de un carro,Concordancia amplia,Nada,Búsqueda,Villavicencio,alquiler de carros villavicencio,0,2,"0,00",0 COP,"0,00 %",—,0 COP,"50,00 %","100,00 %"
cuanto vale el alquiler de un carro en colombia,Concordancia amplia,Nada,Búsqueda,Villavicencio,alquiler de carros villavicencio,0,1,"0,00",0 COP,"0,00 %",—,0 COP,"0,00 %","100,00 %"
cuánto vale alquilar un carro,Concordancia amplia,Nada,Búsqueda,Villavicencio,alquiler de carros villavicencio,0,1,"0,00",0 COP,"0,00 %",—,0 COP,"0,00 %","100,00 %"
renta a car,Concordancia amplia,Nada,Búsqueda,Villavicencio,alquiler de carros villavicencio,0,2,"0,00",0 COP,"0,00 %",—,0 COP,"0,00 %","100,00 %"
renta de autos,Concordancia amplia,Nada,Búsqueda,Villavicencio,alquiler de carros villavicencio,0,1,"0,00",0 COP,"0,00 %",—,0 COP,"0,00 %","100,00 %"
renta de carro,Concordancia amplia,Nada,Búsqueda,Villavicencio,alquiler de carros villavicencio,0,1,"0,00",0 COP,"0,00 %",—,0 COP,"0,00 %","100,00 %"
renta de coche,Concordancia amplia,Nada,Búsqueda,Villavicencio,alquiler de carros villavicencio,0,2,"0,00",0 COP,"0,00 %",—,0 COP,"0,00 %","50,00 %"
renta un carro,Concordancia amplia,Nada,Búsqueda,Villavicencio,alquiler de carros villavicencio,0,1,"0,00",0 COP,"0,00 %",—,0 COP,"0,00 %","100,00 %"
renta vehiculos,Concordancia amplia,Nada,Búsqueda,Villavicencio,alquiler de carros villavicencio,0,1,"0,00",0 COP,"0,00 %",—,0 COP,"0,00 %","100,00 %"
rentacars,Concordancia amplia,Nada,Búsqueda,Villavicencio,alquiler de carros villavicencio,0,1,"0,00",0 COP,"0,00 %",—,0 COP,"0,00 %","0,00 %"
rental car,Concordancia amplia,Nada,Búsqueda,Villavicencio,alquiler de carros villavicencio,0,1,"0,00",0 COP,"0,00 %",—,0 COP,"0,00 %","0,00 %"
rentar carro,Concordancia amplia,Nada,Búsqueda,Villavicencio,alquiler de carros villavicencio,0,1,"0,00",0 COP,"0,00 %",—,0 COP,"0,00 %","0,00 %"
requisitos para alquilar un carro en colombia,Concordancia amplia,Nada,Búsqueda,Villavicencio,alquiler de carros villavicencio,0,1,"0,00",0 COP,"0,00 %",—,0 COP,"0,00 %","100,00 %"
alquiler carros en villavicencio,Concordancia exacta (ligera variación),Nada,Búsqueda,Villavicencio,alquiler de carros villavicencio,0,3,"0,00",0 COP,"0,00 %",—,0 COP,"33,33 %","100,00 %"
alquiler de autos villavicencio,Concordancia exacta (ligera variación),Nada,Búsqueda,Villavicencio,alquiler de carros villavicencio,0,7,"0,00",0 COP,"0,00 %",—,0 COP,"0,00 %","85,71 %"
alquiler de carros en villavicencio precio,Concordancia exacta (ligera variación),Nada,Búsqueda,Villavicencio,alquiler de carros villavicencio,0,2,"0,00",0 COP,"0,00 %",—,0 COP,"50,00 %","100,00 %"
alquiler de vehículos en villavicencio meta,Concordancia exacta (ligera variación),Nada,Búsqueda,Villavicencio,alquiler de carros villavicencio,0,1,"0,00",0 COP,"0,00 %",—,0 COP,"0,00 %","100,00 %"
renta de autos en villavicencio,Concordancia exacta (ligera variación),Nada,Búsqueda,Villavicencio,alquiler de carros villavicencio,0,1,"0,00",0 COP,"0,00 %",—,0 COP,"0,00 %","100,00 %"
villavicencio car rental,Concordancia exacta (ligera variación),Nada,Búsqueda,Villavicencio,alquiler de carros villavicencio,0,1,"0,00",0 COP,"0,00 %",—,0 COP,"0,00 %","100,00 %"
alquiler camionetas villavicencio,Concordancia de frase (ligera variación),Nada,Búsqueda,Villavicencio,alquiler de carros villavicencio,0,3,"0,00",0 COP,"0,00 %",—,0 COP,"0,00 %","100,00 %"
alquiler de camionetas 4x4 en villavicencio,Concordancia de frase (ligera variación),Nada,Búsqueda,Villavicencio,alquiler de carros villavicencio,0,2,"0,00",0 COP,"0,00 %",—,0 COP,"0,00 %","100,00 %"
agencia de alquiler de autos,Concordancia amplia,Nada,Búsqueda,Villavicencio,alquiler de carros en villavicencio,0,1,"0,00",0 COP,"0,00 %",—,0 COP,"0,00 %","0,00 %"
alquilar auto,Concordancia amplia,Nada,Búsqueda,Villavicencio,alquiler de carros en villavicencio,0,1,"0,00",0 COP,"0,00 %",—,0 COP,"0,00 %","0,00 %"
alquilar carro,Concordancia amplia,Nada,Búsqueda,Villavicencio,alquiler de carros en villavicencio,0,2,"0,00",0 COP,"0,00 %",—,0 COP,"50,00 %","100,00 %"
alquilar un carro,Concordancia amplia,Nada,Búsqueda,Villavicencio,alquiler de carros en villavicencio,0,1,"0,00",0 COP,"0,00 %",—,0 COP,"100,00 %","100,00 %"
alquiler carro,Concordancia amplia,Nada,Búsqueda,Villavicencio,alquiler de carros en villavicencio,0,2,"0,00",0 COP,"0,00 %",—,0 COP,"0,00 %","50,00 %"
alquiler de vehiculos,Concordancia amplia,Nada,Búsqueda,Villavicencio,alquiler de carros en villavicencio,0,1,"0,00",0 COP,"0,00 %",—,0 COP,"0,00 %","100,00 %"
autos villavicencio,Concordancia amplia,Nada,Búsqueda,Villavicencio,alquiler de carros en villavicencio,0,1,"0,00",0 COP,"0,00 %",—,0 COP,"100,00 %","100,00 %"
car for rental near me,Concordancia amplia,Nada,Búsqueda,Villavicencio,alquiler de carros en villavicencio,0,1,"0,00",0 COP,"0,00 %",—,0 COP,"0,00 %","100,00 %"
carros en renta,Concordancia amplia,Nada,Búsqueda,Villavicencio,alquiler de carros en villavicencio,0,2,"0,00",0 COP,"0,00 %",—,0 COP,"0,00 %","100,00 %"
cars for rent near me,Concordancia amplia,Nada,Búsqueda,Villavicencio,alquiler de carros en villavicencio,0,7,"0,00",0 COP,"0,00 %",—,0 COP,"16,67 %","100,00 %"
cuanto vale alquiler de carro por dia,Concordancia amplia,Nada,Búsqueda,Villavicencio,alquiler de carros en villavicencio,0,1,"0,00",0 COP,"0,00 %",—,0 COP,"0,00 %","100,00 %"
cuanto vale el alquiler de un carro por dia,Concordancia amplia,Nada,Búsqueda,Villavicencio,alquiler de carros en villavicencio,0,2,"0,00",0 COP,"0,00 %",—,0 COP,"100,00 %","100,00 %"
cuanto vale la alquilada de un carro,Concordancia amplia,Nada,Búsqueda,Villavicencio,alquiler de carros en villavicencio,0,1,"0,00",0 COP,"0,00 %",—,0 COP,"0,00 %","100,00 %"
cuánto cuesta alquilar un carro en colombia,Concordancia amplia,Nada,Búsqueda,Villavicencio,alquiler de carros en villavicencio,0,1,"0,00",0 COP,"0,00 %",—,0 COP,"0,00 %","100,00 %"
empresas de renta de carros,Concordancia amplia,Nada,Búsqueda,Villavicencio,alquiler de carros en villavicencio,0,2,"0,00",0 COP,"0,00 %",—,0 COP,"0,00 %","100,00 %"
rent car near me,Concordancia amplia,Nada,Búsqueda,Villavicencio,alquiler de carros en villavicencio,0,1,"0,00",0 COP,"0,00 %",—,0 COP,"0,00 %","0,00 %"
renta carros,Concordancia amplia,Nada,Búsqueda,Villavicencio,alquiler de carros en villavicencio,0,4,"0,00",0 COP,"0,00 %",—,0 COP,"100,00 %","100,00 %"
renta de autos,Concordancia amplia,Nada,Búsqueda,Villavicencio,alquiler de carros en villavicencio,0,1,"0,00",0 COP,"0,00 %",—,0 COP,"0,00 %","100,00 %"
rentacar,Concordancia amplia,Nada,Búsqueda,Villavicencio,alquiler de carros en villavicencio,0,4,"0,00",0 COP,"0,00 %",—,0 COP,"0,00 %","100,00 %"
rentacars,Concordancia amplia,Nada,Búsqueda,Villavicencio,alquiler de carros en villavicencio,0,1,"0,00",0 COP,"0,00 %",—,0 COP,"0,00 %","100,00 %"
rental car,Concordancia amplia,Nada,Búsqueda,Villavicencio,alquiler de carros en villavicencio,0,1,"0,00",0 COP,"0,00 %",—,0 COP,"0,00 %","100,00 %"
rentar carro,Concordancia amplia,Nada,Búsqueda,Villavicencio,alquiler de carros en villavicencio,0,2,"0,00",0 COP,"0,00 %",—,0 COP,"0,00 %","100,00 %"
alquiler de carros en villavicencio precio,Concordancia exacta (ligera variación),Nada,Búsqueda,Villavicencio,alquiler de carros en villavicencio,0,2,"0,00",0 COP,"0,00 %",—,0 COP,"0,00 %","100,00 %"
alquiler de vehículos en villavicencio meta,Concordancia exacta (ligera variación),Nada,Búsqueda,Villavicencio,alquiler de carros en villavicencio,0,3,"0,00",0 COP,"0,00 %",—,0 COP,"50,00 %","100,00 %"
alquiler de vehiculos villavicencio,Concordancia de frase (ligera variación),Nada,Búsqueda,Villavicencio,alquiler de carros en villavicencio,0,2,"0,00",0 COP,"0,00 %",—,0 COP,"0,00 %","100,00 %"
